Problema,Algoritmo,M (Objetivos),N (Variáveis),Semente,Hipervolume,IGDPlus,Spacing,Pareto Subset,Taxa de Erro
DTLZ3,NSGA2deap,7,16,1,,0.0,0.0,,
DTLZ3,NSGA2deap,7,16,2,,0.0,0.0,,
DTLZ3,NSGA2deap,7,16,3,,0.0,0.0,,
DTLZ3,NSGA2deap,7,16,4,,0.0,0.0,,
DTLZ3,NSGA2deap,7,16,5,,0.0,0.0,,
DTLZ3,NSGA2deap,7,16,6,,0.0,0.0,,
DTLZ3,NSGA2deap,7,16,7,,0.0,0.0,,
DTLZ3,NSGA2deap,7,16,8,,0.0,0.0,,
DTLZ3,NSGA2deap,7,16,9,,0.0,0.0,,
DTLZ3,NSGA2deap,7,16,10,,0.0,0.0,,
DTLZ3,NSGA2deap,7,16,11,,0.0,0.0,,
DTLZ3,NSGA2deap,7,16,12,,0.0,0.0,,
DTLZ3,NSGA2deap,7,16,13,,0.0,0.0,,
DTLZ3,NSGA2deap,7,16,14,,0.0,0.0,,
DTLZ3,NSGA2deap,7,16,15,,0.0,0.0,,
DTLZ3,NSGA2deap,7,16,16,,0.0,0.0,,
DTLZ3,NSGA2deap,7,16,17,,0.0,0.0,,
DTLZ3,NSGA2deap,7,16,18,,0.0,0.0,,
DTLZ3,NSGA2deap,7,16,19,,0.0,0.0,,
DTLZ3,NSGA2deap,7,16,20,,0.0,0.0,,
DTLZ3,NSGA2deap,7,16,21,,0.0,0.0,,
DTLZ3,NSGA2deap,7,16,22,,0.0,0.0,,
DTLZ3,NSGA2deap,7,16,23,,0.0,0.0,,
DTLZ3,NSGA2deap,7,16,24,,0.0,0.0,,
DTLZ3,NSGA2deap,7,16,25,,0.0,0.0,,
DTLZ3,NSGA2deap,7,16,26,,0.0,0.0,,
DTLZ3,NSGA2deap,7,16,27,,0.0,0.0,,
DTLZ3,NSGA2deap,7,16,28,,0.0,0.0,,
DTLZ3,NSGA2deap,7,16,29,,0.0,0.0,,
DTLZ3,NSGA2deap,7,16,30,,0.0,0.0,,
DTLZ3,MEAMT,7,16,1,1.8084679303130013,0.14301368621964353,0.03779729159020636,,
DTLZ3,MEAMT,7,16,2,1.8093448530080012,0.14301368621964353,0.03779729159020636,,
DTLZ3,MEAMT,7,16,3,1.8079612638670013,0.14301368621964353,0.03779729159020636,,
DTLZ3,MEAMT,7,16,4,1.8115469033310014,0.14301368621964353,0.03779729159020636,,
DTLZ3,MEAMT,7,16,5,1.8120925441190012,0.14301368621964353,0.03779729159020636,,
DTLZ3,MEAMT,7,16,6,1.8098515194540012,0.14301368621964353,0.03779729159020636,,
DTLZ3,MEAMT,7,16,7,1.8096761349150012,0.14301368621964353,0.03779729159020636,,
DTLZ3,MEAMT,7,16,8,1.8109233138590013,0.14301368621964353,0.03779729159020636,,
DTLZ3,MEAMT,7,16,9,1.8088186993910014,0.14301368621964353,0.03779729159020636,,
DTLZ3,MEAMT,7,16,10,1.8087017763650013,0.14301368621964353,0.03779729159020636,,
DTLZ3,MEAMT,7,16,11,1.8084289559710014,0.14301368621964353,0.03779729159020636,,
DTLZ3,MEAMT,7,16,12,1.8123653645130013,0.14301368621964353,0.03779729159020636,,
DTLZ3,MEAMT,7,16,13,1.8112351085950014,0.14301368621964353,0.03779729159020636,,
DTLZ3,MEAMT,7,16,14,1.8087017763650013,0.14301368621964353,0.03779729159020636,,
DTLZ3,MEAMT,7,16,15,1.8099489553090014,0.14301368621964353,0.03779729159020636,,
DTLZ3,MEAMT,7,16,16,1.8090720326140015,0.14301368621964353,0.03779729159020636,,
DTLZ3,MEAMT,7,16,17,1.8092084428110013,0.14301368621964353,0.03779729159020636,,
DTLZ3,MEAMT,7,16,18,1.8109817753720014,0.14301368621964353,0.03779729159020636,,
DTLZ3,MEAMT,7,16,19,1.8121899799740013,0.14301368621964353,0.03779729159020636,,
DTLZ3,MEAMT,7,16,20,1.8103192115580014,0.14301368621964353,0.03779729159020636,,
DTLZ3,MEAMT,7,16,21,1.8117807493830012,0.14301368621964353,0.03779729159020636,,
DTLZ3,MEAMT,7,16,22,1.8115663905020014,0.14301368621964353,0.03779729159020636,,
DTLZ3,MEAMT,7,16,23,1.8087797250490012,0.14301368621964353,0.03779729159020636,,
DTLZ3,MEAMT,7,16,24,1.8119756210930014,0.14301368621964353,0.03779729159020636,,
DTLZ3,MEAMT,7,16,25,1.8091499812980012,0.14301368621964353,0.03779729159020636,,
DTLZ3,MEAMT,7,16,26,1.8077469049860013,0.14301368621964353,0.03779729159020636,,
DTLZ3,MEAMT,7,16,27,1.8111961342530012,0.14301368621964353,0.03779729159020636,,
DTLZ3,MEAMT,7,16,28,1.8113910059630012,0.14301368621964353,0.03779729159020636,,
DTLZ3,MEAMT,7,16,29,1.8102217757030015,0.14301368621964353,0.03779729159020636,,
DTLZ3,MEAMT,7,16,30,1.8084289559710014,0.14301368621964353,0.03779729159020636,,
DTLZ3,NSGA3,7,16,1,0.5689084701740004,1.2086006956386397,0.21051932110167232,,
DTLZ3,NSGA3,7,16,2,0.5766059027190004,1.2086006956386397,0.21051932110167232,,
DTLZ3,NSGA3,7,16,3,0.5703505208280004,1.2086006956386397,0.21051932110167232,,
DTLZ3,NSGA3,7,16,4,0.5690838547130005,1.2086006956386397,0.21051932110167232,,
DTLZ3,NSGA3,7,16,5,0.5709546231290004,1.2086006956386397,0.21051932110167232,,
DTLZ3,NSGA3,7,16,6,0.5643679593310004,1.2086006956386397,0.21051932110167232,,
DTLZ3,NSGA3,7,16,7,0.5731566734520004,1.2086006956386397,0.21051932110167232,,
DTLZ3,NSGA3,7,16,8,0.5709546231290004,1.2086006956386397,0.21051932110167232,,
DTLZ3,NSGA3,7,16,9,0.5693761622780004,1.2086006956386397,0.21051932110167232,,
DTLZ3,NSGA3,7,16,10,0.5682459063600005,1.2086006956386397,0.21051932110167232,,
DTLZ3,NSGA3,7,16,11,0.5707597514190004,1.2086006956386397,0.21051932110167232,,
DTLZ3,NSGA3,7,16,12,0.5678756501110004,1.2086006956386397,0.21051932110167232,,
DTLZ3,NSGA3,7,16,13,0.5738387244370005,1.2086006956386397,0.21051932110167232,,
DTLZ3,NSGA3,7,16,14,0.5737802629240004,1.2086006956386397,0.21051932110167232,,
DTLZ3,NSGA3,7,16,15,0.5702920593150005,1.2086006956386397,0.21051932110167232,,
DTLZ3,NSGA3,7,16,16,0.5664335994570003,1.2086006956386397,0.21051932110167232,,
DTLZ3,NSGA3,7,16,17,0.5722797507570004,1.2086006956386397,0.21051932110167232,,
DTLZ3,NSGA3,7,16,18,0.5632571905840005,1.2086006956386397,0.21051932110167232,,
DTLZ3,NSGA3,7,16,19,0.5685966754380004,1.2086006956386397,0.21051932110167232,,
DTLZ3,NSGA3,7,16,20,0.5723771866120004,1.2086006956386397,0.21051932110167232,,
DTLZ3,NSGA3,7,16,21,0.5701751362890004,1.2086006956386397,0.21051932110167232,,
DTLZ3,NSGA3,7,16,22,0.5691812905680004,1.2086006956386397,0.21051932110167232,,
DTLZ3,NSGA3,7,16,23,0.5709935974710004,1.2086006956386397,0.21051932110167232,,
DTLZ3,NSGA3,7,16,24,0.5676028297170004,1.2086006956386397,0.21051932110167232,,
DTLZ3,NSGA3,7,16,25,0.5678756501110004,1.2086006956386397,0.21051932110167232,,
DTLZ3,NSGA3,7,16,26,0.5756120569980003,1.2086006956386397,0.21051932110167232,,
DTLZ3,NSGA3,7,16,27,0.5684212908990004,1.2086006956386397,0.21051932110167232,,
DTLZ3,NSGA3,7,16,28,0.5698633415530004,1.2086006956386397,0.21051932110167232,,
DTLZ3,NSGA3,7,16,29,0.5715392382590004,1.2086006956386397,0.21051932110167232,,
DTLZ3,NSGA3,7,16,30,0.5724941096380004,1.2086006956386397,0.21051932110167232,,
DTLZ3,MEAMT-ENXUTO,7,16,1,1.3379112121760008,0.17561533268267734,0.02695422016392673,,
DTLZ3,MEAMT-ENXUTO,7,16,2,1.337657878953001,0.17561533268267734,0.02695422016392673,,
DTLZ3,MEAMT-ENXUTO,7,16,3,1.3371317253360009,0.17561533268267734,0.02695422016392673,,
DTLZ3,MEAMT-ENXUTO,7,16,4,1.336858904942001,0.17561533268267734,0.02695422016392673,,
DTLZ3,MEAMT-ENXUTO,7,16,5,1.337540955927001,0.17561533268267734,0.02695422016392673,,
DTLZ3,MEAMT-ENXUTO,7,16,6,1.340541980261001,0.17561533268267734,0.02695422016392673,,
DTLZ3,MEAMT-ENXUTO,7,16,7,1.336722494745001,0.17561533268267734,0.02695422016392673,,
DTLZ3,MEAMT-ENXUTO,7,16,8,1.3434650559110008,0.17561533268267734,0.02695422016392673,,
DTLZ3,MEAMT-ENXUTO,7,16,9,1.337073263823001,0.17561533268267734,0.02695422016392673,,
DTLZ3,MEAMT-ENXUTO,7,16,10,1.336196341128001,0.17561533268267734,0.02695422016392673,,
DTLZ3,MEAMT-ENXUTO,7,16,11,1.3425101845320009,0.17561533268267734,0.02695422016392673,,
DTLZ3,MEAMT-ENXUTO,7,16,12,1.333546085872001,0.17561533268267734,0.02695422016392673,,
DTLZ3,MEAMT-ENXUTO,7,16,13,1.333585060214001,0.17561533268267734,0.02695422016392673,,
DTLZ3,MEAMT-ENXUTO,7,16,14,1.337501981585001,0.17561533268267734,0.02695422016392673,,
DTLZ3,MEAMT-ENXUTO,7,16,15,1.338378904280001,0.17561533268267734,0.02695422016392673,,
DTLZ3,MEAMT-ENXUTO,7,16,16,1.337735827637001,0.17561533268267734,0.02695422016392673,,
DTLZ3,MEAMT-ENXUTO,7,16,17,1.336936853626001,0.17561533268267734,0.02695422016392673,,
DTLZ3,MEAMT-ENXUTO,7,16,18,1.3360989052730008,0.17561533268267734,0.02695422016392673,,
DTLZ3,MEAMT-ENXUTO,7,16,19,1.341107108220001,0.17561533268267734,0.02695422016392673,,
DTLZ3,MEAMT-ENXUTO,7,16,20,1.340191211183001,0.17561533268267734,0.02695422016392673,,
DTLZ3,MEAMT-ENXUTO,7,16,21,1.3382424940830009,0.17561533268267734,0.02695422016392673,,
DTLZ3,MEAMT-ENXUTO,7,16,22,1.3441860812380009,0.17561533268267734,0.02695422016392673,,
DTLZ3,MEAMT-ENXUTO,7,16,23,1.3380086480310012,0.17561533268267734,0.02695422016392673,,
DTLZ3,MEAMT-ENXUTO,7,16,24,1.341107108220001,0.17561533268267734,0.02695422016392673,,
DTLZ3,MEAMT-ENXUTO,7,16,25,1.335611725998001,0.17561533268267734,0.02695422016392673,,
DTLZ3,MEAMT-ENXUTO,7,16,26,1.339099929607001,0.17561533268267734,0.02695422016392673,,
DTLZ3,MEAMT-ENXUTO,7,16,27,1.340347108551001,0.17561533268267734,0.02695422016392673,,
DTLZ3,MEAMT-ENXUTO,7,16,28,1.338593263161001,0.17561533268267734,0.02695422016392673,,
DTLZ3,MEAMT-ENXUTO,7,16,29,1.347732746360001,0.17561533268267734,0.02695422016392673,,
DTLZ3,MEAMT-ENXUTO,7,16,30,1.3300773694340011,0.17561533268267734,0.02695422016392673,,
DTLZ3,MOEAD,7,16,1,,0.0,0.0,,
DTLZ3,MOEAD,7,16,2,,0.0,0.0,,
DTLZ3,MOEAD,7,16,3,,0.0,0.0,,
DTLZ3,MOEAD,7,16,4,,0.0,0.0,,
DTLZ3,MOEAD,7,16,5,,0.0,0.0,,
DTLZ3,MOEAD,7,16,6,,0.0,0.0,,
DTLZ3,MOEAD,7,16,7,,0.0,0.0,,
DTLZ3,MOEAD,7,16,8,,0.0,0.0,,
DTLZ3,MOEAD,7,16,9,,0.0,0.0,,
DTLZ3,MOEAD,7,16,10,,0.0,0.0,,
DTLZ3,MOEAD,7,16,11,,0.0,0.0,,
DTLZ3,MOEAD,7,16,12,,0.0,0.0,,
DTLZ3,MOEAD,7,16,13,,0.0,0.0,,
DTLZ3,MOEAD,7,16,14,,0.0,0.0,,
DTLZ3,MOEAD,7,16,15,,0.0,0.0,,
DTLZ3,MOEAD,7,16,16,,0.0,0.0,,
DTLZ3,MOEAD,7,16,17,,0.0,0.0,,
DTLZ3,MOEAD,7,16,18,,0.0,0.0,,
DTLZ3,MOEAD,7,16,19,,0.0,0.0,,
DTLZ3,MOEAD,7,16,20,,0.0,0.0,,
DTLZ3,MOEAD,7,16,21,,0.0,0.0,,
DTLZ3,MOEAD,7,16,22,,0.0,0.0,,
DTLZ3,MOEAD,7,16,23,,0.0,0.0,,
DTLZ3,MOEAD,7,16,24,,0.0,0.0,,
DTLZ3,MOEAD,7,16,25,,0.0,0.0,,
DTLZ3,MOEAD,7,16,26,,0.0,0.0,,
DTLZ3,MOEAD,7,16,27,,0.0,0.0,,
DTLZ3,MOEAD,7,16,28,,0.0,0.0,,
DTLZ3,MOEAD,7,16,29,,0.0,0.0,,
DTLZ3,MOEAD,7,16,30,,0.0,0.0,,
DPF2,MEAMT,3,22,1,0.353502833769257,0.11131747905037313,0.05865422365725019,,
DPF2,MEAMT,3,22,2,0.353502833769257,0.11131747905037313,0.05865422365725019,,
DPF2,MEAMT,3,22,3,0.353502833769257,0.11131747905037313,0.05865422365725019,,
DPF2,MEAMT,3,22,4,0.353502833769257,0.11131747905037313,0.05865422365725019,,
DPF2,MEAMT,3,22,5,0.353502833769257,0.11131747905037313,0.05865422365725019,,
DPF2,MEAMT,3,22,6,0.353502833769257,0.11131747905037313,0.05865422365725019,,
DPF2,MEAMT,3,22,7,0.353502833769257,0.11131747905037313,0.05865422365725019,,
DPF2,MEAMT,3,22,8,0.353502833769257,0.11131747905037313,0.05865422365725019,,
DPF2,MEAMT,3,22,9,0.353502833769257,0.11131747905037313,0.05865422365725019,,
DPF2,MEAMT,3,22,10,0.353502833769257,0.11131747905037313,0.05865422365725019,,
DPF2,MEAMT,3,22,11,0.353502833769257,0.11131747905037313,0.05865422365725019,,
DPF2,MEAMT,3,22,12,0.353502833769257,0.11131747905037313,0.05865422365725019,,
DPF2,MEAMT,3,22,13,0.353502833769257,0.11131747905037313,0.05865422365725019,,
DPF2,MEAMT,3,22,14,0.353502833769257,0.11131747905037313,0.05865422365725019,,
DPF2,MEAMT,3,22,15,0.353502833769257,0.11131747905037313,0.05865422365725019,,
DPF2,MEAMT,3,22,16,0.353502833769257,0.11131747905037313,0.05865422365725019,,
DPF2,MEAMT,3,22,17,0.353502833769257,0.11131747905037313,0.05865422365725019,,
DPF2,MEAMT,3,22,18,0.353502833769257,0.11131747905037313,0.05865422365725019,,
DPF2,MEAMT,3,22,19,0.353502833769257,0.11131747905037313,0.05865422365725019,,
DPF2,MEAMT,3,22,20,0.353502833769257,0.11131747905037313,0.05865422365725019,,
DPF2,MEAMT,3,22,21,0.353502833769257,0.11131747905037313,0.05865422365725019,,
DPF2,MEAMT,3,22,22,0.353502833769257,0.11131747905037313,0.05865422365725019,,
DPF2,MEAMT,3,22,23,0.353502833769257,0.11131747905037313,0.05865422365725019,,
DPF2,MEAMT,3,22,24,0.353502833769257,0.11131747905037313,0.05865422365725019,,
DPF2,MEAMT,3,22,25,0.353502833769257,0.11131747905037313,0.05865422365725019,,
DPF2,MEAMT,3,22,26,0.353502833769257,0.11131747905037313,0.05865422365725019,,
DPF2,MEAMT,3,22,27,0.353502833769257,0.11131747905037313,0.05865422365725019,,
DPF2,MEAMT,3,22,28,0.353502833769257,0.11131747905037313,0.05865422365725019,,
DPF2,MEAMT,3,22,29,0.353502833769257,0.11131747905037313,0.05865422365725019,,
DPF2,MEAMT,3,22,30,0.353502833769257,0.11131747905037313,0.05865422365725019,,
DPF2,NSGA3,3,22,1,0.4696531762641774,0.013995379539397026,0.217342784986605,,
DPF2,NSGA3,3,22,2,0.4696440202180726,0.014001042415567575,0.21590611592710357,,
DPF2,NSGA3,3,22,3,0.4696306819605588,0.013989656210463905,0.2175132852478652,,
DPF2,NSGA3,3,22,4,0.4696514810754479,0.013995716289687422,0.21779270350117705,,
DPF2,NSGA3,3,22,5,0.46962407619399527,0.014019215660409381,0.21677963347872833,,
DPF2,NSGA3,3,22,6,0.4696499174077279,0.013996120756845538,0.2170283318944468,,
DPF2,NSGA3,3,22,7,0.46964649200807895,0.01400175056247564,0.21672561454470457,,
DPF2,NSGA3,3,22,8,0.46965378380735723,0.01400200081586511,0.21751413078818915,,
DPF2,NSGA3,3,22,9,0.4696476167742272,0.013997495411068095,0.2174594735127194,,
DPF2,NSGA3,3,22,10,0.4696469587797754,0.013995343881787243,0.216946413731719,,
DPF2,NSGA3,3,22,11,0.4696375751643773,0.013984527789521155,0.21636303777071372,,
DPF2,NSGA3,3,22,12,0.4696179178939287,0.014012804760875713,0.21839927953742017,,
DPF2,NSGA3,3,22,13,0.46961518508485023,0.014024591672362391,0.21746087082127552,,
DPF2,NSGA3,3,22,14,0.4696447086690096,0.01399218945733294,0.2177485297992535,,
DPF2,NSGA3,3,22,15,0.46963556694404784,0.014010953142303453,0.21688128222468153,,
DPF2,NSGA3,3,22,16,0.4696472745750778,0.013997697607969982,0.2181893288676346,,
DPF2,NSGA3,3,22,17,0.46964953751927835,0.01399276693476957,0.21726217191929134,,
DPF2,NSGA3,3,22,18,0.46963227985932976,0.01400896035183556,0.21502835322194247,,
DPF2,NSGA3,3,22,19,0.46960554406890836,0.014093452586255115,0.21506097384571446,,
DPF2,NSGA3,3,22,20,0.46964264541331013,0.01400784804654072,0.2169831375785446,,
DPF2,NSGA3,3,22,21,0.4696572075384448,0.013991031724662187,0.2175951504690703,,
DPF2,NSGA3,3,22,22,0.4696417176748271,0.014001238240890003,0.2167455641535353,,
DPF2,NSGA3,3,22,23,0.46965817938647003,0.01401110144079174,0.21814270172884376,,
DPF2,NSGA3,3,22,24,0.4696517771554449,0.013993426035600394,0.21764726199974843,,
DPF2,NSGA3,3,22,25,0.46960750662246453,0.014035032127991853,0.21925126672304973,,
DPF2,NSGA3,3,22,26,0.46964414652622066,0.013985764506373448,0.21722074718226403,,
DPF2,NSGA3,3,22,27,0.4696441982407644,0.01399809343632146,0.21635369630434728,,
DPF2,NSGA3,3,22,28,0.46964133704992583,0.014001867408937357,0.21644032254874407,,
DPF2,NSGA3,3,22,29,0.4696448868526408,0.01400627281397789,0.2157499627863016,,
DPF2,NSGA3,3,22,30,0.46963527058251,0.013999065580505876,0.21900050402957033,,
DPF2,MOEAD,3,22,1,0.19752731243202878,0.4497635351776155,0.005621370968922406,,
DPF2,MOEAD,3,22,2,0.29503159693622977,0.3557615244886182,0.06297140719338454,,
DPF2,MOEAD,3,22,3,0.29502565437338396,0.3557681868080181,0.06298544675494126,,
DPF2,MOEAD,3,22,4,0.29506223615946336,0.35572276895796784,0.06294838255373206,,
DPF2,MOEAD,3,22,5,0.2949981539263431,0.35575661771327055,0.06302519494987284,,
DPF2,MOEAD,3,22,6,0.2950193597828136,0.35577582538355046,0.0629924192775517,,
DPF2,MOEAD,3,22,7,0.29499945936716987,0.3558008356562038,0.06301870945402317,,
DPF2,MOEAD,3,22,8,0.2946092508504535,0.3562805761455414,0.06348916384216342,,
DPF2,MOEAD,3,22,9,0.2949513933922825,0.3558584189674447,0.06318986894738599,,
DPF2,MOEAD,3,22,10,0.2950114988425402,0.3557848467962897,0.06301566032642239,,
DPF2,MOEAD,3,22,11,0.2949997412343718,0.35580263725898537,0.06297786327142593,,
DPF2,MOEAD,3,22,12,0.29501236808218056,0.3557859995548948,0.06297481452782551,,
DPF2,MOEAD,3,22,13,0.29507450509500055,0.35571002860200485,0.06290666668390592,,
DPF2,MOEAD,3,22,14,0.29495208781189547,0.35586491366983075,0.0629729146088979,,
DPF2,MOEAD,3,22,15,0.29505234899952715,0.35573688211602705,0.0629261299005973,,
DPF2,MOEAD,3,22,16,0.2949459382993946,0.3558647186531152,0.0630903501086374,,
DPF2,MOEAD,3,22,17,0.29501019727867217,0.35578675496196394,0.06301358318038948,,
DPF2,MOEAD,3,22,18,0.29504720059320555,0.35574341318794733,0.06292408924088251,,
DPF2,MOEAD,3,22,19,0.2949985336293983,0.355804385746168,0.06298159574234727,,
DPF2,MOEAD,3,22,20,0.2948829728153996,0.35594249967616143,0.06313802959506525,,
DPF2,MOEAD,3,22,21,0.29504373365192305,0.35574888284552225,0.06290206577016473,,
DPF2,MOEAD,3,22,22,0.29470002998077216,0.3561660564922177,0.06337858537596644,,
DPF2,MOEAD,3,22,23,0.295042029255401,0.35574842531348927,0.06306176016534755,,
DPF2,MOEAD,3,22,24,0.2949245918870794,0.35589114246762726,0.06321111241397703,,
DPF2,MOEAD,3,22,25,0.29501424576636903,0.35578161162701377,0.06300857502684387,,
DPF2,MOEAD,3,22,26,0.29498367109918916,0.35582462797124964,0.06296886851855443,,
DPF2,MOEAD,3,22,27,0.29499250484447037,0.35581126661075946,0.0629982640722508,,
DPF2,MOEAD,3,22,28,0.29503177109090345,0.3557616181690519,0.06296962131114033,,
DPF2,MOEAD,3,22,29,0.2950465778704747,0.35574294430929126,0.06306048370438522,,
DPF2,MOEAD,3,22,30,0.29496294737051604,0.35584562133844605,0.06316804486936733,,
DPF2,NSGA2deap,3,22,1,0.4834081716389388,0.0009098201574156494,0.012292424720642337,,
DPF2,NSGA2deap,3,22,2,0.4834062641499821,0.0009051444461455244,0.010913545952648325,,
DPF2,NSGA2deap,3,22,3,0.4834374335457212,0.0008821916085007527,0.01366218595436473,,
DPF2,NSGA2deap,3,22,4,0.4834306597390583,0.0009028984777063986,0.012850994522326733,,
DPF2,NSGA2deap,3,22,5,0.483449196196268,0.0008459355633206159,0.011815867653128437,,
DPF2,NSGA2deap,3,22,6,0.48343995096979975,0.0008781967366639779,0.01277318203918572,,
DPF2,NSGA2deap,3,22,7,0.483420392501434,0.0008999146225856938,0.012623839325928705,,
DPF2,NSGA2deap,3,22,8,0.48336433285517943,0.0009024558110398085,0.0132184818677382,,
DPF2,NSGA2deap,3,22,9,0.48343179424370636,0.0009083765802285701,0.012515300182542523,,
DPF2,NSGA2deap,3,22,10,0.4834347424808184,0.0008433107047348042,0.013413616482818368,,
DPF2,NSGA2deap,3,22,11,0.4833996830768418,0.0009300125681036133,0.012833679042872614,,
DPF2,NSGA2deap,3,22,12,0.48339440837371433,0.0009277591623080207,0.012043353990800003,,
DPF2,NSGA2deap,3,22,13,0.4834354238695894,0.0008751707419553204,0.014955801144463923,,
DPF2,NSGA2deap,3,22,14,0.48340309806764825,0.0009114748793323294,0.013904124378160824,,
DPF2,NSGA2deap,3,22,15,0.4834348066134282,0.0008870794981927462,0.012382496597266104,,
DPF2,NSGA2deap,3,22,16,0.4834224352414872,0.0009107749071971033,0.013446869736195159,,
DPF2,NSGA2deap,3,22,17,0.48345306449055625,0.0008717115774597483,0.013350597325105256,,
DPF2,NSGA2deap,3,22,18,0.48342186718426583,0.0008925607830875808,0.011692059503057494,,
DPF2,NSGA2deap,3,22,19,0.4834118863725596,0.0009096374334550628,0.012621271159636387,,
DPF2,NSGA2deap,3,22,20,0.4834157652601462,0.0009648462547117209,0.013742903098046247,,
DPF2,NSGA2deap,3,22,21,0.4834126717270431,0.0009313277800400425,0.012971929402631475,,
DPF2,NSGA2deap,3,22,22,0.4834378560920385,0.0008807518107547796,0.012967222526094153,,
DPF2,NSGA2deap,3,22,23,0.4834340308091264,0.0008910207754732169,0.012147169814823038,,
DPF2,NSGA2deap,3,22,24,0.48341983305738034,0.0009243882835234224,0.012858562626995763,,
DPF2,NSGA2deap,3,22,25,0.48341187919290834,0.0008897804803754845,0.0132500702504222,,
DPF2,NSGA2deap,3,22,26,0.48347297922830046,0.0009015940139956845,0.012937530090949823,,
DPF2,NSGA2deap,3,22,27,0.48341511707115237,0.0008857501043840863,0.012912640808521456,,
DPF2,NSGA2deap,3,22,28,0.48345619235654314,0.0008810285417001321,0.011657739863768132,,
DPF2,NSGA2deap,3,22,29,0.4834481670242048,0.0008838657546981844,0.012645478703439648,,
DPF2,NSGA2deap,3,22,30,0.4834199608942056,0.0008890813913643948,0.012616875970252345,,
DPF2,MEAMT-ENXUTO,3,22,1,0.3568313058250835,0.13677857478430427,0.07926930536447296,,
DPF2,MEAMT-ENXUTO,3,22,2,0.38309524759437563,0.07870437201051926,0.06986861839922734,,
DPF2,MEAMT-ENXUTO,3,22,3,0.3777246126635243,0.08874215050275665,0.04441207523279308,,
DPF2,MEAMT-ENXUTO,3,22,4,0.37546164043183444,0.08802655427146747,0.0899009338433079,,
DPF2,MEAMT-ENXUTO,3,22,5,0.3426894573118235,0.11907437285736132,0.04455165184566114,,
DPF2,MEAMT-ENXUTO,3,22,6,0.3952344223967635,0.05028251228692439,0.11044522253710513,,
DPF2,MEAMT-ENXUTO,3,22,7,0.4050529407362686,0.056026192631837834,0.06016128408612221,,
DPF2,MEAMT-ENXUTO,3,22,8,0.3798147568064173,0.08070243393730693,0.05964430315043238,,
DPF2,MEAMT-ENXUTO,3,22,9,0.3732318206960996,0.08865897957440771,0.12159541303349526,,
DPF2,MEAMT-ENXUTO,3,22,10,0.35381181317788934,0.11829097053716378,0.12093360494800731,,
DPF2,MEAMT-ENXUTO,3,22,11,0.36423998936403923,0.11354502246866408,0.03384325483775305,,
DPF2,MEAMT-ENXUTO,3,22,12,0.3542223730831175,0.09823277997935224,0.03672443174077177,,
DPF2,MEAMT-ENXUTO,3,22,13,0.3743305042571289,0.0845894316811567,0.10981161956062849,,
DPF2,MEAMT-ENXUTO,3,22,14,0.39319255697697986,0.05701979185539061,0.05913420028180789,,
DPF2,MEAMT-ENXUTO,3,22,15,0.37040357387481515,0.1010004375749654,0.09979007186516317,,
DPF2,MEAMT-ENXUTO,3,22,16,0.3700031543538053,0.07900542197391491,0.1030856324369122,,
DPF2,MEAMT-ENXUTO,3,22,17,0.39797717195173543,0.04954218410427617,0.08413961950101755,,
DPF2,MEAMT-ENXUTO,3,22,18,0.3769892636761827,0.08952037093256601,0.08114457449376689,,
DPF2,MEAMT-ENXUTO,3,22,19,0.3747491605013856,0.10043931306325568,0.09821628031255157,,
DPF2,MEAMT-ENXUTO,3,22,20,0.37694701700097655,0.078733016719484,0.08175533051860132,,
DPF2,MEAMT-ENXUTO,3,22,21,0.4267165093088985,0.0559579840270276,0.10665280558053213,,
DPF2,MEAMT-ENXUTO,3,22,22,0.37110120669157964,0.1039097038321818,0.0867504929579364,,
DPF2,MEAMT-ENXUTO,3,22,23,0.4234825885321872,0.037917933861075385,0.09079276337999101,,
DPF2,MEAMT-ENXUTO,3,22,24,0.3782515285915916,0.07390605877728432,0.07979964320561216,,
DPF2,MEAMT-ENXUTO,3,22,25,0.3495655286190923,0.11151413050254097,0.03099475774992953,,
DPF2,MEAMT-ENXUTO,3,22,26,0.3591722168476939,0.09965764283492867,0.0630870963236332,,
DPF2,MEAMT-ENXUTO,3,22,27,0.3830377779639621,0.08531911187890717,0.09267598572291412,,
DPF2,MEAMT-ENXUTO,3,22,28,0.38859065077201616,0.0665890480147017,0.04861955624817384,,
DPF2,MEAMT-ENXUTO,3,22,29,0.35685514329950996,0.10376801833770041,0.06981866774943712,,
DPF2,MEAMT-ENXUTO,3,22,30,0.43292838347021245,0.03185304568385607,0.11337721304039429,,
DPF1,NSGA2deap,3,22,1,0.8751513278871688,0.004114427732205743,0.0016760750849320253,,
DPF1,NSGA2deap,3,22,2,0.8756391891347619,0.003670542401776349,0.0015530436806736974,,
DPF1,NSGA2deap,3,22,3,0.8772156776632911,0.002252236217040427,0.0015735413318069113,,
DPF1,NSGA2deap,3,22,4,0.8762357501700833,0.0031030166993460295,0.001642936250529101,,
DPF1,NSGA2deap,3,22,5,0.8767149450708136,0.002688794265208193,0.0015091003099923469,,
DPF1,NSGA2deap,3,22,6,0.8765535201849808,0.0028160815632479828,0.001534764650791986,,
DPF1,NSGA2deap,3,22,7,0.8755890641156691,0.0036860675943491046,0.0016600128434580183,,
DPF1,NSGA2deap,3,22,8,0.875928102345712,0.003437080196591897,0.00154003333473497,,
DPF1,NSGA2deap,3,22,9,0.8764892072810764,0.0028724994292127293,0.0016369352803359079,,
DPF1,NSGA2deap,3,22,10,0.8759394273526271,0.0033731275498678458,0.0016286890060550458,,
DPF1,NSGA2deap,3,22,11,0.877375993824337,0.0021254744576219313,0.0014822259320312408,,
DPF1,NSGA2deap,3,22,12,0.8771429776941662,0.0023077110059599466,0.0016977911427268303,,
DPF1,NSGA2deap,3,22,13,0.8775206465950884,0.001989695820616544,0.0015332837172961915,,
DPF1,NSGA2deap,3,22,14,0.8767376934599718,0.002757361186994451,0.001715205603736958,,
DPF1,NSGA2deap,3,22,15,0.8766150407828524,0.0027681475630320254,0.0016327891215331151,,
DPF1,NSGA2deap,3,22,16,0.8758481867834828,0.0034123610669751798,0.0016320001933945898,,
DPF1,NSGA2deap,3,22,17,0.8774305235552945,0.0020816875674711803,0.0014811121537388718,,
DPF1,NSGA2deap,3,22,18,0.8769713870029835,0.0024671318403868352,0.0016159404361663079,,
DPF1,NSGA2deap,3,22,19,0.8775119666607455,0.0020284907509611734,0.001652856504761187,,
DPF1,NSGA2deap,3,22,20,0.8775719281713961,0.001946743174331433,0.0015575747890152142,,
DPF1,NSGA2deap,3,22,21,0.876625897638157,0.0027469372544197115,0.001675424263007262,,
DPF1,NSGA2deap,3,22,22,0.8777242095670197,0.0018466696648198947,0.0016163645288517923,,
DPF1,NSGA2deap,3,22,23,0.8743584039060117,0.004871537062151131,0.0016191162936590657,,
DPF1,NSGA2deap,3,22,24,0.8766904137569655,0.0027892906778224594,0.0015278384244829504,,
DPF1,NSGA2deap,3,22,25,0.8766325619885416,0.0027408123650111,0.0016859396280469016,,
DPF1,NSGA2deap,3,22,26,0.8772933792432787,0.0022208825868086923,0.0015649786828329528,,
DPF1,NSGA2deap,3,22,27,0.8756018823614248,0.003698621386733017,0.001468600113268221,,
DPF1,NSGA2deap,3,22,28,0.8763799280642375,0.0029854850210966517,0.0016034784305049247,,
DPF1,NSGA2deap,3,22,29,0.8770613668595608,0.0023861521267328732,0.0015108327132305442,,
DPF1,NSGA2deap,3,22,30,0.8770661084685911,0.0024036497938130738,0.0015626681665955003,,
DPF1,MOEAD,3,22,1,,0.0,0.0,,
DPF1,MOEAD,3,22,2,,0.0,0.0,,
DPF1,MOEAD,3,22,3,,0.0,0.0,,
DPF1,MOEAD,3,22,4,,0.0,0.0,,
DPF1,MOEAD,3,22,5,,0.0,0.0,,
DPF1,MOEAD,3,22,6,,0.0,0.0,,
DPF1,MOEAD,3,22,7,,0.0,0.0,,
DPF1,MOEAD,3,22,8,,0.0,0.0,,
DPF1,MOEAD,3,22,9,,0.0,0.0,,
DPF1,MOEAD,3,22,10,,0.0,0.0,,
DPF1,MOEAD,3,22,11,,0.0,0.0,,
DPF1,MOEAD,3,22,12,,0.0,0.0,,
DPF1,MOEAD,3,22,13,,0.0,0.0,,
DPF1,MOEAD,3,22,14,,0.0,0.0,,
DPF1,MOEAD,3,22,15,,0.0,0.0,,
DPF1,MOEAD,3,22,16,,0.0,0.0,,
DPF1,MOEAD,3,22,17,,0.0,0.0,,
DPF1,MOEAD,3,22,18,,0.0,0.0,,
DPF1,MOEAD,3,22,19,,0.0,0.0,,
DPF1,MOEAD,3,22,20,,0.0,0.0,,
DPF1,MOEAD,3,22,21,,0.0,0.0,,
DPF1,MOEAD,3,22,22,,0.0,0.0,,
DPF1,MOEAD,3,22,23,,0.0,0.0,,
DPF1,MOEAD,3,22,24,,0.0,0.0,,
DPF1,MOEAD,3,22,25,,0.0,0.0,,
DPF1,MOEAD,3,22,26,,0.0,0.0,,
DPF1,MOEAD,3,22,27,,0.0,0.0,,
DPF1,MOEAD,3,22,28,,0.0,0.0,,
DPF1,MOEAD,3,22,29,,0.0,0.0,,
DPF1,MOEAD,3,22,30,,0.0,0.0,,
DPF1,MEAMT,3,22,1,0.7896970277063438,0.07462270698486141,0.007430375040265989,,
DPF1,MEAMT,3,22,2,0.7896970277063438,0.07462270698486141,0.007430375040265989,,
DPF1,MEAMT,3,22,3,0.7896970277063438,0.07462270698486141,0.007430375040265989,,
DPF1,MEAMT,3,22,4,0.7896970277063438,0.07462270698486141,0.007430375040265989,,
DPF1,MEAMT,3,22,5,0.7896970277063438,0.07462270698486141,0.007430375040265989,,
DPF1,MEAMT,3,22,6,0.7896970277063438,0.07462270698486141,0.007430375040265989,,
DPF1,MEAMT,3,22,7,0.7896970277063438,0.07462270698486141,0.007430375040265989,,
DPF1,MEAMT,3,22,8,0.7896970277063438,0.07462270698486141,0.007430375040265989,,
DPF1,MEAMT,3,22,9,0.7896970277063438,0.07462270698486141,0.007430375040265989,,
DPF1,MEAMT,3,22,10,0.7896970277063438,0.07462270698486141,0.007430375040265989,,
DPF1,MEAMT,3,22,11,0.7896970277063438,0.07462270698486141,0.007430375040265989,,
DPF1,MEAMT,3,22,12,0.7896970277063438,0.07462270698486141,0.007430375040265989,,
DPF1,MEAMT,3,22,13,0.7896970277063438,0.07462270698486141,0.007430375040265989,,
DPF1,MEAMT,3,22,14,0.7896970277063438,0.07462270698486141,0.007430375040265989,,
DPF1,MEAMT,3,22,15,0.7896970277063438,0.07462270698486141,0.007430375040265989,,
DPF1,MEAMT,3,22,16,0.7896970277063438,0.07462270698486141,0.007430375040265989,,
DPF1,MEAMT,3,22,17,0.7896970277063438,0.07462270698486141,0.007430375040265989,,
DPF1,MEAMT,3,22,18,0.7896970277063438,0.07462270698486141,0.007430375040265989,,
DPF1,MEAMT,3,22,19,0.7896970277063438,0.07462270698486141,0.007430375040265989,,
DPF1,MEAMT,3,22,20,0.7896970277063438,0.07462270698486141,0.007430375040265989,,
DPF1,MEAMT,3,22,21,0.7896970277063438,0.07462270698486141,0.007430375040265989,,
DPF1,MEAMT,3,22,22,0.7896970277063438,0.07462270698486141,0.007430375040265989,,
DPF1,MEAMT,3,22,23,0.7896970277063438,0.07462270698486141,0.007430375040265989,,
DPF1,MEAMT,3,22,24,0.7896970277063438,0.07462270698486141,0.007430375040265989,,
DPF1,MEAMT,3,22,25,0.7896970277063438,0.07462270698486141,0.007430375040265989,,
DPF1,MEAMT,3,22,26,0.7896970277063438,0.07462270698486141,0.007430375040265989,,
DPF1,MEAMT,3,22,27,0.7896970277063438,0.07462270698486141,0.007430375040265989,,
DPF1,MEAMT,3,22,28,0.7896970277063438,0.07462270698486141,0.007430375040265989,,
DPF1,MEAMT,3,22,29,0.7896970277063438,0.07462270698486141,0.007430375040265989,,
DPF1,MEAMT,3,22,30,0.7896970277063438,0.07462270698486141,0.007430375040265989,,
DPF1,MEAMT-ENXUTO,3,22,1,0.8627717576200362,0.015101747520952662,0.0031923924675867576,,
DPF1,MEAMT-ENXUTO,3,22,2,0.7349534306595579,0.18543994995346327,0.002316183663575752,,
DPF1,MEAMT-ENXUTO,3,22,3,0.8484956226381017,0.02994514338784931,0.003038720724978777,,
DPF1,MEAMT-ENXUTO,3,22,4,0.8589914868715915,0.01670705021639687,0.007142574641155633,,
DPF1,MEAMT-ENXUTO,3,22,5,0.809865275298104,0.08149712512957429,0.0034919520118158257,,
DPF1,MEAMT-ENXUTO,3,22,6,0.7603313451423744,0.09330596107175487,0.008859078615562862,,
DPF1,MEAMT-ENXUTO,3,22,7,0.8636309276324656,0.01486698447496751,0.0030986813039072143,,
DPF1,MEAMT-ENXUTO,3,22,8,0.8113589657956912,0.05365871481216484,0.007077323812942574,,
DPF1,MEAMT-ENXUTO,3,22,9,0.8503751035055054,0.02761569718792767,0.004184016700610563,,
DPF1,MEAMT-ENXUTO,3,22,10,0.8561531287488737,0.017670614458389685,0.003946197476808165,,
DPF1,MEAMT-ENXUTO,3,22,11,0.7976592979600516,0.06955023446394819,0.007850019026575427,,
DPF1,MEAMT-ENXUTO,3,22,12,0.8054191236432245,0.06161987361783233,0.009349584199841408,,
DPF1,MEAMT-ENXUTO,3,22,13,0.8504526748823109,0.02444252650575052,0.006633056178947969,,
DPF1,MEAMT-ENXUTO,3,22,14,0.7472041483990394,0.11587145875901687,0.0044917665518675815,,
DPF1,MEAMT-ENXUTO,3,22,15,0.8461689293813395,0.02787107827385226,0.00428975171623342,,
DPF1,MEAMT-ENXUTO,3,22,16,0.823748480192682,0.04371381280168383,0.0169366866534105,,
DPF1,MEAMT-ENXUTO,3,22,17,0.8643244837010974,0.013349970173838033,0.004726167585330955,,
DPF1,MEAMT-ENXUTO,3,22,18,0.8325819555366454,0.03748834275466372,0.00405846141175829,,
DPF1,MEAMT-ENXUTO,3,22,19,0.8409046471591772,0.034986543392988824,0.007583458993604284,,
DPF1,MEAMT-ENXUTO,3,22,20,0.8263749714786376,0.03993532392986772,0.010615437346547001,,
DPF1,MEAMT-ENXUTO,3,22,21,0.8131042089927372,0.05294956237839062,0.012495013622026593,,
DPF1,MEAMT-ENXUTO,3,22,22,0.7648371332124619,0.0951192639908471,0.0032150951895744103,,
DPF1,MEAMT-ENXUTO,3,22,23,0.7888635195162598,0.07302258959840983,0.007151719916804385,,
DPF1,MEAMT-ENXUTO,3,22,24,0.8008530756014194,0.06268444663947316,0.014569031902535305,,
DPF1,MEAMT-ENXUTO,3,22,25,0.7962598778425556,0.06867392992053475,0.007949138660819734,,
DPF1,MEAMT-ENXUTO,3,22,26,0.8368882096259818,0.03713163479227083,0.0035643773429050855,,
DPF1,MEAMT-ENXUTO,3,22,27,0.8247420159634735,0.043966641608267576,0.01595039476382002,,
DPF1,MEAMT-ENXUTO,3,22,28,0.7778707374682654,0.08340570374414627,0.007162377499375064,,
DPF1,MEAMT-ENXUTO,3,22,29,0.858473231667964,0.01769828893620571,0.004606863512987177,,
DPF1,MEAMT-ENXUTO,3,22,30,0.8617550898192359,0.013613369111335781,0.004395774490573115,,
DPF1,NSGA3,3,22,1,,0.0,0.0,,
DPF1,NSGA3,3,22,2,,0.0,0.0,,
DPF1,NSGA3,3,22,3,,0.0,0.0,,
DPF1,NSGA3,3,22,4,,0.0,0.0,,
DPF1,NSGA3,3,22,5,,0.0,0.0,,
DPF1,NSGA3,3,22,6,,0.0,0.0,,
DPF1,NSGA3,3,22,7,,0.0,0.0,,
DPF1,NSGA3,3,22,8,,0.0,0.0,,
DPF1,NSGA3,3,22,9,,0.0,0.0,,
DPF1,NSGA3,3,22,10,0.8583206114314177,0.017823357490972348,0.026500653559104505,,
DPF1,NSGA3,3,22,11,,0.0,0.0,,
DPF1,NSGA3,3,22,12,0.05125640392067139,1.2222540389427352,0.012047128446473716,,
DPF1,NSGA3,3,22,13,,0.0,0.0,,
DPF1,NSGA3,3,22,14,,0.0,0.0,,
DPF1,NSGA3,3,22,15,,0.0,0.0,,
DPF1,NSGA3,3,22,16,0.05097253566512086,1.2239159246573035,0.04854333380024003,,
DPF1,NSGA3,3,22,17,,0.0,0.0,,
DPF1,NSGA3,3,22,18,,0.0,0.0,,
DPF1,NSGA3,3,22,19,,0.0,0.0,,
DPF1,NSGA3,3,22,20,,0.0,0.0,,
DPF1,NSGA3,3,22,21,,0.0,0.0,,
DPF1,NSGA3,3,22,22,,0.0,0.0,,
DPF1,NSGA3,3,22,23,,0.0,0.0,,
DPF1,NSGA3,3,22,24,0.05057508431113237,1.225652972651682,0.012078292411161644,,
DPF1,NSGA3,3,22,25,,0.0,0.0,,
DPF1,NSGA3,3,22,26,,0.0,0.0,,
DPF1,NSGA3,3,22,27,,0.0,0.0,,
DPF1,NSGA3,3,22,28,,0.0,0.0,,
DPF1,NSGA3,3,22,29,,0.0,0.0,,
DPF1,NSGA3,3,22,30,,0.0,0.0,,
MochilaMultiobjetivo,NSGA2deap,7,50,1,0.9669729121910007,0.0767570361721393,0.14556038815763647,0.29333333333333333,0.7066666666666667
MochilaMultiobjetivo,NSGA2deap,7,50,2,1.0003544361140007,0.06805345055168285,0.1488183073145031,0.32,0.6799999999999999
MochilaMultiobjetivo,NSGA2deap,7,50,3,0.9766970105200007,0.0765911151135761,0.1287432655053337,0.2633333333333333,0.7366666666666667
MochilaMultiobjetivo,NSGA2deap,7,50,4,1.0082662275400007,0.0633429532683978,0.14110061968791635,0.35333333333333333,0.6466666666666667
MochilaMultiobjetivo,NSGA2deap,7,50,5,0.9188590869920007,0.08202558826655859,0.16688385528121472,0.30666666666666664,0.6933333333333334
MochilaMultiobjetivo,NSGA2deap,7,50,6,1.0139369943010008,0.06733313708749772,0.14624184925544653,0.2966666666666667,0.7033333333333334
MochilaMultiobjetivo,NSGA2deap,7,50,7,0.9322857478110007,0.0902160712651336,0.12382925655601532,0.2,0.8
MochilaMultiobjetivo,NSGA2deap,7,50,8,1.0143657120630007,0.06398229294042515,0.1360403442222798,0.2833333333333333,0.7166666666666667
MochilaMultiobjetivo,NSGA2deap,7,50,9,0.9802436756420008,0.07021256836681848,0.13360672361133935,0.26666666666666666,0.7333333333333334
MochilaMultiobjetivo,NSGA2deap,7,50,10,0.9947226436950006,0.06369925115096428,0.12881587901876418,0.25333333333333335,0.7466666666666666
MochilaMultiobjetivo,NSGA2deap,7,50,11,0.9937093108030007,0.06266216342986156,0.1371621283163494,0.3566666666666667,0.6433333333333333
MochilaMultiobjetivo,NSGA2deap,7,50,12,1.0039011012360006,0.06758680328192428,0.14866091010829116,0.43,0.5700000000000001
MochilaMultiobjetivo,NSGA2deap,7,50,13,0.9946641821820007,0.06855206482282414,0.1412774984928659,0.3,0.7
MochilaMultiobjetivo,NSGA2deap,7,50,14,0.9903380302200007,0.06510571840639855,0.1430307272561194,0.29333333333333333,0.7066666666666667
MochilaMultiobjetivo,NSGA2deap,7,50,15,1.0034918706450007,0.05906259276711561,0.1356918687160212,0.27666666666666667,0.7233333333333334
MochilaMultiobjetivo,NSGA2deap,7,50,16,1.0153790449550009,0.062171590383206146,0.15598205028180284,0.38333333333333336,0.6166666666666667
MochilaMultiobjetivo,NSGA2deap,7,50,17,1.0260775018340007,0.0655792079827932,0.15125162398853265,0.2733333333333333,0.7266666666666667
MochilaMultiobjetivo,NSGA2deap,7,50,18,1.0267595528190008,0.051563299244288374,0.14025536134323788,0.4266666666666667,0.5733333333333333
MochilaMultiobjetivo,NSGA2deap,7,50,19,0.9562159937990007,0.07105589690338428,0.12294288061019316,0.18,0.8200000000000001
MochilaMultiobjetivo,NSGA2deap,7,50,20,1.0130405844350008,0.06424653600495984,0.1358475045946653,0.3,0.7
MochilaMultiobjetivo,NSGA2deap,7,50,21,1.0024005890690009,0.06686610602890233,0.14112410888561522,0.3233333333333333,0.6766666666666667
MochilaMultiobjetivo,NSGA2deap,7,50,22,0.9778272664380008,0.06280992524352076,0.16059980707977692,0.24,0.76
MochilaMultiobjetivo,NSGA2deap,7,50,23,0.9841021355000007,0.0729368829543269,0.13334873610231487,0.30666666666666664,0.6933333333333334
MochilaMultiobjetivo,NSGA2deap,7,50,24,0.9572098395200007,0.0857787374576669,0.15175945857724596,0.20666666666666667,0.7933333333333333
MochilaMultiobjetivo,NSGA2deap,7,50,25,0.9966908479660008,0.07144145389417289,0.14015115488268842,0.24666666666666667,0.7533333333333333
MochilaMultiobjetivo,NSGA2deap,7,50,26,0.9782754713710007,0.07878596771888921,0.15606743794542693,0.20333333333333334,0.7966666666666666
MochilaMultiobjetivo,NSGA2deap,7,50,27,0.9911370042310007,0.07150510521722843,0.1334277738970976,0.2966666666666667,0.7033333333333334
MochilaMultiobjetivo,NSGA2deap,7,50,28,0.9883308516070007,0.07131649206019644,0.14329827641227916,0.18666666666666668,0.8133333333333334
MochilaMultiobjetivo,NSGA2deap,7,50,29,0.9617113760210008,0.07703433474985798,0.13873884103752582,0.24333333333333335,0.7566666666666666
MochilaMultiobjetivo,NSGA2deap,7,50,30,0.9843944430650007,0.07230982138732328,0.14810850374175225,0.30333333333333334,0.6966666666666667
MochilaMultiobjetivo,MEAMT-ENXUTO,7,50,1,1.0635903060090008,0.054476023206079804,0.1274520788262679,0.923,0.07699999999999996
MochilaMultiobjetivo,MEAMT-ENXUTO,7,50,2,1.067799534945001,0.054476023206079804,0.1274520788262679,0.923,0.07699999999999996
MochilaMultiobjetivo,MEAMT-ENXUTO,7,50,3,1.0552497968210008,0.054476023206079804,0.1274520788262679,0.923,0.07699999999999996
MochilaMultiobjetivo,MEAMT-ENXUTO,7,50,4,1.0657923563320006,0.054476023206079804,0.1274520788262679,0.923,0.07699999999999996
MochilaMultiobjetivo,MEAMT-ENXUTO,7,50,5,1.0658313306740008,0.054476023206079804,0.1274520788262679,0.923,0.07699999999999996
MochilaMultiobjetivo,MEAMT-ENXUTO,7,50,6,1.0639605622580008,0.054476023206079804,0.1274520788262679,0.923,0.07699999999999996
MochilaMultiobjetivo,MEAMT-ENXUTO,7,50,7,1.0610764609500007,0.054476023206079804,0.1274520788262679,0.923,0.07699999999999996
MochilaMultiobjetivo,MEAMT-ENXUTO,7,50,8,1.0656169717930009,0.054476023206079804,0.1274520788262679,0.923,0.07699999999999996
MochilaMultiobjetivo,MEAMT-ENXUTO,7,50,9,1.0619338964740008,0.054476023206079804,0.1274520788262679,0.923,0.07699999999999996
MochilaMultiobjetivo,MEAMT-ENXUTO,7,50,10,1.0669420994210008,0.054476023206079804,0.1274520788262679,0.923,0.07699999999999996
MochilaMultiobjetivo,MEAMT-ENXUTO,7,50,11,1.0651687668600007,0.054476023206079804,0.1274520788262679,0.923,0.07699999999999996
MochilaMultiobjetivo,MEAMT-ENXUTO,7,50,12,1.0681697911940007,0.054476023206079804,0.1274520788262679,0.923,0.07699999999999996
MochilaMultiobjetivo,MEAMT-ENXUTO,7,50,13,1.0633564599570007,0.054476023206079804,0.1274520788262679,0.923,0.07699999999999996
MochilaMultiobjetivo,MEAMT-ENXUTO,7,50,14,1.0612323583180008,0.054476023206079804,0.1274520788262679,0.923,0.07699999999999996
MochilaMultiobjetivo,MEAMT-ENXUTO,7,50,15,1.0638631264030007,0.054476023206079804,0.1274520788262679,0.923,0.07699999999999996
MochilaMultiobjetivo,MEAMT-ENXUTO,7,50,16,1.0647400490980008,0.054476023206079804,0.1274520788262679,0.923,0.07699999999999996
MochilaMultiobjetivo,MEAMT-ENXUTO,7,50,17,1.0610764609500007,0.054476023206079804,0.1274520788262679,0.923,0.07699999999999996
MochilaMultiobjetivo,MEAMT-ENXUTO,7,50,18,1.0681503040230007,0.054476023206079804,0.1274520788262679,0.923,0.07699999999999996
MochilaMultiobjetivo,MEAMT-ENXUTO,7,50,19,1.0644867158750009,0.054476023206079804,0.1274520788262679,0.923,0.07699999999999996
MochilaMultiobjetivo,MEAMT-ENXUTO,7,50,20,1.0624015885780007,0.054476023206079804,0.1274520788262679,0.923,0.07699999999999996
MochilaMultiobjetivo,MEAMT-ENXUTO,7,50,21,1.0620313323290007,0.054476023206079804,0.1274520788262679,0.923,0.07699999999999996
MochilaMultiobjetivo,MEAMT-ENXUTO,7,50,22,1.0630446652210008,0.054476023206079804,0.1274520788262679,0.923,0.07699999999999996
MochilaMultiobjetivo,MEAMT-ENXUTO,7,50,23,1.0621092810130008,0.054476023206079804,0.1274520788262679,0.923,0.07699999999999996
MochilaMultiobjetivo,MEAMT-ENXUTO,7,50,24,1.0620313323290007,0.054476023206079804,0.1274520788262679,0.923,0.07699999999999996
MochilaMultiobjetivo,MEAMT-ENXUTO,7,50,25,1.0648179977820007,0.054476023206079804,0.1274520788262679,0.923,0.07699999999999996
MochilaMultiobjetivo,MEAMT-ENXUTO,7,50,26,1.0605113329910008,0.054476023206079804,0.1274520788262679,0.923,0.07699999999999996
MochilaMultiobjetivo,MEAMT-ENXUTO,7,50,27,1.065324664228001,0.054476023206079804,0.1274520788262679,0.923,0.07699999999999996
MochilaMultiobjetivo,MEAMT-ENXUTO,7,50,28,1.0607062047010007,0.054476023206079804,0.1274520788262679,0.923,0.07699999999999996
MochilaMultiobjetivo,MEAMT-ENXUTO,7,50,29,1.0630836395630008,0.054476023206079804,0.1274520788262679,0.923,0.07699999999999996
MochilaMultiobjetivo,MEAMT-ENXUTO,7,50,30,1.0711123540150007,0.054476023206079804,0.1274520788262679,0.923,0.07699999999999996
MochilaMultiobjetivo,NSGA3,7,50,1,1.0701185082940008,0.046853745134742754,0.083145365450755,0.9801980198019802,0.01980198019801982
MochilaMultiobjetivo,NSGA3,7,50,2,1.0682282527070008,0.046853745134742754,0.083145365450755,0.9801980198019802,0.01980198019801982
MochilaMultiobjetivo,NSGA3,7,50,3,1.0711708155280006,0.046853745134742754,0.083145365450755,0.9801980198019802,0.01980198019801982
MochilaMultiobjetivo,NSGA3,7,50,4,1.0736067119030008,0.046853745134742754,0.083145365450755,0.9801980198019802,0.01980198019801982
MochilaMultiobjetivo,NSGA3,7,50,5,1.0718138921710008,0.046853745134742754,0.083145365450755,0.9801980198019802,0.01980198019801982
MochilaMultiobjetivo,NSGA3,7,50,6,1.070956456647001,0.046853745134742754,0.083145365450755,0.9801980198019802,0.01980198019801982
MochilaMultiobjetivo,NSGA3,7,50,7,1.0765297875530007,0.046853745134742754,0.083145365450755,0.9801980198019802,0.01980198019801982
MochilaMultiobjetivo,NSGA3,7,50,8,1.0714826102640007,0.046853745134742754,0.083145365450755,0.9801980198019802,0.01980198019801982
MochilaMultiobjetivo,NSGA3,7,50,9,1.0739379938100009,0.046853745134742754,0.083145365450755,0.9801980198019802,0.01980198019801982
MochilaMultiobjetivo,NSGA3,7,50,10,1.0788292737310008,0.046853745134742754,0.083145365450755,0.9801980198019802,0.01980198019801982
MochilaMultiobjetivo,NSGA3,7,50,11,1.0717944050000008,0.046853745134742754,0.083145365450755,0.9801980198019802,0.01980198019801982
MochilaMultiobjetivo,NSGA3,7,50,12,1.0769390181440008,0.046853745134742754,0.083145365450755,0.9801980198019802,0.01980198019801982
MochilaMultiobjetivo,NSGA3,7,50,13,1.0719892767100008,0.046853745134742754,0.083145365450755,0.9801980198019802,0.01980198019801982
MochilaMultiobjetivo,NSGA3,7,50,14,1.0743667115720008,0.046853745134742754,0.083145365450755,0.9801980198019802,0.01980198019801982
MochilaMultiobjetivo,NSGA3,7,50,15,1.0704887645430008,0.046853745134742754,0.083145365450755,0.9801980198019802,0.01980198019801982
MochilaMultiobjetivo,NSGA3,7,50,16,1.0649544079790008,0.046853745134742754,0.083145365450755,0.9801980198019802,0.01980198019801982
MochilaMultiobjetivo,NSGA3,7,50,17,1.0710344053310008,0.046853745134742754,0.083145365450755,0.9801980198019802,0.01980198019801982
MochilaMultiobjetivo,NSGA3,7,50,18,1.0703913286880007,0.046853745134742754,0.083145365450755,0.9801980198019802,0.01980198019801982
MochilaMultiobjetivo,NSGA3,7,50,19,1.0746200447950007,0.046853745134742754,0.083145365450755,0.9801980198019802,0.01980198019801982
MochilaMultiobjetivo,NSGA3,7,50,20,1.0698262007290007,0.046853745134742754,0.083145365450755,0.9801980198019802,0.01980198019801982
MochilaMultiobjetivo,NSGA3,7,50,21,1.0736456862450008,0.046853745134742754,0.083145365450755,0.9801980198019802,0.01980198019801982
MochilaMultiobjetivo,NSGA3,7,50,22,1.0718138921710008,0.046853745134742754,0.083145365450755,0.9801980198019802,0.01980198019801982
MochilaMultiobjetivo,NSGA3,7,50,23,1.0719892767100008,0.046853745134742754,0.083145365450755,0.9801980198019802,0.01980198019801982
MochilaMultiobjetivo,NSGA3,7,50,24,1.0691441497440008,0.046853745134742754,0.083145365450755,0.9801980198019802,0.01980198019801982
MochilaMultiobjetivo,NSGA3,7,50,25,1.0716774819740007,0.046853745134742754,0.083145365450755,0.9801980198019802,0.01980198019801982
MochilaMultiobjetivo,NSGA3,7,50,26,1.0678774836290008,0.046853745134742754,0.083145365450755,0.9801980198019802,0.01980198019801982
MochilaMultiobjetivo,NSGA3,7,50,27,1.0694949188220007,0.046853745134742754,0.083145365450755,0.9801980198019802,0.01980198019801982
MochilaMultiobjetivo,NSGA3,7,50,28,1.070566713227001,0.046853745134742754,0.083145365450755,0.9801980198019802,0.01980198019801982
MochilaMultiobjetivo,NSGA3,7,50,29,1.0725349174980008,0.046853745134742754,0.083145365450755,0.9801980198019802,0.01980198019801982
MochilaMultiobjetivo,NSGA3,7,50,30,1.0685010731010007,0.046853745134742754,0.083145365450755,0.9801980198019802,0.01980198019801982
MochilaMultiobjetivo,MEAMT,7,50,1,1.2650291926360009,0.0195298186945391,0.057286072610521196,0.9907094594594594,0.00929054054054057
MochilaMultiobjetivo,MEAMT,7,50,2,1.2641132955990009,0.0195298186945391,0.057286072610521196,0.9907094594594594,0.00929054054054057
MochilaMultiobjetivo,MEAMT,7,50,3,1.262807655142001,0.0195298186945391,0.057286072610521196,0.9907094594594594,0.00929054054054057
MochilaMultiobjetivo,MEAMT,7,50,4,1.256591247593001,0.0195298186945391,0.057286072610521196,0.9907094594594594,0.00929054054054057
MochilaMultiobjetivo,MEAMT,7,50,5,1.2630220140230008,0.0195298186945391,0.057286072610521196,0.9907094594594594,0.00929054054054057
MochilaMultiobjetivo,MEAMT,7,50,6,1.2611707327780008,0.0195298186945391,0.057286072610521196,0.9907094594594594,0.00929054054054057
MochilaMultiobjetivo,MEAMT,7,50,7,1.2563574015410008,0.0195298186945391,0.057286072610521196,0.9907094594594594,0.00929054054054057
MochilaMultiobjetivo,MEAMT,7,50,8,1.264152269941001,0.0195298186945391,0.057286072610521196,0.9907094594594594,0.00929054054054057
MochilaMultiobjetivo,MEAMT,7,50,9,1.2643081673090009,0.0195298186945391,0.057286072610521196,0.9907094594594594,0.00929054054054057
MochilaMultiobjetivo,MEAMT,7,50,10,1.2627491936290007,0.0195298186945391,0.057286072610521196,0.9907094594594594,0.00929054054054057
MochilaMultiobjetivo,MEAMT,7,50,11,1.259787143637001,0.0195298186945391,0.057286072610521196,0.9907094594594594,0.00929054054054057
MochilaMultiobjetivo,MEAMT,7,50,12,1.261950219618001,0.0195298186945391,0.057286072610521196,0.9907094594594594,0.00929054054054057
MochilaMultiobjetivo,MEAMT,7,50,13,1.265379961714001,0.0195298186945391,0.057286072610521196,0.9907094594594594,0.00929054054054057
MochilaMultiobjetivo,MEAMT,7,50,14,1.260664066332001,0.0195298186945391,0.057286072610521196,0.9907094594594594,0.00929054054054057
MochilaMultiobjetivo,MEAMT,7,50,15,1.259767656466001,0.0195298186945391,0.057286072610521196,0.9907094594594594,0.00929054054054057
MochilaMultiobjetivo,MEAMT,7,50,16,1.258130734102001,0.0195298186945391,0.057286072610521196,0.9907094594594594,0.00929054054054057
MochilaMultiobjetivo,MEAMT,7,50,17,1.2633922702720009,0.0195298186945391,0.057286072610521196,0.9907094594594594,0.00929054054054057
MochilaMultiobjetivo,MEAMT,7,50,18,1.2655943205950009,0.0195298186945391,0.057286072610521196,0.9907094594594594,0.00929054054054057
MochilaMultiobjetivo,MEAMT,7,50,19,1.2587348364030009,0.0195298186945391,0.057286072610521196,0.9907094594594594,0.00929054054054057
MochilaMultiobjetivo,MEAMT,7,50,20,1.265379961714001,0.0195298186945391,0.057286072610521196,0.9907094594594594,0.00929054054054057
MochilaMultiobjetivo,MEAMT,7,50,21,1.260313297254001,0.0195298186945391,0.057286072610521196,0.9907094594594594,0.00929054054054057
MochilaMultiobjetivo,MEAMT,7,50,22,1.267893806773001,0.0195298186945391,0.057286072610521196,0.9907094594594594,0.00929054054054057
MochilaMultiobjetivo,MEAMT,7,50,23,1.258812785087001,0.0195298186945391,0.057286072610521196,0.9907094594594594,0.00929054054054057
MochilaMultiobjetivo,MEAMT,7,50,24,1.257682529169001,0.0195298186945391,0.057286072610521196,0.9907094594594594,0.00929054054054057
MochilaMultiobjetivo,MEAMT,7,50,25,1.262028168302001,0.0195298186945391,0.057286072610521196,0.9907094594594594,0.00929054054054057
MochilaMultiobjetivo,MEAMT,7,50,26,1.262573809090001,0.0195298186945391,0.057286072610521196,0.9907094594594594,0.00929054054054057
MochilaMultiobjetivo,MEAMT,7,50,27,1.266295858751001,0.0195298186945391,0.057286072610521196,0.9907094594594594,0.00929054054054057
MochilaMultiobjetivo,MEAMT,7,50,28,1.2623204758670008,0.0195298186945391,0.057286072610521196,0.9907094594594594,0.00929054054054057
MochilaMultiobjetivo,MEAMT,7,50,29,1.2670948327620009,0.0195298186945391,0.057286072610521196,0.9907094594594594,0.00929054054054057
MochilaMultiobjetivo,MEAMT,7,50,30,1.263820988034001,0.0195298186945391,0.057286072610521196,0.9907094594594594,0.00929054054054057
MochilaMultiobjetivo,MOEAD,7,50,1,0.7389535243200005,0.09959992354361111,0.01813811041415777,0.7733333333333333,0.22666666666666668
MochilaMultiobjetivo,MOEAD,7,50,2,0.7420324973380006,0.09959992354361111,0.01813811041415777,0.7733333333333333,0.22666666666666668
MochilaMultiobjetivo,MOEAD,7,50,3,0.7416427539180005,0.09959992354361111,0.01813811041415777,0.7733333333333333,0.22666666666666668
MochilaMultiobjetivo,MOEAD,7,50,4,0.7415648052340005,0.09959992354361111,0.01813811041415777,0.7733333333333333,0.22666666666666668
MochilaMultiobjetivo,MOEAD,7,50,5,0.7403176262900005,0.09959992354361111,0.01813811041415777,0.7733333333333333,0.22666666666666668
MochilaMultiobjetivo,MOEAD,7,50,6,0.7465535210100005,0.09959992354361111,0.01813811041415777,0.7733333333333333,0.22666666666666668
MochilaMultiobjetivo,MOEAD,7,50,7,0.7459883930510005,0.09959992354361111,0.01813811041415777,0.7733333333333333,0.22666666666666668
MochilaMultiobjetivo,MOEAD,7,50,8,0.7396745496470005,0.09959992354361111,0.01813811041415777,0.7733333333333333,0.22666666666666668
MochilaMultiobjetivo,MOEAD,7,50,9,0.7459104443670005,0.09959992354361111,0.01813811041415777,0.7733333333333333,0.22666666666666668
MochilaMultiobjetivo,MOEAD,7,50,10,0.7476253154150005,0.09959992354361111,0.01813811041415777,0.7733333333333333,0.22666666666666668
MochilaMultiobjetivo,MOEAD,7,50,11,0.7432212147690006,0.09959992354361111,0.01813811041415777,0.7733333333333333,0.22666666666666668
MochilaMultiobjetivo,MOEAD,7,50,12,0.7425586509550005,0.09959992354361111,0.01813811041415777,0.7733333333333333,0.22666666666666668
MochilaMultiobjetivo,MOEAD,7,50,13,0.7351340388040005,0.09959992354361111,0.01813811041415777,0.7733333333333333,0.22666666666666668
MochilaMultiobjetivo,MOEAD,7,50,14,0.7449165986460006,0.09959992354361111,0.01813811041415777,0.7733333333333333,0.22666666666666668
MochilaMultiobjetivo,MOEAD,7,50,15,0.7414868565500006,0.09959992354361111,0.01813811041415777,0.7733333333333333,0.22666666666666668
MochilaMultiobjetivo,MOEAD,7,50,16,0.7367709611680006,0.09959992354361111,0.01813811041415777,0.7733333333333333,0.22666666666666668
MochilaMultiobjetivo,MOEAD,7,50,17,0.7393432677400006,0.09959992354361111,0.01813811041415777,0.7733333333333333,0.22666666666666668
MochilaMultiobjetivo,MOEAD,7,50,18,0.7423442920740005,0.09959992354361111,0.01813811041415777,0.7733333333333333,0.22666666666666668
MochilaMultiobjetivo,MOEAD,7,50,19,0.7400253187250005,0.09959992354361111,0.01813811041415777,0.7733333333333333,0.22666666666666668
MochilaMultiobjetivo,MOEAD,7,50,20,0.7437668555570005,0.09959992354361111,0.01813811041415777,0.7733333333333333,0.22666666666666668
MochilaMultiobjetivo,MOEAD,7,50,21,0.7376673710340005,0.09959992354361111,0.01813811041415777,0.7733333333333333,0.22666666666666668
MochilaMultiobjetivo,MOEAD,7,50,22,0.7365371151160006,0.09959992354361111,0.01813811041415777,0.7733333333333333,0.22666666666666668
MochilaMultiobjetivo,MOEAD,7,50,23,0.7418571127990005,0.09959992354361111,0.01813811041415777,0.7733333333333333,0.22666666666666668
MochilaMultiobjetivo,MOEAD,7,50,24,0.7436304453600006,0.09959992354361111,0.01813811041415777,0.7733333333333333,0.22666666666666668
MochilaMultiobjetivo,MOEAD,7,50,25,0.7394796779370005,0.09959992354361111,0.01813811041415777,0.7733333333333333,0.22666666666666668
MochilaMultiobjetivo,MOEAD,7,50,26,0.7411555746430005,0.09959992354361111,0.01813811041415777,0.7733333333333333,0.22666666666666668
MochilaMultiobjetivo,MOEAD,7,50,27,0.7413699335240005,0.09959992354361111,0.01813811041415777,0.7733333333333333,0.22666666666666668
MochilaMultiobjetivo,MOEAD,7,50,28,0.7360109614990006,0.09959992354361111,0.01813811041415777,0.7733333333333333,0.22666666666666668
MochilaMultiobjetivo,MOEAD,7,50,29,0.7392068575430005,0.09959992354361111,0.01813811041415777,0.7733333333333333,0.22666666666666668
MochilaMultiobjetivo,MOEAD,7,50,30,0.7364786536030005,0.09959992354361111,0.01813811041415777,0.7733333333333333,0.22666666666666668
MochilaMultiobjetivo,NSGA2deap,3,30,1,1.1364969856975078,0.010295404542117385,0.03210295141879621,0.7266666666666667,0.2733333333333333
MochilaMultiobjetivo,NSGA2deap,3,30,2,1.135263850226778,0.010244644861845743,0.03080556312065937,0.75,0.25
MochilaMultiobjetivo,NSGA2deap,3,30,3,1.1332596219136526,0.010386007408271449,0.030570175552309477,0.6833333333333333,0.31666666666666665
MochilaMultiobjetivo,NSGA2deap,3,30,4,1.1355006414510846,0.010604456014736339,0.031245939417056952,0.6466666666666666,0.3533333333333334
MochilaMultiobjetivo,NSGA2deap,3,30,5,1.1381604937292573,0.011387401993251464,0.03135817538467318,0.6866666666666666,0.31333333333333335
MochilaMultiobjetivo,NSGA2deap,3,30,6,1.1351021982369411,0.010316030568328504,0.03299119482522063,0.7066666666666667,0.29333333333333333
MochilaMultiobjetivo,NSGA2deap,3,30,7,1.13527194757485,0.011603543953109086,0.0323636332376685,0.61,0.39
MochilaMultiobjetivo,NSGA2deap,3,30,8,1.1340046113082356,0.010034992817330243,0.032126229604239186,0.69,0.31000000000000005
MochilaMultiobjetivo,NSGA2deap,3,30,9,1.1349488062281154,0.010987989460248409,0.031615293812480405,0.6666666666666666,0.33333333333333337
MochilaMultiobjetivo,NSGA2deap,3,30,10,1.1348178965419868,0.009358197061493347,0.029289048830396087,0.7133333333333334,0.2866666666666666
MochilaMultiobjetivo,NSGA2deap,3,30,11,1.136035908670627,0.01033235278818293,0.03036650159972616,0.7166666666666667,0.2833333333333333
MochilaMultiobjetivo,NSGA2deap,3,30,12,1.1330708146558979,0.009379297435851877,0.03083431489585598,0.68,0.31999999999999995
MochilaMultiobjetivo,NSGA2deap,3,30,13,1.13690959201478,0.011222751223466883,0.03097845136366119,0.7333333333333333,0.2666666666666667
MochilaMultiobjetivo,NSGA2deap,3,30,14,1.1326969017561315,0.01162331970696429,0.03538265913564862,0.6533333333333333,0.3466666666666667
MochilaMultiobjetivo,NSGA2deap,3,30,15,1.1357922609494637,0.011066074672518996,0.033484382872500766,0.6833333333333333,0.31666666666666665
MochilaMultiobjetivo,NSGA2deap,3,30,16,1.1349437573994565,0.010986708919517205,0.029879185425192217,0.73,0.27
MochilaMultiobjetivo,NSGA2deap,3,30,17,1.1315409283881925,0.012205750001027985,0.032703911735842826,0.66,0.33999999999999997
MochilaMultiobjetivo,NSGA2deap,3,30,18,1.1358077439056125,0.010509445001032845,0.029621355063681392,0.6766666666666666,0.32333333333333336
MochilaMultiobjetivo,NSGA2deap,3,30,19,1.1336725664395388,0.010720859661196274,0.030747952755385062,0.6833333333333333,0.31666666666666665
MochilaMultiobjetivo,NSGA2deap,3,30,20,1.136817147811831,0.009719798777617954,0.031278125406283795,0.65,0.35
MochilaMultiobjetivo,NSGA2deap,3,30,21,1.135481988567659,0.01121310369739444,0.03447658628405428,0.65,0.35
MochilaMultiobjetivo,NSGA2deap,3,30,22,1.1350809297925037,0.010360462404388012,0.03285712471851765,0.69,0.31000000000000005
MochilaMultiobjetivo,NSGA2deap,3,30,23,1.1373178676958324,0.010986237195208503,0.030362883310854148,0.6833333333333333,0.31666666666666665
MochilaMultiobjetivo,NSGA2deap,3,30,24,1.1328913431342902,0.011299556642310514,0.03179523754343913,0.7233333333333334,0.2766666666666666
MochilaMultiobjetivo,NSGA2deap,3,30,25,1.1351704541113141,0.01450333078489307,0.03281010654462352,0.6566666666666666,0.3433333333333334
MochilaMultiobjetivo,NSGA2deap,3,30,26,1.1376735970618255,0.008433993546379455,0.03407038661264864,0.73,0.27
MochilaMultiobjetivo,NSGA2deap,3,30,27,1.1379045273607942,0.009510966169966195,0.0340797760924947,0.72,0.28
MochilaMultiobjetivo,NSGA2deap,3,30,28,1.1357159135596264,0.009806063378845799,0.032492351790303374,0.68,0.31999999999999995
MochilaMultiobjetivo,NSGA2deap,3,30,29,1.1348581704802072,0.011676973870356228,0.03247254985536284,0.66,0.33999999999999997
MochilaMultiobjetivo,NSGA2deap,3,30,30,1.133238903764702,0.009901546275091402,0.03247067209892871,0.68,0.31999999999999995
MochilaMultiobjetivo,NSGA3,3,30,1,1.135603729772858,0.005801509313415553,0.028448659294932184,0.9301075268817204,0.06989247311827962
MochilaMultiobjetivo,NSGA3,3,30,2,1.135603729772858,0.005801509313415553,0.028448659294932184,0.9301075268817204,0.06989247311827962
MochilaMultiobjetivo,NSGA3,3,30,3,1.135603729772858,0.005801509313415553,0.028448659294932184,0.9301075268817204,0.06989247311827962
MochilaMultiobjetivo,NSGA3,3,30,4,1.135603729772858,0.005801509313415553,0.028448659294932184,0.9301075268817204,0.06989247311827962
MochilaMultiobjetivo,NSGA3,3,30,5,1.135603729772858,0.005801509313415553,0.028448659294932184,0.9301075268817204,0.06989247311827962
MochilaMultiobjetivo,NSGA3,3,30,6,1.135603729772858,0.005801509313415553,0.028448659294932184,0.9301075268817204,0.06989247311827962
MochilaMultiobjetivo,NSGA3,3,30,7,1.135603729772858,0.005801509313415553,0.028448659294932184,0.9301075268817204,0.06989247311827962
MochilaMultiobjetivo,NSGA3,3,30,8,1.135603729772858,0.005801509313415553,0.028448659294932184,0.9301075268817204,0.06989247311827962
MochilaMultiobjetivo,NSGA3,3,30,9,1.135603729772858,0.005801509313415553,0.028448659294932184,0.9301075268817204,0.06989247311827962
MochilaMultiobjetivo,NSGA3,3,30,10,1.135603729772858,0.005801509313415553,0.028448659294932184,0.9301075268817204,0.06989247311827962
MochilaMultiobjetivo,NSGA3,3,30,11,1.135603729772858,0.005801509313415553,0.028448659294932184,0.9301075268817204,0.06989247311827962
MochilaMultiobjetivo,NSGA3,3,30,12,1.135603729772858,0.005801509313415553,0.028448659294932184,0.9301075268817204,0.06989247311827962
MochilaMultiobjetivo,NSGA3,3,30,13,1.135603729772858,0.005801509313415553,0.028448659294932184,0.9301075268817204,0.06989247311827962
MochilaMultiobjetivo,NSGA3,3,30,14,1.135603729772858,0.005801509313415553,0.028448659294932184,0.9301075268817204,0.06989247311827962
MochilaMultiobjetivo,NSGA3,3,30,15,1.135603729772858,0.005801509313415553,0.028448659294932184,0.9301075268817204,0.06989247311827962
MochilaMultiobjetivo,NSGA3,3,30,16,1.135603729772858,0.005801509313415553,0.028448659294932184,0.9301075268817204,0.06989247311827962
MochilaMultiobjetivo,NSGA3,3,30,17,1.135603729772858,0.005801509313415553,0.028448659294932184,0.9301075268817204,0.06989247311827962
MochilaMultiobjetivo,NSGA3,3,30,18,1.135603729772858,0.005801509313415553,0.028448659294932184,0.9301075268817204,0.06989247311827962
MochilaMultiobjetivo,NSGA3,3,30,19,1.135603729772858,0.005801509313415553,0.028448659294932184,0.9301075268817204,0.06989247311827962
MochilaMultiobjetivo,NSGA3,3,30,20,1.135603729772858,0.005801509313415553,0.028448659294932184,0.9301075268817204,0.06989247311827962
MochilaMultiobjetivo,NSGA3,3,30,21,1.135603729772858,0.005801509313415553,0.028448659294932184,0.9301075268817204,0.06989247311827962
MochilaMultiobjetivo,NSGA3,3,30,22,1.135603729772858,0.005801509313415553,0.028448659294932184,0.9301075268817204,0.06989247311827962
MochilaMultiobjetivo,NSGA3,3,30,23,1.135603729772858,0.005801509313415553,0.028448659294932184,0.9301075268817204,0.06989247311827962
MochilaMultiobjetivo,NSGA3,3,30,24,1.135603729772858,0.005801509313415553,0.028448659294932184,0.9301075268817204,0.06989247311827962
MochilaMultiobjetivo,NSGA3,3,30,25,1.135603729772858,0.005801509313415553,0.028448659294932184,0.9301075268817204,0.06989247311827962
MochilaMultiobjetivo,NSGA3,3,30,26,1.135603729772858,0.005801509313415553,0.028448659294932184,0.9301075268817204,0.06989247311827962
MochilaMultiobjetivo,NSGA3,3,30,27,1.135603729772858,0.005801509313415553,0.028448659294932184,0.9301075268817204,0.06989247311827962
MochilaMultiobjetivo,NSGA3,3,30,28,1.135603729772858,0.005801509313415553,0.028448659294932184,0.9301075268817204,0.06989247311827962
MochilaMultiobjetivo,NSGA3,3,30,29,1.135603729772858,0.005801509313415553,0.028448659294932184,0.9301075268817204,0.06989247311827962
MochilaMultiobjetivo,NSGA3,3,30,30,1.135603729772858,0.005801509313415553,0.028448659294932184,0.9301075268817204,0.06989247311827962
MochilaMultiobjetivo,MEAMT,3,30,1,1.0712981493718532,0.03162594352682697,0.030346021526109893,0.8411764705882353,0.1588235294117647
MochilaMultiobjetivo,MEAMT,3,30,2,1.0712981493718532,0.03162594352682697,0.030346021526109893,0.8411764705882353,0.1588235294117647
MochilaMultiobjetivo,MEAMT,3,30,3,1.0712981493718532,0.03162594352682697,0.030346021526109893,0.8411764705882353,0.1588235294117647
MochilaMultiobjetivo,MEAMT,3,30,4,1.0712981493718532,0.03162594352682697,0.030346021526109893,0.8411764705882353,0.1588235294117647
MochilaMultiobjetivo,MEAMT,3,30,5,1.0712981493718532,0.03162594352682697,0.030346021526109893,0.8411764705882353,0.1588235294117647
MochilaMultiobjetivo,MEAMT,3,30,6,1.0712981493718532,0.03162594352682697,0.030346021526109893,0.8411764705882353,0.1588235294117647
MochilaMultiobjetivo,MEAMT,3,30,7,1.0712981493718532,0.03162594352682697,0.030346021526109893,0.8411764705882353,0.1588235294117647
MochilaMultiobjetivo,MEAMT,3,30,8,1.0712981493718532,0.03162594352682697,0.030346021526109893,0.8411764705882353,0.1588235294117647
MochilaMultiobjetivo,MEAMT,3,30,9,1.0712981493718532,0.03162594352682697,0.030346021526109893,0.8411764705882353,0.1588235294117647
MochilaMultiobjetivo,MEAMT,3,30,10,1.0712981493718532,0.03162594352682697,0.030346021526109893,0.8411764705882353,0.1588235294117647
MochilaMultiobjetivo,MEAMT,3,30,11,1.0712981493718532,0.03162594352682697,0.030346021526109893,0.8411764705882353,0.1588235294117647
MochilaMultiobjetivo,MEAMT,3,30,12,1.0712981493718532,0.03162594352682697,0.030346021526109893,0.8411764705882353,0.1588235294117647
MochilaMultiobjetivo,MEAMT,3,30,13,1.0712981493718532,0.03162594352682697,0.030346021526109893,0.8411764705882353,0.1588235294117647
MochilaMultiobjetivo,MEAMT,3,30,14,1.0712981493718532,0.03162594352682697,0.030346021526109893,0.8411764705882353,0.1588235294117647
MochilaMultiobjetivo,MEAMT,3,30,15,1.0712981493718532,0.03162594352682697,0.030346021526109893,0.8411764705882353,0.1588235294117647
MochilaMultiobjetivo,MEAMT,3,30,16,1.0712981493718532,0.03162594352682697,0.030346021526109893,0.8411764705882353,0.1588235294117647
MochilaMultiobjetivo,MEAMT,3,30,17,1.0712981493718532,0.03162594352682697,0.030346021526109893,0.8411764705882353,0.1588235294117647
MochilaMultiobjetivo,MEAMT,3,30,18,1.0712981493718532,0.03162594352682697,0.030346021526109893,0.8411764705882353,0.1588235294117647
MochilaMultiobjetivo,MEAMT,3,30,19,1.0712981493718532,0.03162594352682697,0.030346021526109893,0.8411764705882353,0.1588235294117647
MochilaMultiobjetivo,MEAMT,3,30,20,1.0712981493718532,0.03162594352682697,0.030346021526109893,0.8411764705882353,0.1588235294117647
MochilaMultiobjetivo,MEAMT,3,30,21,1.0712981493718532,0.03162594352682697,0.030346021526109893,0.8411764705882353,0.1588235294117647
MochilaMultiobjetivo,MEAMT,3,30,22,1.0712981493718532,0.03162594352682697,0.030346021526109893,0.8411764705882353,0.1588235294117647
MochilaMultiobjetivo,MEAMT,3,30,23,1.0712981493718532,0.03162594352682697,0.030346021526109893,0.8411764705882353,0.1588235294117647
MochilaMultiobjetivo,MEAMT,3,30,24,1.0712981493718532,0.03162594352682697,0.030346021526109893,0.8411764705882353,0.1588235294117647
MochilaMultiobjetivo,MEAMT,3,30,25,1.0712981493718532,0.03162594352682697,0.030346021526109893,0.8411764705882353,0.1588235294117647
MochilaMultiobjetivo,MEAMT,3,30,26,1.0712981493718532,0.03162594352682697,0.030346021526109893,0.8411764705882353,0.1588235294117647
MochilaMultiobjetivo,MEAMT,3,30,27,1.0712981493718532,0.03162594352682697,0.030346021526109893,0.8411764705882353,0.1588235294117647
MochilaMultiobjetivo,MEAMT,3,30,28,1.0712981493718532,0.03162594352682697,0.030346021526109893,0.8411764705882353,0.1588235294117647
MochilaMultiobjetivo,MEAMT,3,30,29,1.0712981493718532,0.03162594352682697,0.030346021526109893,0.8411764705882353,0.1588235294117647
MochilaMultiobjetivo,MEAMT,3,30,30,1.0712981493718532,0.03162594352682697,0.030346021526109893,0.8411764705882353,0.1588235294117647
MochilaMultiobjetivo,MOEAD,3,30,1,0.9961362210280479,0.028823080215389242,0.014305435193956537,0.38783269961977185,0.6121673003802282
MochilaMultiobjetivo,MOEAD,3,30,2,0.9961362210280479,0.028823080215389242,0.014305435193956537,0.38783269961977185,0.6121673003802282
MochilaMultiobjetivo,MOEAD,3,30,3,0.9961362210280479,0.028823080215389242,0.014305435193956537,0.38783269961977185,0.6121673003802282
MochilaMultiobjetivo,MOEAD,3,30,4,0.9961362210280479,0.028823080215389242,0.014305435193956537,0.38783269961977185,0.6121673003802282
MochilaMultiobjetivo,MOEAD,3,30,5,0.9961362210280479,0.028823080215389242,0.014305435193956537,0.38783269961977185,0.6121673003802282
MochilaMultiobjetivo,MOEAD,3,30,6,0.9961362210280479,0.028823080215389242,0.014305435193956537,0.38783269961977185,0.6121673003802282
MochilaMultiobjetivo,MOEAD,3,30,7,0.9961362210280479,0.028823080215389242,0.014305435193956537,0.38783269961977185,0.6121673003802282
MochilaMultiobjetivo,MOEAD,3,30,8,0.9961362210280479,0.028823080215389242,0.014305435193956537,0.38783269961977185,0.6121673003802282
MochilaMultiobjetivo,MOEAD,3,30,9,0.9961362210280479,0.028823080215389242,0.014305435193956537,0.38783269961977185,0.6121673003802282
MochilaMultiobjetivo,MOEAD,3,30,10,0.9961362210280479,0.028823080215389242,0.014305435193956537,0.38783269961977185,0.6121673003802282
MochilaMultiobjetivo,MOEAD,3,30,11,0.9961362210280479,0.028823080215389242,0.014305435193956537,0.38783269961977185,0.6121673003802282
MochilaMultiobjetivo,MOEAD,3,30,12,0.9961362210280479,0.028823080215389242,0.014305435193956537,0.38783269961977185,0.6121673003802282
MochilaMultiobjetivo,MOEAD,3,30,13,0.9961362210280479,0.028823080215389242,0.014305435193956537,0.38783269961977185,0.6121673003802282
MochilaMultiobjetivo,MOEAD,3,30,14,0.9961362210280479,0.028823080215389242,0.014305435193956537,0.38783269961977185,0.6121673003802282
MochilaMultiobjetivo,MOEAD,3,30,15,0.9961362210280479,0.028823080215389242,0.014305435193956537,0.38783269961977185,0.6121673003802282
MochilaMultiobjetivo,MOEAD,3,30,16,0.9961362210280479,0.028823080215389242,0.014305435193956537,0.38783269961977185,0.6121673003802282
MochilaMultiobjetivo,MOEAD,3,30,17,0.9961362210280479,0.028823080215389242,0.014305435193956537,0.38783269961977185,0.6121673003802282
MochilaMultiobjetivo,MOEAD,3,30,18,0.9961362210280479,0.028823080215389242,0.014305435193956537,0.38783269961977185,0.6121673003802282
MochilaMultiobjetivo,MOEAD,3,30,19,0.9961362210280479,0.028823080215389242,0.014305435193956537,0.38783269961977185,0.6121673003802282
MochilaMultiobjetivo,MOEAD,3,30,20,0.9961362210280479,0.028823080215389242,0.014305435193956537,0.38783269961977185,0.6121673003802282
MochilaMultiobjetivo,MOEAD,3,30,21,0.9961362210280479,0.028823080215389242,0.014305435193956537,0.38783269961977185,0.6121673003802282
MochilaMultiobjetivo,MOEAD,3,30,22,0.9961362210280479,0.028823080215389242,0.014305435193956537,0.38783269961977185,0.6121673003802282
MochilaMultiobjetivo,MOEAD,3,30,23,0.9961362210280479,0.028823080215389242,0.014305435193956537,0.38783269961977185,0.6121673003802282
MochilaMultiobjetivo,MOEAD,3,30,24,0.9961362210280479,0.028823080215389242,0.014305435193956537,0.38783269961977185,0.6121673003802282
MochilaMultiobjetivo,MOEAD,3,30,25,0.9961362210280479,0.028823080215389242,0.014305435193956537,0.38783269961977185,0.6121673003802282
MochilaMultiobjetivo,MOEAD,3,30,26,0.9961362210280479,0.028823080215389242,0.014305435193956537,0.38783269961977185,0.6121673003802282
MochilaMultiobjetivo,MOEAD,3,30,27,0.9961362210280479,0.028823080215389242,0.014305435193956537,0.38783269961977185,0.6121673003802282
MochilaMultiobjetivo,MOEAD,3,30,28,0.9961362210280479,0.028823080215389242,0.014305435193956537,0.38783269961977185,0.6121673003802282
MochilaMultiobjetivo,MOEAD,3,30,29,0.9961362210280479,0.028823080215389242,0.014305435193956537,0.38783269961977185,0.6121673003802282
MochilaMultiobjetivo,MOEAD,3,30,30,0.9961362210280479,0.028823080215389242,0.014305435193956537,0.38783269961977185,0.6121673003802282
MochilaMultiobjetivo,MEAMT-ENXUTO,3,30,1,0.9920540855303952,0.06655895332591646,0.02879476826714149,0.8883333333333333,0.11166666666666669
MochilaMultiobjetivo,MEAMT-ENXUTO,3,30,2,0.9920540855303952,0.06655895332591646,0.02879476826714149,0.8883333333333333,0.11166666666666669
MochilaMultiobjetivo,MEAMT-ENXUTO,3,30,3,0.9920540855303952,0.06655895332591646,0.02879476826714149,0.8883333333333333,0.11166666666666669
MochilaMultiobjetivo,MEAMT-ENXUTO,3,30,4,0.9920540855303952,0.06655895332591646,0.02879476826714149,0.8883333333333333,0.11166666666666669
MochilaMultiobjetivo,MEAMT-ENXUTO,3,30,5,0.9920540855303952,0.06655895332591646,0.02879476826714149,0.8883333333333333,0.11166666666666669
MochilaMultiobjetivo,MEAMT-ENXUTO,3,30,6,0.9920540855303952,0.06655895332591646,0.02879476826714149,0.8883333333333333,0.11166666666666669
MochilaMultiobjetivo,MEAMT-ENXUTO,3,30,7,0.9920540855303952,0.06655895332591646,0.02879476826714149,0.8883333333333333,0.11166666666666669
MochilaMultiobjetivo,MEAMT-ENXUTO,3,30,8,0.9920540855303952,0.06655895332591646,0.02879476826714149,0.8883333333333333,0.11166666666666669
MochilaMultiobjetivo,MEAMT-ENXUTO,3,30,9,0.9920540855303952,0.06655895332591646,0.02879476826714149,0.8883333333333333,0.11166666666666669
MochilaMultiobjetivo,MEAMT-ENXUTO,3,30,10,0.9920540855303952,0.06655895332591646,0.02879476826714149,0.8883333333333333,0.11166666666666669
MochilaMultiobjetivo,MEAMT-ENXUTO,3,30,11,0.9920540855303952,0.06655895332591646,0.02879476826714149,0.8883333333333333,0.11166666666666669
MochilaMultiobjetivo,MEAMT-ENXUTO,3,30,12,0.9920540855303952,0.06655895332591646,0.02879476826714149,0.8883333333333333,0.11166666666666669
MochilaMultiobjetivo,MEAMT-ENXUTO,3,30,13,0.9920540855303952,0.06655895332591646,0.02879476826714149,0.8883333333333333,0.11166666666666669
MochilaMultiobjetivo,MEAMT-ENXUTO,3,30,14,0.9920540855303952,0.06655895332591646,0.02879476826714149,0.8883333333333333,0.11166666666666669
MochilaMultiobjetivo,MEAMT-ENXUTO,3,30,15,0.9920540855303952,0.06655895332591646,0.02879476826714149,0.8883333333333333,0.11166666666666669
MochilaMultiobjetivo,MEAMT-ENXUTO,3,30,16,0.9920540855303952,0.06655895332591646,0.02879476826714149,0.8883333333333333,0.11166666666666669
MochilaMultiobjetivo,MEAMT-ENXUTO,3,30,17,0.9920540855303952,0.06655895332591646,0.02879476826714149,0.8883333333333333,0.11166666666666669
MochilaMultiobjetivo,MEAMT-ENXUTO,3,30,18,0.9920540855303952,0.06655895332591646,0.02879476826714149,0.8883333333333333,0.11166666666666669
MochilaMultiobjetivo,MEAMT-ENXUTO,3,30,19,0.9920540855303952,0.06655895332591646,0.02879476826714149,0.8883333333333333,0.11166666666666669
MochilaMultiobjetivo,MEAMT-ENXUTO,3,30,20,0.9920540855303952,0.06655895332591646,0.02879476826714149,0.8883333333333333,0.11166666666666669
MochilaMultiobjetivo,MEAMT-ENXUTO,3,30,21,0.9920540855303952,0.06655895332591646,0.02879476826714149,0.8883333333333333,0.11166666666666669
MochilaMultiobjetivo,MEAMT-ENXUTO,3,30,22,0.9920540855303952,0.06655895332591646,0.02879476826714149,0.8883333333333333,0.11166666666666669
MochilaMultiobjetivo,MEAMT-ENXUTO,3,30,23,0.9920540855303952,0.06655895332591646,0.02879476826714149,0.8883333333333333,0.11166666666666669
MochilaMultiobjetivo,MEAMT-ENXUTO,3,30,24,0.9920540855303952,0.06655895332591646,0.02879476826714149,0.8883333333333333,0.11166666666666669
MochilaMultiobjetivo,MEAMT-ENXUTO,3,30,25,0.9920540855303952,0.06655895332591646,0.02879476826714149,0.8883333333333333,0.11166666666666669
MochilaMultiobjetivo,MEAMT-ENXUTO,3,30,26,0.9920540855303952,0.06655895332591646,0.02879476826714149,0.8883333333333333,0.11166666666666669
MochilaMultiobjetivo,MEAMT-ENXUTO,3,30,27,0.9920540855303952,0.06655895332591646,0.02879476826714149,0.8883333333333333,0.11166666666666669
MochilaMultiobjetivo,MEAMT-ENXUTO,3,30,28,0.9920540855303952,0.06655895332591646,0.02879476826714149,0.8883333333333333,0.11166666666666669
MochilaMultiobjetivo,MEAMT-ENXUTO,3,30,29,0.9920540855303952,0.06655895332591646,0.02879476826714149,0.8883333333333333,0.11166666666666669
MochilaMultiobjetivo,MEAMT-ENXUTO,3,30,30,0.9920540855303952,0.06655895332591646,0.02879476826714149,0.8883333333333333,0.11166666666666669
DTLZ1,NSGA3,5,9,1,1.6030292513167992,0.0720337835562131,0.007529167111249491,,
DTLZ1,NSGA3,5,9,2,1.6030165746189509,0.07208443105479838,0.007460098433518751,,
DTLZ1,NSGA3,5,9,3,1.6030216856640047,0.07203480172024254,0.007624721010798848,,
DTLZ1,NSGA3,5,9,4,1.6030299878882763,0.07206058970419407,0.007561779549172286,,
DTLZ1,NSGA3,5,9,5,1.6030237269249148,0.07204794425112011,0.00755637048539193,,
DTLZ1,NSGA3,5,9,6,1.603028398019446,0.0720523817241735,0.007521335799679619,,
DTLZ1,NSGA3,5,9,7,1.6030289971023235,0.07208410385952876,0.007561721820256384,,
DTLZ1,NSGA3,5,9,8,1.6030216373755102,0.07204668011927806,0.007513743532933034,,
DTLZ1,NSGA3,5,9,9,1.603029342879776,0.07199714138474837,0.0075919525948579284,,
DTLZ1,NSGA3,5,9,10,1.6030302310721274,0.07203382018885107,0.0075209631929576614,,
DTLZ1,NSGA3,5,9,11,1.6028660227894032,0.07166238172267136,0.008291428633691127,,
DTLZ1,NSGA3,5,9,12,1.6030287351933223,0.07208019582036532,0.00753508491376858,,
DTLZ1,NSGA3,5,9,13,1.6030286192442054,0.0720925306470829,0.007564866145859448,,
DTLZ1,NSGA3,5,9,14,1.6030305714897017,0.0720697356043943,0.0075623625091156554,,
DTLZ1,NSGA3,5,9,15,1.6030261890049118,0.07203332887653797,0.007568187435039121,,
DTLZ1,NSGA3,5,9,16,1.6030276329454531,0.07197852392048609,0.007554290949189112,,
DTLZ1,NSGA3,5,9,17,1.603029650230959,0.07200594214492023,0.007516270365897104,,
DTLZ1,NSGA3,5,9,18,1.6030226858712529,0.07198320991605711,0.007529342197630393,,
DTLZ1,NSGA3,5,9,19,1.6030237496750812,0.07215566291508287,0.007594768826731501,,
DTLZ1,NSGA3,5,9,20,1.6030238624072872,0.07212204031064608,0.00760029835631927,,
DTLZ1,NSGA3,5,9,21,1.603027944191516,0.0719696705530532,0.007538057536636604,,
DTLZ1,NSGA3,5,9,22,1.4309869361748535,0.5038659449650075,0.025796090964753875,,
DTLZ1,NSGA3,5,9,23,1.6030190902697243,0.07203667914744494,0.00754355748670165,,
DTLZ1,NSGA3,5,9,24,1.6030298118646829,0.07208292000692205,0.007572296983734363,,
DTLZ1,NSGA3,5,9,25,1.6030310835639587,0.07206596875644167,0.007605607808373587,,
DTLZ1,NSGA3,5,9,26,1.6030303684517793,0.07205102085677978,0.007611832343516739,,
DTLZ1,NSGA3,5,9,27,1.6030315449704835,0.07205553415842275,0.007574382286127802,,
DTLZ1,NSGA3,5,9,28,1.603028256364508,0.07207247704109337,0.007604638119977421,,
DTLZ1,NSGA3,5,9,29,1.6030077701702357,0.07189891837620953,0.007660244019287091,,
DTLZ1,NSGA3,5,9,30,1.6030302064647342,0.07207467349125243,0.007535321075893732,,
DTLZ1,MOEAD,5,9,1,1.5955740454708451,0.1342178545731017,0.06805325065232092,,
DTLZ1,MOEAD,5,9,2,1.6029105113663535,0.06815829490231139,0.007693799245311718,,
DTLZ1,MOEAD,5,9,3,1.6029611267805892,0.07027343517404877,0.008414598853684441,,
DTLZ1,MOEAD,5,9,4,1.6028983968360822,0.07335268987750322,0.007594476809140903,,
DTLZ1,MOEAD,5,9,5,1.6029669322437292,0.06910173302693062,0.008050050252603014,,
DTLZ1,MOEAD,5,9,6,1.6029994993693848,0.07195742956567786,0.007587026232449363,,
DTLZ1,MOEAD,5,9,7,1.603004713821683,0.07190255693261205,0.007550757757389348,,
DTLZ1,MOEAD,5,9,8,1.6029494241391729,0.07130391037879763,0.008442733979353845,,
DTLZ1,MOEAD,5,9,9,1.6030059967059391,0.07187853072840165,0.007518956793331099,,
DTLZ1,MOEAD,5,9,10,1.6027662124133177,0.07505769694026372,0.007602318020931996,,
DTLZ1,MOEAD,5,9,11,1.6029505752835256,0.06911079641213504,0.008205812267599803,,
DTLZ1,MOEAD,5,9,12,1.6029947724773943,0.0714297301263783,0.0075721651766508455,,
DTLZ1,MOEAD,5,9,13,1.6030063739182463,0.07179243074948798,0.0075709585754793534,,
DTLZ1,MOEAD,5,9,14,1.6028228383384089,0.0710389343629609,0.008096819282396134,,
DTLZ1,MOEAD,5,9,15,1.3884670062102202,0.5711355014097802,0.01709816031289328,,
DTLZ1,MOEAD,5,9,16,1.6028359454138412,0.07398733275194733,0.007633310846440141,,
DTLZ1,MOEAD,5,9,17,1.6028045164630966,0.07463622002716769,0.007615157555046848,,
DTLZ1,MOEAD,5,9,18,1.6029952140295909,0.07001237721583234,0.007555939132371768,,
DTLZ1,MOEAD,5,9,19,1.6029102204456607,0.07123068740102266,0.008530513546938446,,
DTLZ1,MOEAD,5,9,20,1.6027053315467812,0.07589069914078192,0.010483695465498266,,
DTLZ1,MOEAD,5,9,21,1.6024848097337379,0.07855578264414854,0.0076970705890423334,,
DTLZ1,MOEAD,5,9,22,1.6029232433675793,0.06982676061816244,0.0080679296476277,,
DTLZ1,MOEAD,5,9,23,1.6029852384173608,0.07105091414265717,0.007501180660603051,,
DTLZ1,MOEAD,5,9,24,1.6022299147812649,0.0649116816257386,0.009334731707820672,,
DTLZ1,MOEAD,5,9,25,1.6030075131660833,0.07178957675487926,0.007564550030406241,,
DTLZ1,MOEAD,5,9,26,1.6030021753912105,0.07195104018131653,0.007536139155841572,,
DTLZ1,MOEAD,5,9,27,1.602834681666704,0.07101518834907868,0.007744456944722128,,
DTLZ1,MOEAD,5,9,28,1.6029541842638713,0.06804452668276313,0.008014074434149157,,
DTLZ1,MOEAD,5,9,29,1.6029760684382053,0.06954924846066661,0.007959308796117196,,
DTLZ1,MOEAD,5,9,30,1.602950359776314,0.07129758884545895,0.0075307543665011694,,
DTLZ1,MEAMT,5,9,1,1.5397598923719813,0.28824447300920614,0.03169461339200637,,
DTLZ1,MEAMT,5,9,2,1.5397598923719813,0.28824447300920614,0.03169461339200637,,
DTLZ1,MEAMT,5,9,3,1.5397598923719813,0.28824447300920614,0.03169461339200637,,
DTLZ1,MEAMT,5,9,4,1.5397598923719813,0.28824447300920614,0.03169461339200637,,
DTLZ1,MEAMT,5,9,5,1.5397598923719813,0.28824447300920614,0.03169461339200637,,
DTLZ1,MEAMT,5,9,6,1.5397598923719813,0.28824447300920614,0.03169461339200637,,
DTLZ1,MEAMT,5,9,7,1.5397598923719813,0.28824447300920614,0.03169461339200637,,
DTLZ1,MEAMT,5,9,8,1.5397598923719813,0.28824447300920614,0.03169461339200637,,
DTLZ1,MEAMT,5,9,9,1.5397598923719813,0.28824447300920614,0.03169461339200637,,
DTLZ1,MEAMT,5,9,10,1.5397598923719813,0.28824447300920614,0.03169461339200637,,
DTLZ1,MEAMT,5,9,11,1.5397598923719813,0.28824447300920614,0.03169461339200637,,
DTLZ1,MEAMT,5,9,12,1.5397598923719813,0.28824447300920614,0.03169461339200637,,
DTLZ1,MEAMT,5,9,13,1.5397598923719813,0.28824447300920614,0.03169461339200637,,
DTLZ1,MEAMT,5,9,14,1.5397598923719813,0.28824447300920614,0.03169461339200637,,
DTLZ1,MEAMT,5,9,15,1.5397598923719813,0.28824447300920614,0.03169461339200637,,
DTLZ1,MEAMT,5,9,16,1.5397598923719813,0.28824447300920614,0.03169461339200637,,
DTLZ1,MEAMT,5,9,17,1.5397598923719813,0.28824447300920614,0.03169461339200637,,
DTLZ1,MEAMT,5,9,18,1.5397598923719813,0.28824447300920614,0.03169461339200637,,
DTLZ1,MEAMT,5,9,19,1.5397598923719813,0.28824447300920614,0.03169461339200637,,
DTLZ1,MEAMT,5,9,20,1.5397598923719813,0.28824447300920614,0.03169461339200637,,
DTLZ1,MEAMT,5,9,21,1.5397598923719813,0.28824447300920614,0.03169461339200637,,
DTLZ1,MEAMT,5,9,22,1.5397598923719813,0.28824447300920614,0.03169461339200637,,
DTLZ1,MEAMT,5,9,23,1.5397598923719813,0.28824447300920614,0.03169461339200637,,
DTLZ1,MEAMT,5,9,24,1.5397598923719813,0.28824447300920614,0.03169461339200637,,
DTLZ1,MEAMT,5,9,25,1.5397598923719813,0.28824447300920614,0.03169461339200637,,
DTLZ1,MEAMT,5,9,26,1.5397598923719813,0.28824447300920614,0.03169461339200637,,
DTLZ1,MEAMT,5,9,27,1.5397598923719813,0.28824447300920614,0.03169461339200637,,
DTLZ1,MEAMT,5,9,28,1.5397598923719813,0.28824447300920614,0.03169461339200637,,
DTLZ1,MEAMT,5,9,29,1.5397598923719813,0.28824447300920614,0.03169461339200637,,
DTLZ1,MEAMT,5,9,30,1.5397598923719813,0.28824447300920614,0.03169461339200637,,
DTLZ1,MEAMT-ENXUTO,5,9,1,,0.0,0.0,,
DTLZ1,MEAMT-ENXUTO,5,9,2,,0.0,0.0,,
DTLZ1,MEAMT-ENXUTO,5,9,3,,0.0,0.0,,
DTLZ1,MEAMT-ENXUTO,5,9,4,,0.0,0.0,,
DTLZ1,MEAMT-ENXUTO,5,9,5,,0.0,0.0,,
DTLZ1,MEAMT-ENXUTO,5,9,6,1.0569709213541878,0.5476805973579378,0.12354762862592025,,
DTLZ1,MEAMT-ENXUTO,5,9,7,,0.0,0.0,,
DTLZ1,MEAMT-ENXUTO,5,9,8,,0.0,0.0,,
DTLZ1,MEAMT-ENXUTO,5,9,9,,0.0,0.0,,
DTLZ1,MEAMT-ENXUTO,5,9,10,,0.0,0.0,,
DTLZ1,MEAMT-ENXUTO,5,9,11,,0.0,0.0,,
DTLZ1,MEAMT-ENXUTO,5,9,12,,0.0,0.0,,
DTLZ1,MEAMT-ENXUTO,5,9,13,,0.0,0.0,,
DTLZ1,MEAMT-ENXUTO,5,9,14,,0.0,0.0,,
DTLZ1,MEAMT-ENXUTO,5,9,15,,0.0,0.0,,
DTLZ1,MEAMT-ENXUTO,5,9,16,,0.0,0.0,,
DTLZ1,MEAMT-ENXUTO,5,9,17,,0.0,0.0,,
DTLZ1,MEAMT-ENXUTO,5,9,18,,0.0,0.0,,
DTLZ1,MEAMT-ENXUTO,5,9,19,,0.0,0.0,,
DTLZ1,MEAMT-ENXUTO,5,9,20,,0.0,0.0,,
DTLZ1,MEAMT-ENXUTO,5,9,21,,0.0,0.0,,
DTLZ1,MEAMT-ENXUTO,5,9,22,,0.0,0.0,,
DTLZ1,MEAMT-ENXUTO,5,9,23,,0.0,0.0,,
DTLZ1,MEAMT-ENXUTO,5,9,24,,0.0,0.0,,
DTLZ1,MEAMT-ENXUTO,5,9,25,,0.0,0.0,,
DTLZ1,MEAMT-ENXUTO,5,9,26,,0.0,0.0,,
DTLZ1,MEAMT-ENXUTO,5,9,27,,0.0,0.0,,
DTLZ1,MEAMT-ENXUTO,5,9,28,,0.0,0.0,,
DTLZ1,MEAMT-ENXUTO,5,9,29,,0.0,0.0,,
DTLZ1,MEAMT-ENXUTO,5,9,30,,0.0,0.0,,
DTLZ1,NSGA2deap,5,9,1,,0.0,0.0,,
DTLZ1,NSGA2deap,5,9,2,,0.0,0.0,,
DTLZ1,NSGA2deap,5,9,3,,0.0,0.0,,
DTLZ1,NSGA2deap,5,9,4,,0.0,0.0,,
DTLZ1,NSGA2deap,5,9,5,,0.0,0.0,,
DTLZ1,NSGA2deap,5,9,6,,0.0,0.0,,
DTLZ1,NSGA2deap,5,9,7,,0.0,0.0,,
DTLZ1,NSGA2deap,5,9,8,,0.0,0.0,,
DTLZ1,NSGA2deap,5,9,9,,0.0,0.0,,
DTLZ1,NSGA2deap,5,9,10,,0.0,0.0,,
DTLZ1,NSGA2deap,5,9,11,,0.0,0.0,,
DTLZ1,NSGA2deap,5,9,12,,0.0,0.0,,
DTLZ1,NSGA2deap,5,9,13,0.029698246708962567,1.5822556522715228,0.1137887532224144,,
DTLZ1,NSGA2deap,5,9,14,0.4252767116530499,0.7019553933951957,0.0,,
DTLZ1,NSGA2deap,5,9,15,,0.0,0.0,,
DTLZ1,NSGA2deap,5,9,16,,0.0,0.0,,
DTLZ1,NSGA2deap,5,9,17,,0.0,0.0,,
DTLZ1,NSGA2deap,5,9,18,,0.0,0.0,,
DTLZ1,NSGA2deap,5,9,19,,0.0,0.0,,
DTLZ1,NSGA2deap,5,9,20,,0.0,0.0,,
DTLZ1,NSGA2deap,5,9,21,,0.0,0.0,,
DTLZ1,NSGA2deap,5,9,22,,0.0,0.0,,
DTLZ1,NSGA2deap,5,9,23,,0.0,0.0,,
DTLZ1,NSGA2deap,5,9,24,,0.0,0.0,,
DTLZ1,NSGA2deap,5,9,25,,0.0,0.0,,
DTLZ1,NSGA2deap,5,9,26,,0.0,0.0,,
DTLZ1,NSGA2deap,5,9,27,0.21644932309414777,1.3766831512487592,0.05940546817771971,,
DTLZ1,NSGA2deap,5,9,28,1.4702476851441182,0.16723349019712658,0.09625542423232791,,
DTLZ1,NSGA2deap,5,9,29,,0.0,0.0,,
DTLZ1,NSGA2deap,5,9,30,,0.0,0.0,,
MochilaMultiobjetivo,MOEAD,5,30,1,1.031945521612575,0.04667235101182178,0.06059413124021768,0.9594594594594594,0.04054054054054057
MochilaMultiobjetivo,MOEAD,5,30,2,1.031945521612575,0.04667235101182178,0.06059413124021768,0.9594594594594594,0.04054054054054057
MochilaMultiobjetivo,MOEAD,5,30,3,1.031945521612575,0.04667235101182178,0.06059413124021768,0.9594594594594594,0.04054054054054057
MochilaMultiobjetivo,MOEAD,5,30,4,1.031945521612575,0.04667235101182178,0.06059413124021768,0.9594594594594594,0.04054054054054057
MochilaMultiobjetivo,MOEAD,5,30,5,1.031945521612575,0.04667235101182178,0.06059413124021768,0.9594594594594594,0.04054054054054057
MochilaMultiobjetivo,MOEAD,5,30,6,1.031945521612575,0.04667235101182178,0.06059413124021768,0.9594594594594594,0.04054054054054057
MochilaMultiobjetivo,MOEAD,5,30,7,1.031945521612575,0.04667235101182178,0.06059413124021768,0.9594594594594594,0.04054054054054057
MochilaMultiobjetivo,MOEAD,5,30,8,1.031945521612575,0.04667235101182178,0.06059413124021768,0.9594594594594594,0.04054054054054057
MochilaMultiobjetivo,MOEAD,5,30,9,1.031945521612575,0.04667235101182178,0.06059413124021768,0.9594594594594594,0.04054054054054057
MochilaMultiobjetivo,MOEAD,5,30,10,1.031945521612575,0.04667235101182178,0.06059413124021768,0.9594594594594594,0.04054054054054057
MochilaMultiobjetivo,MOEAD,5,30,11,1.031945521612575,0.04667235101182178,0.06059413124021768,0.9594594594594594,0.04054054054054057
MochilaMultiobjetivo,MOEAD,5,30,12,1.031945521612575,0.04667235101182178,0.06059413124021768,0.9594594594594594,0.04054054054054057
MochilaMultiobjetivo,MOEAD,5,30,13,1.031945521612575,0.04667235101182178,0.06059413124021768,0.9594594594594594,0.04054054054054057
MochilaMultiobjetivo,MOEAD,5,30,14,1.031945521612575,0.04667235101182178,0.06059413124021768,0.9594594594594594,0.04054054054054057
MochilaMultiobjetivo,MOEAD,5,30,15,1.031945521612575,0.04667235101182178,0.06059413124021768,0.9594594594594594,0.04054054054054057
MochilaMultiobjetivo,MOEAD,5,30,16,1.031945521612575,0.04667235101182178,0.06059413124021768,0.9594594594594594,0.04054054054054057
MochilaMultiobjetivo,MOEAD,5,30,17,1.031945521612575,0.04667235101182178,0.06059413124021768,0.9594594594594594,0.04054054054054057
MochilaMultiobjetivo,MOEAD,5,30,18,1.031945521612575,0.04667235101182178,0.06059413124021768,0.9594594594594594,0.04054054054054057
MochilaMultiobjetivo,MOEAD,5,30,19,1.031945521612575,0.04667235101182178,0.06059413124021768,0.9594594594594594,0.04054054054054057
MochilaMultiobjetivo,MOEAD,5,30,20,1.031945521612575,0.04667235101182178,0.06059413124021768,0.9594594594594594,0.04054054054054057
MochilaMultiobjetivo,MOEAD,5,30,21,1.031945521612575,0.04667235101182178,0.06059413124021768,0.9594594594594594,0.04054054054054057
MochilaMultiobjetivo,MOEAD,5,30,22,1.031945521612575,0.04667235101182178,0.06059413124021768,0.9594594594594594,0.04054054054054057
MochilaMultiobjetivo,MOEAD,5,30,23,1.031945521612575,0.04667235101182178,0.06059413124021768,0.9594594594594594,0.04054054054054057
MochilaMultiobjetivo,MOEAD,5,30,24,1.031945521612575,0.04667235101182178,0.06059413124021768,0.9594594594594594,0.04054054054054057
MochilaMultiobjetivo,MOEAD,5,30,25,1.031945521612575,0.04667235101182178,0.06059413124021768,0.9594594594594594,0.04054054054054057
MochilaMultiobjetivo,MOEAD,5,30,26,1.031945521612575,0.04667235101182178,0.06059413124021768,0.9594594594594594,0.04054054054054057
MochilaMultiobjetivo,MOEAD,5,30,27,1.031945521612575,0.04667235101182178,0.06059413124021768,0.9594594594594594,0.04054054054054057
MochilaMultiobjetivo,MOEAD,5,30,28,1.031945521612575,0.04667235101182178,0.06059413124021768,0.9594594594594594,0.04054054054054057
MochilaMultiobjetivo,MOEAD,5,30,29,1.031945521612575,0.04667235101182178,0.06059413124021768,0.9594594594594594,0.04054054054054057
MochilaMultiobjetivo,MOEAD,5,30,30,1.031945521612575,0.04667235101182178,0.06059413124021768,0.9594594594594594,0.04054054054054057
MochilaMultiobjetivo,MEAMT,5,30,1,1.198617658650374,0.025343125840659262,0.06558499772165925,0.9284552845528455,0.07154471544715446
MochilaMultiobjetivo,MEAMT,5,30,2,1.198617658650374,0.025343125840659262,0.06558499772165925,0.9284552845528455,0.07154471544715446
MochilaMultiobjetivo,MEAMT,5,30,3,1.198617658650374,0.025343125840659262,0.06558499772165925,0.9284552845528455,0.07154471544715446
MochilaMultiobjetivo,MEAMT,5,30,4,1.198617658650374,0.025343125840659262,0.06558499772165925,0.9284552845528455,0.07154471544715446
MochilaMultiobjetivo,MEAMT,5,30,5,1.198617658650374,0.025343125840659262,0.06558499772165925,0.9284552845528455,0.07154471544715446
MochilaMultiobjetivo,MEAMT,5,30,6,1.198617658650374,0.025343125840659262,0.06558499772165925,0.9284552845528455,0.07154471544715446
MochilaMultiobjetivo,MEAMT,5,30,7,1.198617658650374,0.025343125840659262,0.06558499772165925,0.9284552845528455,0.07154471544715446
MochilaMultiobjetivo,MEAMT,5,30,8,1.198617658650374,0.025343125840659262,0.06558499772165925,0.9284552845528455,0.07154471544715446
MochilaMultiobjetivo,MEAMT,5,30,9,1.198617658650374,0.025343125840659262,0.06558499772165925,0.9284552845528455,0.07154471544715446
MochilaMultiobjetivo,MEAMT,5,30,10,1.198617658650374,0.025343125840659262,0.06558499772165925,0.9284552845528455,0.07154471544715446
MochilaMultiobjetivo,MEAMT,5,30,11,1.198617658650374,0.025343125840659262,0.06558499772165925,0.9284552845528455,0.07154471544715446
MochilaMultiobjetivo,MEAMT,5,30,12,1.198617658650374,0.025343125840659262,0.06558499772165925,0.9284552845528455,0.07154471544715446
MochilaMultiobjetivo,MEAMT,5,30,13,1.198617658650374,0.025343125840659262,0.06558499772165925,0.9284552845528455,0.07154471544715446
MochilaMultiobjetivo,MEAMT,5,30,14,1.198617658650374,0.025343125840659262,0.06558499772165925,0.9284552845528455,0.07154471544715446
MochilaMultiobjetivo,MEAMT,5,30,15,1.198617658650374,0.025343125840659262,0.06558499772165925,0.9284552845528455,0.07154471544715446
MochilaMultiobjetivo,MEAMT,5,30,16,1.198617658650374,0.025343125840659262,0.06558499772165925,0.9284552845528455,0.07154471544715446
MochilaMultiobjetivo,MEAMT,5,30,17,1.198617658650374,0.025343125840659262,0.06558499772165925,0.9284552845528455,0.07154471544715446
MochilaMultiobjetivo,MEAMT,5,30,18,1.198617658650374,0.025343125840659262,0.06558499772165925,0.9284552845528455,0.07154471544715446
MochilaMultiobjetivo,MEAMT,5,30,19,1.198617658650374,0.025343125840659262,0.06558499772165925,0.9284552845528455,0.07154471544715446
MochilaMultiobjetivo,MEAMT,5,30,20,1.198617658650374,0.025343125840659262,0.06558499772165925,0.9284552845528455,0.07154471544715446
MochilaMultiobjetivo,MEAMT,5,30,21,1.198617658650374,0.025343125840659262,0.06558499772165925,0.9284552845528455,0.07154471544715446
MochilaMultiobjetivo,MEAMT,5,30,22,1.198617658650374,0.025343125840659262,0.06558499772165925,0.9284552845528455,0.07154471544715446
MochilaMultiobjetivo,MEAMT,5,30,23,1.198617658650374,0.025343125840659262,0.06558499772165925,0.9284552845528455,0.07154471544715446
MochilaMultiobjetivo,MEAMT,5,30,24,1.198617658650374,0.025343125840659262,0.06558499772165925,0.9284552845528455,0.07154471544715446
MochilaMultiobjetivo,MEAMT,5,30,25,1.198617658650374,0.025343125840659262,0.06558499772165925,0.9284552845528455,0.07154471544715446
MochilaMultiobjetivo,MEAMT,5,30,26,1.198617658650374,0.025343125840659262,0.06558499772165925,0.9284552845528455,0.07154471544715446
MochilaMultiobjetivo,MEAMT,5,30,27,1.198617658650374,0.025343125840659262,0.06558499772165925,0.9284552845528455,0.07154471544715446
MochilaMultiobjetivo,MEAMT,5,30,28,1.198617658650374,0.025343125840659262,0.06558499772165925,0.9284552845528455,0.07154471544715446
MochilaMultiobjetivo,MEAMT,5,30,29,1.198617658650374,0.025343125840659262,0.06558499772165925,0.9284552845528455,0.07154471544715446
MochilaMultiobjetivo,MEAMT,5,30,30,1.198617658650374,0.025343125840659262,0.06558499772165925,0.9284552845528455,0.07154471544715446
MochilaMultiobjetivo,NSGA2deap,5,30,1,1.1164953365626682,0.05450285083973561,0.10123104416626931,0.35,0.65
MochilaMultiobjetivo,NSGA2deap,5,30,2,1.0999872350709066,0.06057784323390961,0.10451598995036174,0.32,0.6799999999999999
MochilaMultiobjetivo,NSGA2deap,5,30,3,1.1225436993895188,0.06193608061195055,0.09731023284402246,0.35333333333333333,0.6466666666666667
MochilaMultiobjetivo,NSGA2deap,5,30,4,1.0970208343760146,0.05952031536282157,0.11111082223620787,0.31333333333333335,0.6866666666666666
MochilaMultiobjetivo,NSGA2deap,5,30,5,1.1024256299094575,0.06180093583721359,0.10207906831494959,0.32,0.6799999999999999
MochilaMultiobjetivo,NSGA2deap,5,30,6,1.0926039229358897,0.06909848268351401,0.1030076474987209,0.25666666666666665,0.7433333333333334
MochilaMultiobjetivo,NSGA2deap,5,30,7,1.1044132043131725,0.06346072818674876,0.12157519813376962,0.30333333333333334,0.6966666666666667
MochilaMultiobjetivo,NSGA2deap,5,30,8,1.110197750916401,0.060871395719558116,0.10052842020979554,0.35333333333333333,0.6466666666666667
MochilaMultiobjetivo,NSGA2deap,5,30,9,1.0817732091715102,0.06900903487788962,0.09452156903786738,0.2733333333333333,0.7266666666666667
MochilaMultiobjetivo,NSGA2deap,5,30,10,1.1149009854356442,0.05576554762146083,0.1161943955460241,0.33666666666666667,0.6633333333333333
MochilaMultiobjetivo,NSGA2deap,5,30,11,1.1032335382105003,0.06396416235782643,0.09634941352633114,0.35,0.65
MochilaMultiobjetivo,NSGA2deap,5,30,12,1.083487723996756,0.06679973852620621,0.1024905043107712,0.3,0.7
MochilaMultiobjetivo,NSGA2deap,5,30,13,1.0883526752051347,0.06316699544348053,0.10364880543638251,0.31,0.69
MochilaMultiobjetivo,NSGA2deap,5,30,14,1.0868710215815356,0.06546898663066346,0.10167206684376875,0.24666666666666667,0.7533333333333333
MochilaMultiobjetivo,NSGA2deap,5,30,15,1.1059478417378563,0.060266746663598825,0.09277295434019747,0.38666666666666666,0.6133333333333333
MochilaMultiobjetivo,NSGA2deap,5,30,16,1.121585906120706,0.04991753023351506,0.10150229698982666,0.39666666666666667,0.6033333333333333
MochilaMultiobjetivo,NSGA2deap,5,30,17,1.0788691828283037,0.0714477292622052,0.11042761706564226,0.27666666666666667,0.7233333333333334
MochilaMultiobjetivo,NSGA2deap,5,30,18,1.1034351367779927,0.05794387446627855,0.10197097365747977,0.31666666666666665,0.6833333333333333
MochilaMultiobjetivo,NSGA2deap,5,30,19,1.1143770915925082,0.06139390159557091,0.10597164898113276,0.31,0.69
MochilaMultiobjetivo,NSGA2deap,5,30,20,1.1064443544442568,0.05599433849972383,0.09173894535725917,0.37,0.63
MochilaMultiobjetivo,NSGA2deap,5,30,21,1.0792788228009085,0.06747709824526336,0.10368956785316567,0.24666666666666667,0.7533333333333333
MochilaMultiobjetivo,NSGA2deap,5,30,22,1.1282782754762843,0.058537457675908275,0.10216507527384869,0.34,0.6599999999999999
MochilaMultiobjetivo,NSGA2deap,5,30,23,1.099694935127363,0.05962675590783442,0.09955027252349039,0.33,0.6699999999999999
MochilaMultiobjetivo,NSGA2deap,5,30,24,1.0857946786273103,0.06424585378028827,0.10254142228998107,0.30666666666666664,0.6933333333333334
MochilaMultiobjetivo,NSGA2deap,5,30,25,1.0900496078979947,0.06633117124426717,0.10357343090845357,0.38,0.62
MochilaMultiobjetivo,NSGA2deap,5,30,26,1.1113090988948668,0.0607309652851822,0.10024642815014534,0.3,0.7
MochilaMultiobjetivo,NSGA2deap,5,30,27,1.0969396341508655,0.06385552403366859,0.10067799282926534,0.3566666666666667,0.6433333333333333
MochilaMultiobjetivo,NSGA2deap,5,30,28,1.146130206316936,0.04856279397175696,0.10235403688097933,0.5433333333333333,0.45666666666666667
MochilaMultiobjetivo,NSGA2deap,5,30,29,1.0922190746416942,0.06627040402520518,0.10311295647039262,0.31666666666666665,0.6833333333333333
MochilaMultiobjetivo,NSGA2deap,5,30,30,1.1002392266638474,0.0640517314334206,0.10626494307776711,0.30333333333333334,0.6966666666666667
MochilaMultiobjetivo,NSGA3,5,30,1,1.172252316921317,0.02961699446273266,0.08640600731490011,0.9669421487603306,0.03305785123966942
MochilaMultiobjetivo,NSGA3,5,30,2,1.172252316921317,0.02961699446273266,0.08640600731490011,0.9669421487603306,0.03305785123966942
MochilaMultiobjetivo,NSGA3,5,30,3,1.172252316921317,0.02961699446273266,0.08640600731490011,0.9669421487603306,0.03305785123966942
MochilaMultiobjetivo,NSGA3,5,30,4,1.172252316921317,0.02961699446273266,0.08640600731490011,0.9669421487603306,0.03305785123966942
MochilaMultiobjetivo,NSGA3,5,30,5,1.172252316921317,0.02961699446273266,0.08640600731490011,0.9669421487603306,0.03305785123966942
MochilaMultiobjetivo,NSGA3,5,30,6,1.172252316921317,0.02961699446273266,0.08640600731490011,0.9669421487603306,0.03305785123966942
MochilaMultiobjetivo,NSGA3,5,30,7,1.172252316921317,0.02961699446273266,0.08640600731490011,0.9669421487603306,0.03305785123966942
MochilaMultiobjetivo,NSGA3,5,30,8,1.172252316921317,0.02961699446273266,0.08640600731490011,0.9669421487603306,0.03305785123966942
MochilaMultiobjetivo,NSGA3,5,30,9,1.172252316921317,0.02961699446273266,0.08640600731490011,0.9669421487603306,0.03305785123966942
MochilaMultiobjetivo,NSGA3,5,30,10,1.172252316921317,0.02961699446273266,0.08640600731490011,0.9669421487603306,0.03305785123966942
MochilaMultiobjetivo,NSGA3,5,30,11,1.172252316921317,0.02961699446273266,0.08640600731490011,0.9669421487603306,0.03305785123966942
MochilaMultiobjetivo,NSGA3,5,30,12,1.172252316921317,0.02961699446273266,0.08640600731490011,0.9669421487603306,0.03305785123966942
MochilaMultiobjetivo,NSGA3,5,30,13,1.172252316921317,0.02961699446273266,0.08640600731490011,0.9669421487603306,0.03305785123966942
MochilaMultiobjetivo,NSGA3,5,30,14,1.172252316921317,0.02961699446273266,0.08640600731490011,0.9669421487603306,0.03305785123966942
MochilaMultiobjetivo,NSGA3,5,30,15,1.172252316921317,0.02961699446273266,0.08640600731490011,0.9669421487603306,0.03305785123966942
MochilaMultiobjetivo,NSGA3,5,30,16,1.172252316921317,0.02961699446273266,0.08640600731490011,0.9669421487603306,0.03305785123966942
MochilaMultiobjetivo,NSGA3,5,30,17,1.172252316921317,0.02961699446273266,0.08640600731490011,0.9669421487603306,0.03305785123966942
MochilaMultiobjetivo,NSGA3,5,30,18,1.172252316921317,0.02961699446273266,0.08640600731490011,0.9669421487603306,0.03305785123966942
MochilaMultiobjetivo,NSGA3,5,30,19,1.172252316921317,0.02961699446273266,0.08640600731490011,0.9669421487603306,0.03305785123966942
MochilaMultiobjetivo,NSGA3,5,30,20,1.172252316921317,0.02961699446273266,0.08640600731490011,0.9669421487603306,0.03305785123966942
MochilaMultiobjetivo,NSGA3,5,30,21,1.172252316921317,0.02961699446273266,0.08640600731490011,0.9669421487603306,0.03305785123966942
MochilaMultiobjetivo,NSGA3,5,30,22,1.172252316921317,0.02961699446273266,0.08640600731490011,0.9669421487603306,0.03305785123966942
MochilaMultiobjetivo,NSGA3,5,30,23,1.172252316921317,0.02961699446273266,0.08640600731490011,0.9669421487603306,0.03305785123966942
MochilaMultiobjetivo,NSGA3,5,30,24,1.172252316921317,0.02961699446273266,0.08640600731490011,0.9669421487603306,0.03305785123966942
MochilaMultiobjetivo,NSGA3,5,30,25,1.172252316921317,0.02961699446273266,0.08640600731490011,0.9669421487603306,0.03305785123966942
MochilaMultiobjetivo,NSGA3,5,30,26,1.172252316921317,0.02961699446273266,0.08640600731490011,0.9669421487603306,0.03305785123966942
MochilaMultiobjetivo,NSGA3,5,30,27,1.172252316921317,0.02961699446273266,0.08640600731490011,0.9669421487603306,0.03305785123966942
MochilaMultiobjetivo,NSGA3,5,30,28,1.172252316921317,0.02961699446273266,0.08640600731490011,0.9669421487603306,0.03305785123966942
MochilaMultiobjetivo,NSGA3,5,30,29,1.172252316921317,0.02961699446273266,0.08640600731490011,0.9669421487603306,0.03305785123966942
MochilaMultiobjetivo,NSGA3,5,30,30,1.172252316921317,0.02961699446273266,0.08640600731490011,0.9669421487603306,0.03305785123966942
MochilaMultiobjetivo,MEAMT-ENXUTO,5,30,1,1.0846586703776153,0.05944115626199608,0.07852958185160976,0.9,0.09999999999999998
MochilaMultiobjetivo,MEAMT-ENXUTO,5,30,2,1.0846586703776153,0.05944115626199608,0.07852958185160976,0.9,0.09999999999999998
MochilaMultiobjetivo,MEAMT-ENXUTO,5,30,3,1.0846586703776153,0.05944115626199608,0.07852958185160976,0.9,0.09999999999999998
MochilaMultiobjetivo,MEAMT-ENXUTO,5,30,4,1.0846586703776153,0.05944115626199608,0.07852958185160976,0.9,0.09999999999999998
MochilaMultiobjetivo,MEAMT-ENXUTO,5,30,5,1.0846586703776153,0.05944115626199608,0.07852958185160976,0.9,0.09999999999999998
MochilaMultiobjetivo,MEAMT-ENXUTO,5,30,6,1.0846586703776153,0.05944115626199608,0.07852958185160976,0.9,0.09999999999999998
MochilaMultiobjetivo,MEAMT-ENXUTO,5,30,7,1.0846586703776153,0.05944115626199608,0.07852958185160976,0.9,0.09999999999999998
MochilaMultiobjetivo,MEAMT-ENXUTO,5,30,8,1.0846586703776153,0.05944115626199608,0.07852958185160976,0.9,0.09999999999999998
MochilaMultiobjetivo,MEAMT-ENXUTO,5,30,9,1.0846586703776153,0.05944115626199608,0.07852958185160976,0.9,0.09999999999999998
MochilaMultiobjetivo,MEAMT-ENXUTO,5,30,10,1.0846586703776153,0.05944115626199608,0.07852958185160976,0.9,0.09999999999999998
MochilaMultiobjetivo,MEAMT-ENXUTO,5,30,11,1.0846586703776153,0.05944115626199608,0.07852958185160976,0.9,0.09999999999999998
MochilaMultiobjetivo,MEAMT-ENXUTO,5,30,12,1.0846586703776153,0.05944115626199608,0.07852958185160976,0.9,0.09999999999999998
MochilaMultiobjetivo,MEAMT-ENXUTO,5,30,13,1.0846586703776153,0.05944115626199608,0.07852958185160976,0.9,0.09999999999999998
MochilaMultiobjetivo,MEAMT-ENXUTO,5,30,14,1.0846586703776153,0.05944115626199608,0.07852958185160976,0.9,0.09999999999999998
MochilaMultiobjetivo,MEAMT-ENXUTO,5,30,15,1.0846586703776153,0.05944115626199608,0.07852958185160976,0.9,0.09999999999999998
MochilaMultiobjetivo,MEAMT-ENXUTO,5,30,16,1.0846586703776153,0.05944115626199608,0.07852958185160976,0.9,0.09999999999999998
MochilaMultiobjetivo,MEAMT-ENXUTO,5,30,17,1.0846586703776153,0.05944115626199608,0.07852958185160976,0.9,0.09999999999999998
MochilaMultiobjetivo,MEAMT-ENXUTO,5,30,18,1.0846586703776153,0.05944115626199608,0.07852958185160976,0.9,0.09999999999999998
MochilaMultiobjetivo,MEAMT-ENXUTO,5,30,19,1.0846586703776153,0.05944115626199608,0.07852958185160976,0.9,0.09999999999999998
MochilaMultiobjetivo,MEAMT-ENXUTO,5,30,20,1.0846586703776153,0.05944115626199608,0.07852958185160976,0.9,0.09999999999999998
MochilaMultiobjetivo,MEAMT-ENXUTO,5,30,21,1.0846586703776153,0.05944115626199608,0.07852958185160976,0.9,0.09999999999999998
MochilaMultiobjetivo,MEAMT-ENXUTO,5,30,22,1.0846586703776153,0.05944115626199608,0.07852958185160976,0.9,0.09999999999999998
MochilaMultiobjetivo,MEAMT-ENXUTO,5,30,23,1.0846586703776153,0.05944115626199608,0.07852958185160976,0.9,0.09999999999999998
MochilaMultiobjetivo,MEAMT-ENXUTO,5,30,24,1.0846586703776153,0.05944115626199608,0.07852958185160976,0.9,0.09999999999999998
MochilaMultiobjetivo,MEAMT-ENXUTO,5,30,25,1.0846586703776153,0.05944115626199608,0.07852958185160976,0.9,0.09999999999999998
MochilaMultiobjetivo,MEAMT-ENXUTO,5,30,26,1.0846586703776153,0.05944115626199608,0.07852958185160976,0.9,0.09999999999999998
MochilaMultiobjetivo,MEAMT-ENXUTO,5,30,27,1.0846586703776153,0.05944115626199608,0.07852958185160976,0.9,0.09999999999999998
MochilaMultiobjetivo,MEAMT-ENXUTO,5,30,28,1.0846586703776153,0.05944115626199608,0.07852958185160976,0.9,0.09999999999999998
MochilaMultiobjetivo,MEAMT-ENXUTO,5,30,29,1.0846586703776153,0.05944115626199608,0.07852958185160976,0.9,0.09999999999999998
MochilaMultiobjetivo,MEAMT-ENXUTO,5,30,30,1.0846586703776153,0.05944115626199608,0.07852958185160976,0.9,0.09999999999999998
DPF5,MEAMT-ENXUTO,3,22,1,1.0139582930507838,0.05904769896841372,0.03777718850672308,,
DPF5,MEAMT-ENXUTO,3,22,2,1.09324297717287,0.036518373001529165,0.02942593081138023,,
DPF5,MEAMT-ENXUTO,3,22,3,0.8987075948787966,0.13123522109105806,0.04130453552828653,,
DPF5,MEAMT-ENXUTO,3,22,4,1.0931451233835048,0.04933896385517228,0.02856878066169351,,
DPF5,MEAMT-ENXUTO,3,22,5,1.0355734269768944,0.04078320899480037,0.036408125309639466,,
DPF5,MEAMT-ENXUTO,3,22,6,1.0050872581077732,0.06639723720087475,0.04256489084404601,,
DPF5,MEAMT-ENXUTO,3,22,7,1.0392330405426922,0.09285173162227535,0.03506103039646901,,
DPF5,MEAMT-ENXUTO,3,22,8,1.0595247774119225,0.048901111536190076,0.04003344155438137,,
DPF5,MEAMT-ENXUTO,3,22,9,0.9211918381265931,0.1284904546658596,0.02817270777185892,,
DPF5,MEAMT-ENXUTO,3,22,10,1.000786944235907,0.06992738553558915,0.035040941123299994,,
DPF5,MEAMT-ENXUTO,3,22,11,1.0641848308624877,0.0518731018847446,0.034642509447031136,,
DPF5,MEAMT-ENXUTO,3,22,12,0.9635040055553628,0.09773426711516013,0.02942185174058803,,
DPF5,MEAMT-ENXUTO,3,22,13,0.9981141510008935,0.12793055129764433,0.021769619198429048,,
DPF5,MEAMT-ENXUTO,3,22,14,1.0262937563025,0.1270530761013209,0.036063849431836555,,
DPF5,MEAMT-ENXUTO,3,22,15,1.0323665180098578,0.06376009895776424,0.037765210103000456,,
DPF5,MEAMT-ENXUTO,3,22,16,0.9843927142320319,0.10543369483823951,0.04672759354677206,,
DPF5,MEAMT-ENXUTO,3,22,17,0.9985262761362059,0.1766758944594957,0.023733481267856685,,
DPF5,MEAMT-ENXUTO,3,22,18,1.0732686498120259,0.0321108792550676,0.039431902299039125,,
DPF5,MEAMT-ENXUTO,3,22,19,1.0449005079766929,0.08480619704330569,0.03474479850833807,,
DPF5,MEAMT-ENXUTO,3,22,20,0.8917584116563871,0.14088716101021928,0.01784797867307208,,
DPF5,MEAMT-ENXUTO,3,22,21,0.9862395970642157,0.05670775284880564,0.03354043762221059,,
DPF5,MEAMT-ENXUTO,3,22,22,1.043612726373692,0.08849770409537591,0.02974840808686649,,
DPF5,MEAMT-ENXUTO,3,22,23,1.0684139892453108,0.039931854764687934,0.03671628194117271,,
DPF5,MEAMT-ENXUTO,3,22,24,0.8785272396162919,0.1476649180874774,0.054549898903834645,,
DPF5,MEAMT-ENXUTO,3,22,25,1.0016684300124965,0.13632645279821134,0.05503782531582877,,
DPF5,MEAMT-ENXUTO,3,22,26,1.0682597443295603,0.05775991258884619,0.033108826403972225,,
DPF5,MEAMT-ENXUTO,3,22,27,1.0880478009184351,0.039549774248267486,0.03191327098630504,,
DPF5,MEAMT-ENXUTO,3,22,28,1.0652388583926293,0.08448607250117462,0.039710082057726206,,
DPF5,MEAMT-ENXUTO,3,22,29,0.984077250335011,0.10140521688502858,0.051405408816717166,,
DPF5,MEAMT-ENXUTO,3,22,30,0.9889547596777564,0.10240224487178666,0.03258572280396632,,
DPF5,NSGA2deap,3,22,1,1.1069008291801896,0.009749985143917155,0.03411705684950154,,
DPF5,NSGA2deap,3,22,2,1.1065276508727444,0.009334440112930852,0.03181073179605964,,
DPF5,NSGA2deap,3,22,3,1.109801026959084,0.0086899409177,0.032031093047931634,,
DPF5,NSGA2deap,3,22,4,1.109216029257177,0.008794099244762203,0.02945667020017296,,
DPF5,NSGA2deap,3,22,5,1.1106571808106833,0.00891088939448044,0.029543250151672983,,
DPF5,NSGA2deap,3,22,6,1.1097762882847952,0.008746483510108516,0.029984365859619794,,
DPF5,NSGA2deap,3,22,7,1.1108478556475188,0.008264721176297615,0.031816415830763764,,
DPF5,NSGA2deap,3,22,8,1.1064506211469776,0.009665591706895623,0.030843182818651102,,
DPF5,NSGA2deap,3,22,9,1.1081047861710573,0.009128313616623938,0.02557212380196671,,
DPF5,NSGA2deap,3,22,10,1.1061722095680007,0.009734829036421587,0.02899788916578762,,
DPF5,NSGA2deap,3,22,11,1.111247648027034,0.008684846961349798,0.03089906897276621,,
DPF5,NSGA2deap,3,22,12,1.1091206803476503,0.0090900201875221,0.030246902225453915,,
DPF5,NSGA2deap,3,22,13,1.1093039213767286,0.008952438432182942,0.029878415639987346,,
DPF5,NSGA2deap,3,22,14,1.1073969846542338,0.009365628246404916,0.03446565858178058,,
DPF5,NSGA2deap,3,22,15,1.1082896810817227,0.00950412435332957,0.02860123705363181,,
DPF5,NSGA2deap,3,22,16,1.106920709733431,0.009154473813770714,0.04083139156386039,,
DPF5,NSGA2deap,3,22,17,1.1073836772471808,0.009293349695371747,0.034620064824772485,,
DPF5,NSGA2deap,3,22,18,1.1080870739436788,0.009022429045317925,0.03284799796526004,,
DPF5,NSGA2deap,3,22,19,1.1099928889386528,0.00872532896328424,0.02989528551548187,,
DPF5,NSGA2deap,3,22,20,1.1094909460592253,0.008729805318123403,0.03116476238719144,,
DPF5,NSGA2deap,3,22,21,1.1067106427484594,0.00887305995906752,0.031986216556254804,,
DPF5,NSGA2deap,3,22,22,1.1079150412136336,0.00905051509675615,0.02817397800875789,,
DPF5,NSGA2deap,3,22,23,1.1096008571633953,0.008592309920958375,0.03323511999262801,,
DPF5,NSGA2deap,3,22,24,1.1073317620815994,0.009305896241922284,0.031129371626860487,,
DPF5,NSGA2deap,3,22,25,1.109544719715588,0.009158340292089912,0.030922442078010884,,
DPF5,NSGA2deap,3,22,26,1.1088428016415424,0.009090638404049365,0.03342501678447429,,
DPF5,NSGA2deap,3,22,27,1.1082629911670865,0.009475516622519827,0.032047227695982096,,
DPF5,NSGA2deap,3,22,28,1.1100143080029734,0.009448913145772736,0.028525750016152582,,
DPF5,NSGA2deap,3,22,29,1.1111597644850808,0.008006411098669028,0.03290812932100784,,
DPF5,NSGA2deap,3,22,30,1.1095048049942164,0.008741958784622271,0.03195516685698428,,
DPF5,NSGA3,3,22,1,1.1140003442475541,0.010524312314468749,0.027973189048897444,,
DPF5,NSGA3,3,22,2,1.1138920560422838,0.010562001818311281,0.027902691432367354,,
DPF5,NSGA3,3,22,3,1.1140137111272879,0.010510066196701116,0.027986557430619133,,
DPF5,NSGA3,3,22,4,1.1140142485557476,0.01052865178991758,0.027905625113192813,,
DPF5,NSGA3,3,22,5,1.114009549608117,0.01053641776676482,0.02779115014973935,,
DPF5,NSGA3,3,22,6,1.1142411222880106,0.010487077923005775,0.027738879060612055,,
DPF5,NSGA3,3,22,7,1.114027818307977,0.010529779282278232,0.027880528572313365,,
DPF5,NSGA3,3,22,8,1.1140152541590858,0.01052983749416019,0.027935702670547447,,
DPF5,NSGA3,3,22,9,1.1140213933021288,0.010496956010982024,0.027967116190927472,,
DPF5,NSGA3,3,22,10,1.1141646901010722,0.010507757215088648,0.027796515568016118,,
DPF5,NSGA3,3,22,11,1.113958390788409,0.01063143996817999,0.027516638400431177,,
DPF5,NSGA3,3,22,12,1.1140069520625828,0.010531746461295797,0.027563804310326356,,
DPF5,NSGA3,3,22,13,1.1139943158734065,0.010536759748576253,0.027498102739780733,,
DPF5,NSGA3,3,22,14,1.1141713075801785,0.010574123855283295,0.02772062796101456,,
DPF5,NSGA3,3,22,15,1.113971623019581,0.010544065822971115,0.027712328638467353,,
DPF5,NSGA3,3,22,16,1.1136708542742557,0.011208727859148272,0.027736399649997013,,
DPF5,NSGA3,3,22,17,1.1139030321071888,0.010530467312563949,0.027899899028529365,,
DPF5,NSGA3,3,22,18,1.1140175806923196,0.010529856832514397,0.02794617679989265,,
DPF5,NSGA3,3,22,19,1.1140288491699166,0.010560579562372096,0.027964969143175922,,
DPF5,NSGA3,3,22,20,1.1140323365636164,0.01053199789215996,0.027905534083598575,,
DPF5,NSGA3,3,22,21,1.114037038500672,0.010530166949030875,0.02793791383197241,,
DPF5,NSGA3,3,22,22,1.1140206135085648,0.010524628820933668,0.027962260600895975,,
DPF5,NSGA3,3,22,23,1.1138427915340479,0.010531914931277631,0.027994764862852833,,
DPF5,NSGA3,3,22,24,1.1142534924474568,0.01048315403818155,0.027748957000503057,,
DPF5,NSGA3,3,22,25,1.1140344080135534,0.010537034619021128,0.027950303301295207,,
DPF5,NSGA3,3,22,26,1.114014778802527,0.010550174788968743,0.027944676537302458,,
DPF5,NSGA3,3,22,27,1.114242922712501,0.010508251800446374,0.027333635662144792,,
DPF5,NSGA3,3,22,28,1.1140151351039203,0.010569398440558177,0.02788440579264044,,
DPF5,NSGA3,3,22,29,1.114013063531367,0.010533258246687093,0.027972438085504425,,
DPF5,NSGA3,3,22,30,1.1140117046050857,0.01053203252757251,0.027955173787006366,,
DPF5,MOEAD,3,22,1,1.116071615045564,0.009764319438043656,0.04724744612346563,,
DPF5,MOEAD,3,22,2,1.1160760304037547,0.009789077830916744,0.04741643254020558,,
DPF5,MOEAD,3,22,3,1.1160690073361048,0.009771550332776765,0.04741494081329283,,
DPF5,MOEAD,3,22,4,1.1160966532559105,0.009747652308638038,0.047430522361841546,,
DPF5,MOEAD,3,22,5,1.1160863038434314,0.009758896598694075,0.047454156321765646,,
DPF5,MOEAD,3,22,6,1.11610375405697,0.009736065646545495,0.0474882606711788,,
DPF5,MOEAD,3,22,7,1.1160989601172409,0.009750692976930557,0.047467800258775276,,
DPF5,MOEAD,3,22,8,1.1160745342862421,0.009742916560570043,0.04746224863141933,,
DPF5,MOEAD,3,22,9,1.1161030555566738,0.009740753780710714,0.04740937729539177,,
DPF5,MOEAD,3,22,10,1.1161028125037138,0.009740135714050675,0.04742460989384792,,
DPF5,MOEAD,3,22,11,1.1160687014239865,0.009735688659132116,0.0474001194192633,,
DPF5,MOEAD,3,22,12,1.116093827656329,0.00974695531370687,0.047476650023823744,,
DPF5,MOEAD,3,22,13,1.1161017841757164,0.00974910776997422,0.047466350964944365,,
DPF5,MOEAD,3,22,14,1.1161047276472276,0.009739042124331167,0.04744390304024562,,
DPF5,MOEAD,3,22,15,1.1160964830698568,0.0097475993094179,0.04745517002112878,,
DPF5,MOEAD,3,22,16,1.1160915352143954,0.00975992348920156,0.047496875824854005,,
DPF5,MOEAD,3,22,17,1.1161058650789473,0.009737762892302338,0.04746324262433398,,
DPF5,MOEAD,3,22,18,1.1160861496067864,0.009757011690768942,0.0473988365632129,,
DPF5,MOEAD,3,22,19,1.1160892547245365,0.009773904942992632,0.047463350954550655,,
DPF5,MOEAD,3,22,20,1.116099881146814,0.009741924948832463,0.04727138096591198,,
DPF5,MOEAD,3,22,21,1.1160982374421466,0.00975541854109072,0.04747255898294098,,
DPF5,MOEAD,3,22,22,1.116089453786187,0.009744469379796636,0.04743299002527646,,
DPF5,MOEAD,3,22,23,1.1160965132898955,0.00974770140094545,0.047418826263563765,,
DPF5,MOEAD,3,22,24,1.1160889152878595,0.0097541647689342,0.04719500085365494,,
DPF5,MOEAD,3,22,25,1.116099168968952,0.009740999901892313,0.04723506848126323,,
DPF5,MOEAD,3,22,26,1.116102974096939,0.00974726709991364,0.047514929245966966,,
DPF5,MOEAD,3,22,27,1.1161020703522402,0.009738342124250154,0.04732079838886812,,
DPF5,MOEAD,3,22,28,1.1160965487836385,0.009754382108797293,0.04744109240786894,,
DPF5,MOEAD,3,22,29,1.1160950147198863,0.009740994406468513,0.04742412388114556,,
DPF5,MOEAD,3,22,30,1.1160674509067752,0.009757122625784643,0.047420854001516875,,
DPF5,MEAMT,3,22,1,1.0764357745270507,0.0664708115642205,0.03597926213136659,,
DPF5,MEAMT,3,22,2,1.0764357745270507,0.0664708115642205,0.03597926213136659,,
DPF5,MEAMT,3,22,3,1.0764357745270507,0.0664708115642205,0.03597926213136659,,
DPF5,MEAMT,3,22,4,1.0764357745270507,0.0664708115642205,0.03597926213136659,,
DPF5,MEAMT,3,22,5,1.0764357745270507,0.0664708115642205,0.03597926213136659,,
DPF5,MEAMT,3,22,6,1.0764357745270507,0.0664708115642205,0.03597926213136659,,
DPF5,MEAMT,3,22,7,1.0764357745270507,0.0664708115642205,0.03597926213136659,,
DPF5,MEAMT,3,22,8,1.0764357745270507,0.0664708115642205,0.03597926213136659,,
DPF5,MEAMT,3,22,9,1.0764357745270507,0.0664708115642205,0.03597926213136659,,
DPF5,MEAMT,3,22,10,1.0764357745270507,0.0664708115642205,0.03597926213136659,,
DPF5,MEAMT,3,22,11,1.0764357745270507,0.0664708115642205,0.03597926213136659,,
DPF5,MEAMT,3,22,12,1.0764357745270507,0.0664708115642205,0.03597926213136659,,
DPF5,MEAMT,3,22,13,1.0764357745270507,0.0664708115642205,0.03597926213136659,,
DPF5,MEAMT,3,22,14,1.0764357745270507,0.0664708115642205,0.03597926213136659,,
DPF5,MEAMT,3,22,15,1.0764357745270507,0.0664708115642205,0.03597926213136659,,
DPF5,MEAMT,3,22,16,1.0764357745270507,0.0664708115642205,0.03597926213136659,,
DPF5,MEAMT,3,22,17,1.0764357745270507,0.0664708115642205,0.03597926213136659,,
DPF5,MEAMT,3,22,18,1.0764357745270507,0.0664708115642205,0.03597926213136659,,
DPF5,MEAMT,3,22,19,1.0764357745270507,0.0664708115642205,0.03597926213136659,,
DPF5,MEAMT,3,22,20,1.0764357745270507,0.0664708115642205,0.03597926213136659,,
DPF5,MEAMT,3,22,21,1.0764357745270507,0.0664708115642205,0.03597926213136659,,
DPF5,MEAMT,3,22,22,1.0764357745270507,0.0664708115642205,0.03597926213136659,,
DPF5,MEAMT,3,22,23,1.0764357745270507,0.0664708115642205,0.03597926213136659,,
DPF5,MEAMT,3,22,24,1.0764357745270507,0.0664708115642205,0.03597926213136659,,
DPF5,MEAMT,3,22,25,1.0764357745270507,0.0664708115642205,0.03597926213136659,,
DPF5,MEAMT,3,22,26,1.0764357745270507,0.0664708115642205,0.03597926213136659,,
DPF5,MEAMT,3,22,27,1.0764357745270507,0.0664708115642205,0.03597926213136659,,
DPF5,MEAMT,3,22,28,1.0764357745270507,0.0664708115642205,0.03597926213136659,,
DPF5,MEAMT,3,22,29,1.0764357745270507,0.0664708115642205,0.03597926213136659,,
DPF5,MEAMT,3,22,30,1.0764357745270507,0.0664708115642205,0.03597926213136659,,
DTLZ2,NSGA3,3,12,1,1.1444277840220263,0.012283999858370915,0.029266274457026502,,
DTLZ2,NSGA3,3,12,2,1.144427173429704,0.01228720131794064,0.02926310446377973,,
DTLZ2,NSGA3,3,12,3,1.1444276145953989,0.012283756144680268,0.029259075811632475,,
DTLZ2,NSGA3,3,12,4,1.1444270955083085,0.012284966843424287,0.029235531318633913,,
DTLZ2,NSGA3,3,12,5,1.1444279988450163,0.012286453527338304,0.029274740702983047,,
DTLZ2,NSGA3,3,12,6,1.1444258841536217,0.012288767358664951,0.02922189100080908,,
DTLZ2,NSGA3,3,12,7,1.144427040169774,0.012286433318999538,0.029261133792710985,,
DTLZ2,NSGA3,3,12,8,1.1444252074148076,0.012286587894885294,0.02920113695813359,,
DTLZ2,NSGA3,3,12,9,1.1444269408731937,0.012289899232863898,0.02926034453244764,,
DTLZ2,NSGA3,3,12,10,1.1444265102176032,0.012286231727334018,0.029248120868032745,,
DTLZ2,NSGA3,3,12,11,1.1444271467191438,0.01228900782589046,0.029238541480549822,,
DTLZ2,NSGA3,3,12,12,1.1444271236042627,0.012285218467996399,0.02926906661820526,,
DTLZ2,NSGA3,3,12,13,1.1444277960465339,0.012285811700326313,0.029288143255288515,,
DTLZ2,NSGA3,3,12,14,1.1444283900555388,0.012283332175961628,0.029241669881969783,,
DTLZ2,NSGA3,3,12,15,1.144427741955813,0.012287456782228676,0.029249953602683624,,
DTLZ2,NSGA3,3,12,16,1.144427386390038,0.012289335257598902,0.029262409588167233,,
DTLZ2,NSGA3,3,12,17,1.1444263917769049,0.012286230069751568,0.029268736739609967,,
DTLZ2,NSGA3,3,12,18,1.1444274900448757,0.01228883983697934,0.029264502076475168,,
DTLZ2,NSGA3,3,12,19,1.1444270986411988,0.01228601064710067,0.02926358380163484,,
DTLZ2,NSGA3,3,12,20,1.1444271798895511,0.012283887788711747,0.029269141962653133,,
DTLZ2,NSGA3,3,12,21,1.1444282756598145,0.012285413299894318,0.02926193258644246,,
DTLZ2,NSGA3,3,12,22,1.1444275121116618,0.01228798419246851,0.029271049464319875,,
DTLZ2,NSGA3,3,12,23,1.1444270149211824,0.012289081828164333,0.029266978829902427,,
DTLZ2,NSGA3,3,12,24,1.1444259066866131,0.012287867770898122,0.029261350981259624,,
DTLZ2,NSGA3,3,12,25,1.1444264678334148,0.012287134199552336,0.029277405087509093,,
DTLZ2,NSGA3,3,12,26,1.1444279742409296,0.012284800839491522,0.029264001702799813,,
DTLZ2,NSGA3,3,12,27,1.1444276931333373,0.012287451272822788,0.029257884677510792,,
DTLZ2,NSGA3,3,12,28,1.1444271830747264,0.012285901131012425,0.0292595914040368,,
DTLZ2,NSGA3,3,12,29,1.1444278449270966,0.012287198589717425,0.029281313200862146,,
DTLZ2,NSGA3,3,12,30,1.1444268989016977,0.012284786848774017,0.029272708011157344,,
DTLZ2,NSGA2deap,3,12,1,1.1324795073582306,0.020514208633435446,0.030586359019343076,,
DTLZ2,NSGA2deap,3,12,2,1.1355232245815845,0.019448366134077407,0.03415112849099895,,
DTLZ2,NSGA2deap,3,12,3,1.1359316653954497,0.019742920596350893,0.03397694336836094,,
DTLZ2,NSGA2deap,3,12,4,1.1355781471886024,0.019426168682803092,0.0334920864482385,,
DTLZ2,NSGA2deap,3,12,5,1.1332857647643813,0.02028265468587357,0.030318011504218183,,
DTLZ2,NSGA2deap,3,12,6,1.133131200256409,0.02020149993450066,0.03128352276704867,,
DTLZ2,NSGA2deap,3,12,7,1.1353062601830515,0.019827824515272197,0.03187981228481532,,
DTLZ2,NSGA2deap,3,12,8,1.1332333641617343,0.020226024482132534,0.0331705198396527,,
DTLZ2,NSGA2deap,3,12,9,1.1345470139810274,0.020040136934836875,0.031828952361873004,,
DTLZ2,NSGA2deap,3,12,10,1.1360174405796908,0.019820314028707736,0.030592186046713456,,
DTLZ2,NSGA2deap,3,12,11,1.1351516354189275,0.020088424606634955,0.031924987188427116,,
DTLZ2,NSGA2deap,3,12,12,1.1343782349692648,0.019334931544668702,0.030725699481822046,,
DTLZ2,NSGA2deap,3,12,13,1.1355970499768664,0.020051048151296432,0.03623157312758974,,
DTLZ2,NSGA2deap,3,12,14,1.1342044967540605,0.01920317524847884,0.03334402207344774,,
DTLZ2,NSGA2deap,3,12,15,1.135824910422402,0.019704936822779604,0.03297202449231548,,
DTLZ2,NSGA2deap,3,12,16,1.1347086223359044,0.01963296582570622,0.03253787434172671,,
DTLZ2,NSGA2deap,3,12,17,1.133855892372084,0.020055799668894415,0.030011640424573077,,
DTLZ2,NSGA2deap,3,12,18,1.13565847821149,0.019894240081297844,0.030358830362989506,,
DTLZ2,NSGA2deap,3,12,19,1.1347796784142632,0.019458807422878963,0.032053776474529956,,
DTLZ2,NSGA2deap,3,12,20,1.1365036840604805,0.019354487151888793,0.03331279266418873,,
DTLZ2,NSGA2deap,3,12,21,1.1345702247783025,0.02006715313291897,0.02981499093998096,,
DTLZ2,NSGA2deap,3,12,22,1.136279009458475,0.019085433803392334,0.03045751067249693,,
DTLZ2,NSGA2deap,3,12,23,1.1357757619222457,0.019259042076325443,0.03164095424516119,,
DTLZ2,NSGA2deap,3,12,24,1.1358610695120976,0.019929984924925894,0.033962769829242276,,
DTLZ2,NSGA2deap,3,12,25,1.1344442030520872,0.019539062021872004,0.031615806419327284,,
DTLZ2,NSGA2deap,3,12,26,1.1354718014148797,0.020073621107929058,0.031320572880643174,,
DTLZ2,NSGA2deap,3,12,27,1.135983304007547,0.019221663267674213,0.034769469305453035,,
DTLZ2,NSGA2deap,3,12,28,1.1336949097614115,0.01975841856556212,0.03010963515855702,,
DTLZ2,NSGA2deap,3,12,29,1.1356014579387927,0.019705252930511695,0.032610888764398556,,
DTLZ2,NSGA2deap,3,12,30,1.1289366785893835,0.020646678939761992,0.0331208352468772,,
DTLZ2,MEAMT,3,12,1,1.0543217786493737,0.08826100486958054,0.028396061848927505,,
DTLZ2,MEAMT,3,12,2,1.0543217786493737,0.08826100486958054,0.028396061848927505,,
DTLZ2,MEAMT,3,12,3,1.0543217786493737,0.08826100486958054,0.028396061848927505,,
DTLZ2,MEAMT,3,12,4,1.0543217786493737,0.08826100486958054,0.028396061848927505,,
DTLZ2,MEAMT,3,12,5,1.0543217786493737,0.08826100486958054,0.028396061848927505,,
DTLZ2,MEAMT,3,12,6,1.0543217786493737,0.08826100486958054,0.028396061848927505,,
DTLZ2,MEAMT,3,12,7,1.0543217786493737,0.08826100486958054,0.028396061848927505,,
DTLZ2,MEAMT,3,12,8,1.0543217786493737,0.08826100486958054,0.028396061848927505,,
DTLZ2,MEAMT,3,12,9,1.0543217786493737,0.08826100486958054,0.028396061848927505,,
DTLZ2,MEAMT,3,12,10,1.0543217786493737,0.08826100486958054,0.028396061848927505,,
DTLZ2,MEAMT,3,12,11,1.0543217786493737,0.08826100486958054,0.028396061848927505,,
DTLZ2,MEAMT,3,12,12,1.0543217786493737,0.08826100486958054,0.028396061848927505,,
DTLZ2,MEAMT,3,12,13,1.0543217786493737,0.08826100486958054,0.028396061848927505,,
DTLZ2,MEAMT,3,12,14,1.0543217786493737,0.08826100486958054,0.028396061848927505,,
DTLZ2,MEAMT,3,12,15,1.0543217786493737,0.08826100486958054,0.028396061848927505,,
DTLZ2,MEAMT,3,12,16,1.0543217786493737,0.08826100486958054,0.028396061848927505,,
DTLZ2,MEAMT,3,12,17,1.0543217786493737,0.08826100486958054,0.028396061848927505,,
DTLZ2,MEAMT,3,12,18,1.0543217786493737,0.08826100486958054,0.028396061848927505,,
DTLZ2,MEAMT,3,12,19,1.0543217786493737,0.08826100486958054,0.028396061848927505,,
DTLZ2,MEAMT,3,12,20,1.0543217786493737,0.08826100486958054,0.028396061848927505,,
DTLZ2,MEAMT,3,12,21,1.0543217786493737,0.08826100486958054,0.028396061848927505,,
DTLZ2,MEAMT,3,12,22,1.0543217786493737,0.08826100486958054,0.028396061848927505,,
DTLZ2,MEAMT,3,12,23,1.0543217786493737,0.08826100486958054,0.028396061848927505,,
DTLZ2,MEAMT,3,12,24,1.0543217786493737,0.08826100486958054,0.028396061848927505,,
DTLZ2,MEAMT,3,12,25,1.0543217786493737,0.08826100486958054,0.028396061848927505,,
DTLZ2,MEAMT,3,12,26,1.0543217786493737,0.08826100486958054,0.028396061848927505,,
DTLZ2,MEAMT,3,12,27,1.0543217786493737,0.08826100486958054,0.028396061848927505,,
DTLZ2,MEAMT,3,12,28,1.0543217786493737,0.08826100486958054,0.028396061848927505,,
DTLZ2,MEAMT,3,12,29,1.0543217786493737,0.08826100486958054,0.028396061848927505,,
DTLZ2,MEAMT,3,12,30,1.0543217786493737,0.08826100486958054,0.028396061848927505,,
DTLZ2,MOEAD,3,12,1,1.1444274922622948,0.012286886304343604,0.029267582984769974,,
DTLZ2,MOEAD,3,12,2,1.1444277044394089,0.012286292981225931,0.029269365618384943,,
DTLZ2,MOEAD,3,12,3,1.1444255983806904,0.01228670212188318,0.02927049885076057,,
DTLZ2,MOEAD,3,12,4,1.1444268753267552,0.012286478880406227,0.029267170069519975,,
DTLZ2,MOEAD,3,12,5,1.1444272753790883,0.012286963125960369,0.02926947626247056,,
DTLZ2,MOEAD,3,12,6,1.1444273648922354,0.012286450308144082,0.02926988955129401,,
DTLZ2,MOEAD,3,12,7,1.144427185662062,0.012286247776899496,0.029269016655961273,,
DTLZ2,MOEAD,3,12,8,1.1444267832615156,0.012287095144683749,0.029266392568612954,,
DTLZ2,MOEAD,3,12,9,1.1444261497450554,0.012285894880606227,0.029268140857438705,,
DTLZ2,MOEAD,3,12,10,1.1444268822539594,0.012286543270638283,0.029271028015059604,,
DTLZ2,MOEAD,3,12,11,1.144427280735962,0.01228640701565079,0.029263630107576096,,
DTLZ2,MOEAD,3,12,12,1.1444267520307476,0.012286127265475443,0.029267688425050224,,
DTLZ2,MOEAD,3,12,13,1.1444271854835182,0.012286605762818866,0.029269497020380314,,
DTLZ2,MOEAD,3,12,14,1.1444277777168348,0.012286379585024229,0.0292693561187325,,
DTLZ2,MOEAD,3,12,15,1.1444271385200446,0.012286828928612357,0.029263725817118186,,
DTLZ2,MOEAD,3,12,16,1.1444275725159865,0.012286256090290873,0.029266517372373273,,
DTLZ2,MOEAD,3,12,17,1.1444268027220317,0.012286241562128831,0.02926356201423453,,
DTLZ2,MOEAD,3,12,18,1.1444270900518903,0.012286828701858044,0.02926692130450876,,
DTLZ2,MOEAD,3,12,19,1.144427465254975,0.0122865588511887,0.029268312890408914,,
DTLZ2,MOEAD,3,12,20,1.1444268462416556,0.012286068034154145,0.029267793747796294,,
DTLZ2,MOEAD,3,12,21,1.1444273493672534,0.012286985301044998,0.029264509294869137,,
DTLZ2,MOEAD,3,12,22,1.1444265492097814,0.012287028352504913,0.029267802819861313,,
DTLZ2,MOEAD,3,12,23,1.144425936394835,0.012286302950844192,0.02926881604522852,,
DTLZ2,MOEAD,3,12,24,1.1444274974905475,0.012285922460419438,0.029269678664790327,,
DTLZ2,MOEAD,3,12,25,1.1444277715824387,0.012286906340705015,0.02926842713443537,,
DTLZ2,MOEAD,3,12,26,1.144427233573146,0.01228545439883394,0.02926545316392702,,
DTLZ2,MOEAD,3,12,27,1.1444267808418398,0.012286505086390861,0.029269210486537404,,
DTLZ2,MOEAD,3,12,28,1.144425676633638,0.012286385318187352,0.029264497480703425,,
DTLZ2,MOEAD,3,12,29,1.1444273546701396,0.012286814927751683,0.02926950346101863,,
DTLZ2,MOEAD,3,12,30,1.1444272623771528,0.01228609010077745,0.029270944281546404,,
DTLZ2,MEAMT-ENXUTO,3,12,1,1.0449047947782568,0.0940606291549667,0.02073835950935709,,
DTLZ2,MEAMT-ENXUTO,3,12,2,1.0806680228603502,0.0731378217920814,0.036322788833896266,,
DTLZ2,MEAMT-ENXUTO,3,12,3,1.0910151682888132,0.057756569438562964,0.034909175978805114,,
DTLZ2,MEAMT-ENXUTO,3,12,4,1.0825771218272402,0.06943239544707638,0.046216672916927874,,
DTLZ2,MEAMT-ENXUTO,3,12,5,1.1226352281345764,0.03280907883194373,0.0445533501719837,,
DTLZ2,MEAMT-ENXUTO,3,12,6,1.0737687784165608,0.07518842311296947,0.04170932744285662,,
DTLZ2,MEAMT-ENXUTO,3,12,7,1.042491261044319,0.09619587329711718,0.030213333890836493,,
DTLZ2,MEAMT-ENXUTO,3,12,8,1.1222182151095739,0.03419521383240499,0.04035035332917567,,
DTLZ2,MEAMT-ENXUTO,3,12,9,1.115395911407568,0.039155079362682414,0.03638722151501065,,
DTLZ2,MEAMT-ENXUTO,3,12,10,1.1253920921012381,0.030639586675620084,0.049240612948629726,,
DTLZ2,MEAMT-ENXUTO,3,12,11,1.077985149045669,0.06692190140513496,0.025081239897325847,,
DTLZ2,MEAMT-ENXUTO,3,12,12,1.0741085963144223,0.07530034258042322,0.0349736852250524,,
DTLZ2,MEAMT-ENXUTO,3,12,13,1.096393225187125,0.05321910686090668,0.034702181883061144,,
DTLZ2,MEAMT-ENXUTO,3,12,14,1.058065697741094,0.08616921633048587,0.019901848924675634,,
DTLZ2,MEAMT-ENXUTO,3,12,15,1.126870068678846,0.029401203071724797,0.048123676127906294,,
DTLZ2,MEAMT-ENXUTO,3,12,16,1.0808930620859707,0.07253770302459013,0.04061998511014179,,
DTLZ2,MEAMT-ENXUTO,3,12,17,1.1269285570350622,0.02984587867076614,0.04843027116830561,,
DTLZ2,MEAMT-ENXUTO,3,12,18,1.0713069037428231,0.08022367624540262,0.03496718214407162,,
DTLZ2,MEAMT-ENXUTO,3,12,19,1.124389276334135,0.03354175684745334,0.046109588943235136,,
DTLZ2,MEAMT-ENXUTO,3,12,20,1.0775688240066832,0.07127515700531692,0.03988219870466694,,
DTLZ2,MEAMT-ENXUTO,3,12,21,1.105128814423061,0.05096050072838131,0.053749445476140356,,
DTLZ2,MEAMT-ENXUTO,3,12,22,1.120253311895392,0.03664906200974102,0.0393595193969437,,
DTLZ2,MEAMT-ENXUTO,3,12,23,1.1249357046407686,0.034999405025698135,0.041285724736182285,,
DTLZ2,MEAMT-ENXUTO,3,12,24,1.0599717240663946,0.08493065776385289,0.024860632198220243,,
DTLZ2,MEAMT-ENXUTO,3,12,25,1.1278146998497813,0.028851229315577872,0.046636471589933504,,
DTLZ2,MEAMT-ENXUTO,3,12,26,1.0934641343189553,0.05602698684368662,0.03318142237411253,,
DTLZ2,MEAMT-ENXUTO,3,12,27,1.1018500148522747,0.0501673541358061,0.04823814915925656,,
DTLZ2,MEAMT-ENXUTO,3,12,28,1.052196815625304,0.08804899112024231,0.04252443503880126,,
DTLZ2,MEAMT-ENXUTO,3,12,29,1.1237849393510617,0.03281108340100093,0.03772683319692121,,
DTLZ2,MEAMT-ENXUTO,3,12,30,1.1220671625077976,0.032611648014552824,0.04447093141728899,,
MochilaMultiobjetivo,MEAMT,5,100,1,1.033514415947225,0.04050940706880259,0.029426858261599728,0.9414225941422594,0.05857740585774063
MochilaMultiobjetivo,MEAMT,5,100,2,1.033514415947225,0.04050940706880259,0.029426858261599728,0.9414225941422594,0.05857740585774063
MochilaMultiobjetivo,MEAMT,5,100,3,1.033514415947225,0.04050940706880259,0.029426858261599728,0.9414225941422594,0.05857740585774063
MochilaMultiobjetivo,MEAMT,5,100,4,1.033514415947225,0.04050940706880259,0.029426858261599728,0.9414225941422594,0.05857740585774063
MochilaMultiobjetivo,MEAMT,5,100,5,1.033514415947225,0.04050940706880259,0.029426858261599728,0.9414225941422594,0.05857740585774063
MochilaMultiobjetivo,MEAMT,5,100,6,1.033514415947225,0.04050940706880259,0.029426858261599728,0.9414225941422594,0.05857740585774063
MochilaMultiobjetivo,MEAMT,5,100,7,1.033514415947225,0.04050940706880259,0.029426858261599728,0.9414225941422594,0.05857740585774063
MochilaMultiobjetivo,MEAMT,5,100,8,1.033514415947225,0.04050940706880259,0.029426858261599728,0.9414225941422594,0.05857740585774063
MochilaMultiobjetivo,MEAMT,5,100,9,1.033514415947225,0.04050940706880259,0.029426858261599728,0.9414225941422594,0.05857740585774063
MochilaMultiobjetivo,MEAMT,5,100,10,1.033514415947225,0.04050940706880259,0.029426858261599728,0.9414225941422594,0.05857740585774063
MochilaMultiobjetivo,MEAMT,5,100,11,1.033514415947225,0.04050940706880259,0.029426858261599728,0.9414225941422594,0.05857740585774063
MochilaMultiobjetivo,MEAMT,5,100,12,1.033514415947225,0.04050940706880259,0.029426858261599728,0.9414225941422594,0.05857740585774063
MochilaMultiobjetivo,MEAMT,5,100,13,1.033514415947225,0.04050940706880259,0.029426858261599728,0.9414225941422594,0.05857740585774063
MochilaMultiobjetivo,MEAMT,5,100,14,1.033514415947225,0.04050940706880259,0.029426858261599728,0.9414225941422594,0.05857740585774063
MochilaMultiobjetivo,MEAMT,5,100,15,1.033514415947225,0.04050940706880259,0.029426858261599728,0.9414225941422594,0.05857740585774063
MochilaMultiobjetivo,MEAMT,5,100,16,1.033514415947225,0.04050940706880259,0.029426858261599728,0.9414225941422594,0.05857740585774063
MochilaMultiobjetivo,MEAMT,5,100,17,1.033514415947225,0.04050940706880259,0.029426858261599728,0.9414225941422594,0.05857740585774063
MochilaMultiobjetivo,MEAMT,5,100,18,1.033514415947225,0.04050940706880259,0.029426858261599728,0.9414225941422594,0.05857740585774063
MochilaMultiobjetivo,MEAMT,5,100,19,1.033514415947225,0.04050940706880259,0.029426858261599728,0.9414225941422594,0.05857740585774063
MochilaMultiobjetivo,MEAMT,5,100,20,1.033514415947225,0.04050940706880259,0.029426858261599728,0.9414225941422594,0.05857740585774063
MochilaMultiobjetivo,MEAMT,5,100,21,1.033514415947225,0.04050940706880259,0.029426858261599728,0.9414225941422594,0.05857740585774063
MochilaMultiobjetivo,MEAMT,5,100,22,1.033514415947225,0.04050940706880259,0.029426858261599728,0.9414225941422594,0.05857740585774063
MochilaMultiobjetivo,MEAMT,5,100,23,1.033514415947225,0.04050940706880259,0.029426858261599728,0.9414225941422594,0.05857740585774063
MochilaMultiobjetivo,MEAMT,5,100,24,1.033514415947225,0.04050940706880259,0.029426858261599728,0.9414225941422594,0.05857740585774063
MochilaMultiobjetivo,MEAMT,5,100,25,1.033514415947225,0.04050940706880259,0.029426858261599728,0.9414225941422594,0.05857740585774063
MochilaMultiobjetivo,MEAMT,5,100,26,1.033514415947225,0.04050940706880259,0.029426858261599728,0.9414225941422594,0.05857740585774063
MochilaMultiobjetivo,MEAMT,5,100,27,1.033514415947225,0.04050940706880259,0.029426858261599728,0.9414225941422594,0.05857740585774063
MochilaMultiobjetivo,MEAMT,5,100,28,1.033514415947225,0.04050940706880259,0.029426858261599728,0.9414225941422594,0.05857740585774063
MochilaMultiobjetivo,MEAMT,5,100,29,1.033514415947225,0.04050940706880259,0.029426858261599728,0.9414225941422594,0.05857740585774063
MochilaMultiobjetivo,MEAMT,5,100,30,1.033514415947225,0.04050940706880259,0.029426858261599728,0.9414225941422594,0.05857740585774063
MochilaMultiobjetivo,MEAMT-ENXUTO,5,100,1,0.9758970024791552,0.06747979386284982,0.060099672168987914,0.61125,0.38875000000000004
MochilaMultiobjetivo,MEAMT-ENXUTO,5,100,2,0.9758970024791552,0.06747979386284982,0.060099672168987914,0.61125,0.38875000000000004
MochilaMultiobjetivo,MEAMT-ENXUTO,5,100,3,0.9758970024791552,0.06747979386284982,0.060099672168987914,0.61125,0.38875000000000004
MochilaMultiobjetivo,MEAMT-ENXUTO,5,100,4,0.9758970024791552,0.06747979386284982,0.060099672168987914,0.61125,0.38875000000000004
MochilaMultiobjetivo,MEAMT-ENXUTO,5,100,5,0.9758970024791552,0.06747979386284982,0.060099672168987914,0.61125,0.38875000000000004
MochilaMultiobjetivo,MEAMT-ENXUTO,5,100,6,0.9758970024791552,0.06747979386284982,0.060099672168987914,0.61125,0.38875000000000004
MochilaMultiobjetivo,MEAMT-ENXUTO,5,100,7,0.9758970024791552,0.06747979386284982,0.060099672168987914,0.61125,0.38875000000000004
MochilaMultiobjetivo,MEAMT-ENXUTO,5,100,8,0.9758970024791552,0.06747979386284982,0.060099672168987914,0.61125,0.38875000000000004
MochilaMultiobjetivo,MEAMT-ENXUTO,5,100,9,0.9758970024791552,0.06747979386284982,0.060099672168987914,0.61125,0.38875000000000004
MochilaMultiobjetivo,MEAMT-ENXUTO,5,100,10,0.9758970024791552,0.06747979386284982,0.060099672168987914,0.61125,0.38875000000000004
MochilaMultiobjetivo,MEAMT-ENXUTO,5,100,11,0.9758970024791552,0.06747979386284982,0.060099672168987914,0.61125,0.38875000000000004
MochilaMultiobjetivo,MEAMT-ENXUTO,5,100,12,0.9758970024791552,0.06747979386284982,0.060099672168987914,0.61125,0.38875000000000004
MochilaMultiobjetivo,MEAMT-ENXUTO,5,100,13,0.9758970024791552,0.06747979386284982,0.060099672168987914,0.61125,0.38875000000000004
MochilaMultiobjetivo,MEAMT-ENXUTO,5,100,14,0.9758970024791552,0.06747979386284982,0.060099672168987914,0.61125,0.38875000000000004
MochilaMultiobjetivo,MEAMT-ENXUTO,5,100,15,0.9758970024791552,0.06747979386284982,0.060099672168987914,0.61125,0.38875000000000004
MochilaMultiobjetivo,MEAMT-ENXUTO,5,100,16,0.9758970024791552,0.06747979386284982,0.060099672168987914,0.61125,0.38875000000000004
MochilaMultiobjetivo,MEAMT-ENXUTO,5,100,17,0.9758970024791552,0.06747979386284982,0.060099672168987914,0.61125,0.38875000000000004
MochilaMultiobjetivo,MEAMT-ENXUTO,5,100,18,0.9758970024791552,0.06747979386284982,0.060099672168987914,0.61125,0.38875000000000004
MochilaMultiobjetivo,MEAMT-ENXUTO,5,100,19,0.9758970024791552,0.06747979386284982,0.060099672168987914,0.61125,0.38875000000000004
MochilaMultiobjetivo,MEAMT-ENXUTO,5,100,20,0.9758970024791552,0.06747979386284982,0.060099672168987914,0.61125,0.38875000000000004
MochilaMultiobjetivo,MEAMT-ENXUTO,5,100,21,0.9758970024791552,0.06747979386284982,0.060099672168987914,0.61125,0.38875000000000004
MochilaMultiobjetivo,MEAMT-ENXUTO,5,100,22,0.9758970024791552,0.06747979386284982,0.060099672168987914,0.61125,0.38875000000000004
MochilaMultiobjetivo,MEAMT-ENXUTO,5,100,23,0.9758970024791552,0.06747979386284982,0.060099672168987914,0.61125,0.38875000000000004
MochilaMultiobjetivo,MEAMT-ENXUTO,5,100,24,0.9758970024791552,0.06747979386284982,0.060099672168987914,0.61125,0.38875000000000004
MochilaMultiobjetivo,MEAMT-ENXUTO,5,100,25,0.9758970024791552,0.06747979386284982,0.060099672168987914,0.61125,0.38875000000000004
MochilaMultiobjetivo,MEAMT-ENXUTO,5,100,26,0.9758970024791552,0.06747979386284982,0.060099672168987914,0.61125,0.38875000000000004
MochilaMultiobjetivo,MEAMT-ENXUTO,5,100,27,0.9758970024791552,0.06747979386284982,0.060099672168987914,0.61125,0.38875000000000004
MochilaMultiobjetivo,MEAMT-ENXUTO,5,100,28,0.9758970024791552,0.06747979386284982,0.060099672168987914,0.61125,0.38875000000000004
MochilaMultiobjetivo,MEAMT-ENXUTO,5,100,29,0.9758970024791552,0.06747979386284982,0.060099672168987914,0.61125,0.38875000000000004
MochilaMultiobjetivo,MEAMT-ENXUTO,5,100,30,0.9758970024791552,0.06747979386284982,0.060099672168987914,0.61125,0.38875000000000004
MochilaMultiobjetivo,NSGA3,5,100,1,1.058956922937105,0.0365007538144962,0.03678047218477055,0.9940476190476191,0.005952380952380931
MochilaMultiobjetivo,NSGA3,5,100,2,1.058956922937105,0.0365007538144962,0.03678047218477055,0.9940476190476191,0.005952380952380931
MochilaMultiobjetivo,NSGA3,5,100,3,1.058956922937105,0.0365007538144962,0.03678047218477055,0.9940476190476191,0.005952380952380931
MochilaMultiobjetivo,NSGA3,5,100,4,1.058956922937105,0.0365007538144962,0.03678047218477055,0.9940476190476191,0.005952380952380931
MochilaMultiobjetivo,NSGA3,5,100,5,1.058956922937105,0.0365007538144962,0.03678047218477055,0.9940476190476191,0.005952380952380931
MochilaMultiobjetivo,NSGA3,5,100,6,1.058956922937105,0.0365007538144962,0.03678047218477055,0.9940476190476191,0.005952380952380931
MochilaMultiobjetivo,NSGA3,5,100,7,1.058956922937105,0.0365007538144962,0.03678047218477055,0.9940476190476191,0.005952380952380931
MochilaMultiobjetivo,NSGA3,5,100,8,1.058956922937105,0.0365007538144962,0.03678047218477055,0.9940476190476191,0.005952380952380931
MochilaMultiobjetivo,NSGA3,5,100,9,1.058956922937105,0.0365007538144962,0.03678047218477055,0.9940476190476191,0.005952380952380931
MochilaMultiobjetivo,NSGA3,5,100,10,1.058956922937105,0.0365007538144962,0.03678047218477055,0.9940476190476191,0.005952380952380931
MochilaMultiobjetivo,NSGA3,5,100,11,1.058956922937105,0.0365007538144962,0.03678047218477055,0.9940476190476191,0.005952380952380931
MochilaMultiobjetivo,NSGA3,5,100,12,1.058956922937105,0.0365007538144962,0.03678047218477055,0.9940476190476191,0.005952380952380931
MochilaMultiobjetivo,NSGA3,5,100,13,1.058956922937105,0.0365007538144962,0.03678047218477055,0.9940476190476191,0.005952380952380931
MochilaMultiobjetivo,NSGA3,5,100,14,1.058956922937105,0.0365007538144962,0.03678047218477055,0.9940476190476191,0.005952380952380931
MochilaMultiobjetivo,NSGA3,5,100,15,1.058956922937105,0.0365007538144962,0.03678047218477055,0.9940476190476191,0.005952380952380931
MochilaMultiobjetivo,NSGA3,5,100,16,1.058956922937105,0.0365007538144962,0.03678047218477055,0.9940476190476191,0.005952380952380931
MochilaMultiobjetivo,NSGA3,5,100,17,1.058956922937105,0.0365007538144962,0.03678047218477055,0.9940476190476191,0.005952380952380931
MochilaMultiobjetivo,NSGA3,5,100,18,1.058956922937105,0.0365007538144962,0.03678047218477055,0.9940476190476191,0.005952380952380931
MochilaMultiobjetivo,NSGA3,5,100,19,1.058956922937105,0.0365007538144962,0.03678047218477055,0.9940476190476191,0.005952380952380931
MochilaMultiobjetivo,NSGA3,5,100,20,1.058956922937105,0.0365007538144962,0.03678047218477055,0.9940476190476191,0.005952380952380931
MochilaMultiobjetivo,NSGA3,5,100,21,1.058956922937105,0.0365007538144962,0.03678047218477055,0.9940476190476191,0.005952380952380931
MochilaMultiobjetivo,NSGA3,5,100,22,1.058956922937105,0.0365007538144962,0.03678047218477055,0.9940476190476191,0.005952380952380931
MochilaMultiobjetivo,NSGA3,5,100,23,1.058956922937105,0.0365007538144962,0.03678047218477055,0.9940476190476191,0.005952380952380931
MochilaMultiobjetivo,NSGA3,5,100,24,1.058956922937105,0.0365007538144962,0.03678047218477055,0.9940476190476191,0.005952380952380931
MochilaMultiobjetivo,NSGA3,5,100,25,1.058956922937105,0.0365007538144962,0.03678047218477055,0.9940476190476191,0.005952380952380931
MochilaMultiobjetivo,NSGA3,5,100,26,1.058956922937105,0.0365007538144962,0.03678047218477055,0.9940476190476191,0.005952380952380931
MochilaMultiobjetivo,NSGA3,5,100,27,1.058956922937105,0.0365007538144962,0.03678047218477055,0.9940476190476191,0.005952380952380931
MochilaMultiobjetivo,NSGA3,5,100,28,1.058956922937105,0.0365007538144962,0.03678047218477055,0.9940476190476191,0.005952380952380931
MochilaMultiobjetivo,NSGA3,5,100,29,1.058956922937105,0.0365007538144962,0.03678047218477055,0.9940476190476191,0.005952380952380931
MochilaMultiobjetivo,NSGA3,5,100,30,1.058956922937105,0.0365007538144962,0.03678047218477055,0.9940476190476191,0.005952380952380931
MochilaMultiobjetivo,NSGA2deap,5,100,1,0.9826770419496978,0.052090121605993724,0.05920478718924184,0.35333333333333333,0.6466666666666667
MochilaMultiobjetivo,NSGA2deap,5,100,2,0.948206590173448,0.06644149933117506,0.06997148476646868,0.19333333333333333,0.8066666666666666
MochilaMultiobjetivo,NSGA2deap,5,100,3,0.9758008760764607,0.058301781621783774,0.06904753151472874,0.2866666666666667,0.7133333333333334
MochilaMultiobjetivo,NSGA2deap,5,100,4,0.9515384478976616,0.060070484362006855,0.06428603053036168,0.22666666666666666,0.7733333333333333
MochilaMultiobjetivo,NSGA2deap,5,100,5,1.0251931765618234,0.03884214141317576,0.06100940320952038,0.30333333333333334,0.6966666666666667
MochilaMultiobjetivo,NSGA2deap,5,100,6,0.9769258590436952,0.05014444341011319,0.06717372348430821,0.25,0.75
MochilaMultiobjetivo,NSGA2deap,5,100,7,0.9584317813946299,0.057967239081182384,0.06542428867985385,0.14666666666666667,0.8533333333333333
MochilaMultiobjetivo,NSGA2deap,5,100,8,0.954733121493097,0.05190231723593336,0.06370485899661509,0.27666666666666667,0.7233333333333334
MochilaMultiobjetivo,NSGA2deap,5,100,9,0.9505520745589422,0.06331080016423467,0.06838695762407575,0.28,0.72
MochilaMultiobjetivo,NSGA2deap,5,100,10,0.9300191302761746,0.061774516191819576,0.06294643965226025,0.21666666666666667,0.7833333333333333
MochilaMultiobjetivo,NSGA2deap,5,100,11,0.971422132153025,0.05763759216008064,0.0656500791198918,0.2633333333333333,0.7366666666666667
MochilaMultiobjetivo,NSGA2deap,5,100,12,0.9570117188513849,0.05842815582648757,0.06914086586093242,0.16,0.84
MochilaMultiobjetivo,NSGA2deap,5,100,13,0.9689745360573812,0.05670312086443367,0.06650848261876545,0.2733333333333333,0.7266666666666667
MochilaMultiobjetivo,NSGA2deap,5,100,14,0.9573223957204396,0.060536470072866055,0.06206268622487411,0.29333333333333333,0.7066666666666667
MochilaMultiobjetivo,NSGA2deap,5,100,15,0.9674604675256951,0.05562103209086833,0.06487288321245346,0.35,0.65
MochilaMultiobjetivo,NSGA2deap,5,100,16,0.9794673995208438,0.05564207904687726,0.06952089457312793,0.32,0.6799999999999999
MochilaMultiobjetivo,NSGA2deap,5,100,17,0.9660716305318002,0.05315722525532571,0.06469465436590474,0.25,0.75
MochilaMultiobjetivo,NSGA2deap,5,100,18,0.9527925379084443,0.053807235925230776,0.06696599525909004,0.35333333333333333,0.6466666666666667
MochilaMultiobjetivo,NSGA2deap,5,100,19,0.9494107665719558,0.06172167282752878,0.06534806683331972,0.19666666666666666,0.8033333333333333
MochilaMultiobjetivo,NSGA2deap,5,100,20,0.9839684454478503,0.04469932027062606,0.06230184609335159,0.3333333333333333,0.6666666666666667
MochilaMultiobjetivo,NSGA2deap,5,100,21,0.9516441612260881,0.05959152367694536,0.06082415685936446,0.20666666666666667,0.7933333333333333
MochilaMultiobjetivo,NSGA2deap,5,100,22,0.959165726312201,0.05482918406724907,0.06801015147662981,0.22333333333333333,0.7766666666666666
MochilaMultiobjetivo,NSGA2deap,5,100,23,0.9530072245234836,0.05426825174635587,0.07036245702738408,0.26,0.74
MochilaMultiobjetivo,NSGA2deap,5,100,24,1.0049919923649004,0.05138170594373047,0.06653107076382654,0.30666666666666664,0.6933333333333334
MochilaMultiobjetivo,NSGA2deap,5,100,25,0.960334812024586,0.05170165836196868,0.06783938095260844,0.22,0.78
MochilaMultiobjetivo,NSGA2deap,5,100,26,0.9828111280139353,0.05457997677140919,0.05864769410647998,0.22333333333333333,0.7766666666666666
MochilaMultiobjetivo,NSGA2deap,5,100,27,0.9734455068720063,0.05058981089388686,0.07128039073734738,0.29333333333333333,0.7066666666666667
MochilaMultiobjetivo,NSGA2deap,5,100,28,0.9518242398659421,0.06160881437279362,0.06480062931769967,0.24,0.76
MochilaMultiobjetivo,NSGA2deap,5,100,29,0.9719813379222595,0.061140008147188375,0.06880832510209409,0.21,0.79
MochilaMultiobjetivo,NSGA2deap,5,100,30,0.9811917053262074,0.05031625348339188,0.07250251056664367,0.29333333333333333,0.7066666666666667
MochilaMultiobjetivo,MOEAD,5,100,1,0.6360266032391731,0.1283848858523385,0.010473242999231316,0.0,1.0
MochilaMultiobjetivo,MOEAD,5,100,2,0.6360266032391731,0.1283848858523385,0.010473242999231316,0.0,1.0
MochilaMultiobjetivo,MOEAD,5,100,3,0.6360266032391731,0.1283848858523385,0.010473242999231316,0.0,1.0
MochilaMultiobjetivo,MOEAD,5,100,4,0.6360266032391731,0.1283848858523385,0.010473242999231316,0.0,1.0
MochilaMultiobjetivo,MOEAD,5,100,5,0.6360266032391731,0.1283848858523385,0.010473242999231316,0.0,1.0
MochilaMultiobjetivo,MOEAD,5,100,6,0.6360266032391731,0.1283848858523385,0.010473242999231316,0.0,1.0
MochilaMultiobjetivo,MOEAD,5,100,7,0.6360266032391731,0.1283848858523385,0.010473242999231316,0.0,1.0
MochilaMultiobjetivo,MOEAD,5,100,8,0.6360266032391731,0.1283848858523385,0.010473242999231316,0.0,1.0
MochilaMultiobjetivo,MOEAD,5,100,9,0.6360266032391731,0.1283848858523385,0.010473242999231316,0.0,1.0
MochilaMultiobjetivo,MOEAD,5,100,10,0.6360266032391731,0.1283848858523385,0.010473242999231316,0.0,1.0
MochilaMultiobjetivo,MOEAD,5,100,11,0.6360266032391731,0.1283848858523385,0.010473242999231316,0.0,1.0
MochilaMultiobjetivo,MOEAD,5,100,12,0.6360266032391731,0.1283848858523385,0.010473242999231316,0.0,1.0
MochilaMultiobjetivo,MOEAD,5,100,13,0.6360266032391731,0.1283848858523385,0.010473242999231316,0.0,1.0
MochilaMultiobjetivo,MOEAD,5,100,14,0.6360266032391731,0.1283848858523385,0.010473242999231316,0.0,1.0
MochilaMultiobjetivo,MOEAD,5,100,15,0.6360266032391731,0.1283848858523385,0.010473242999231316,0.0,1.0
MochilaMultiobjetivo,MOEAD,5,100,16,0.6360266032391731,0.1283848858523385,0.010473242999231316,0.0,1.0
MochilaMultiobjetivo,MOEAD,5,100,17,0.6360266032391731,0.1283848858523385,0.010473242999231316,0.0,1.0
MochilaMultiobjetivo,MOEAD,5,100,18,0.6360266032391731,0.1283848858523385,0.010473242999231316,0.0,1.0
MochilaMultiobjetivo,MOEAD,5,100,19,0.6360266032391731,0.1283848858523385,0.010473242999231316,0.0,1.0
MochilaMultiobjetivo,MOEAD,5,100,20,0.6360266032391731,0.1283848858523385,0.010473242999231316,0.0,1.0
MochilaMultiobjetivo,MOEAD,5,100,21,0.6360266032391731,0.1283848858523385,0.010473242999231316,0.0,1.0
MochilaMultiobjetivo,MOEAD,5,100,22,0.6360266032391731,0.1283848858523385,0.010473242999231316,0.0,1.0
MochilaMultiobjetivo,MOEAD,5,100,23,0.6360266032391731,0.1283848858523385,0.010473242999231316,0.0,1.0
MochilaMultiobjetivo,MOEAD,5,100,24,0.6360266032391731,0.1283848858523385,0.010473242999231316,0.0,1.0
MochilaMultiobjetivo,MOEAD,5,100,25,0.6360266032391731,0.1283848858523385,0.010473242999231316,0.0,1.0
MochilaMultiobjetivo,MOEAD,5,100,26,0.6360266032391731,0.1283848858523385,0.010473242999231316,0.0,1.0
MochilaMultiobjetivo,MOEAD,5,100,27,0.6360266032391731,0.1283848858523385,0.010473242999231316,0.0,1.0
MochilaMultiobjetivo,MOEAD,5,100,28,0.6360266032391731,0.1283848858523385,0.010473242999231316,0.0,1.0
MochilaMultiobjetivo,MOEAD,5,100,29,0.6360266032391731,0.1283848858523385,0.010473242999231316,0.0,1.0
MochilaMultiobjetivo,MOEAD,5,100,30,0.6360266032391731,0.1283848858523385,0.010473242999231316,0.0,1.0
DPF4,NSGA3,7,26,1,,0.0,0.0,,
DPF4,NSGA3,7,26,2,,0.0,0.0,,
DPF4,NSGA3,7,26,3,,0.0,0.0,,
DPF4,NSGA3,7,26,4,,0.0,0.0,,
DPF4,NSGA3,7,26,5,,0.0,0.0,,
DPF4,NSGA3,7,26,6,,0.0,0.0,,
DPF4,NSGA3,7,26,7,,0.0,0.0,,
DPF4,NSGA3,7,26,8,,0.0,0.0,,
DPF4,NSGA3,7,26,9,,0.0,0.0,,
DPF4,NSGA3,7,26,10,,0.0,0.0,,
DPF4,NSGA3,7,26,11,,0.0,0.0,,
DPF4,NSGA3,7,26,12,,0.0,0.0,,
DPF4,NSGA3,7,26,13,,0.0,0.0,,
DPF4,NSGA3,7,26,14,,0.0,0.0,,
DPF4,NSGA3,7,26,15,,0.0,0.0,,
DPF4,NSGA3,7,26,16,,0.0,0.0,,
DPF4,NSGA3,7,26,17,,0.0,0.0,,
DPF4,NSGA3,7,26,18,,0.0,0.0,,
DPF4,NSGA3,7,26,19,,0.0,0.0,,
DPF4,NSGA3,7,26,20,,0.0,0.0,,
DPF4,NSGA3,7,26,21,,0.0,0.0,,
DPF4,NSGA3,7,26,22,,0.0,0.0,,
DPF4,NSGA3,7,26,23,,0.0,0.0,,
DPF4,NSGA3,7,26,24,,0.0,0.0,,
DPF4,NSGA3,7,26,25,,0.0,0.0,,
DPF4,NSGA3,7,26,26,,0.0,0.0,,
DPF4,NSGA3,7,26,27,,0.0,0.0,,
DPF4,NSGA3,7,26,28,,0.0,0.0,,
DPF4,NSGA3,7,26,29,,0.0,0.0,,
DPF4,NSGA3,7,26,30,,0.0,0.0,,
DPF4,MEAMT-ENXUTO,7,26,1,,0.0,0.0,,
DPF4,MEAMT-ENXUTO,7,26,2,,0.0,0.0,,
DPF4,MEAMT-ENXUTO,7,26,3,,0.0,0.0,,
DPF4,MEAMT-ENXUTO,7,26,4,,0.0,0.0,,
DPF4,MEAMT-ENXUTO,7,26,5,,0.0,0.0,,
DPF4,MEAMT-ENXUTO,7,26,6,,0.0,0.0,,
DPF4,MEAMT-ENXUTO,7,26,7,,0.0,0.0,,
DPF4,MEAMT-ENXUTO,7,26,8,,0.0,0.0,,
DPF4,MEAMT-ENXUTO,7,26,9,,0.0,0.0,,
DPF4,MEAMT-ENXUTO,7,26,10,,0.0,0.0,,
DPF4,MEAMT-ENXUTO,7,26,11,,0.0,0.0,,
DPF4,MEAMT-ENXUTO,7,26,12,,0.0,0.0,,
DPF4,MEAMT-ENXUTO,7,26,13,,0.0,0.0,,
DPF4,MEAMT-ENXUTO,7,26,14,,0.0,0.0,,
DPF4,MEAMT-ENXUTO,7,26,15,,0.0,0.0,,
DPF4,MEAMT-ENXUTO,7,26,16,,0.0,0.0,,
DPF4,MEAMT-ENXUTO,7,26,17,,0.0,0.0,,
DPF4,MEAMT-ENXUTO,7,26,18,,0.0,0.0,,
DPF4,MEAMT-ENXUTO,7,26,19,,0.0,0.0,,
DPF4,MEAMT-ENXUTO,7,26,20,,0.0,0.0,,
DPF4,MEAMT-ENXUTO,7,26,21,,0.0,0.0,,
DPF4,MEAMT-ENXUTO,7,26,22,,0.0,0.0,,
DPF4,MEAMT-ENXUTO,7,26,23,,0.0,0.0,,
DPF4,MEAMT-ENXUTO,7,26,24,,0.0,0.0,,
DPF4,MEAMT-ENXUTO,7,26,25,,0.0,0.0,,
DPF4,MEAMT-ENXUTO,7,26,26,,0.0,0.0,,
DPF4,MEAMT-ENXUTO,7,26,27,,0.0,0.0,,
DPF4,MEAMT-ENXUTO,7,26,28,,0.0,0.0,,
DPF4,MEAMT-ENXUTO,7,26,29,,0.0,0.0,,
DPF4,MEAMT-ENXUTO,7,26,30,,0.0,0.0,,
DPF4,MOEAD,7,26,1,,0.0,0.0,,
DPF4,MOEAD,7,26,2,,0.0,0.0,,
DPF4,MOEAD,7,26,3,,0.0,0.0,,
DPF4,MOEAD,7,26,4,,0.0,0.0,,
DPF4,MOEAD,7,26,5,,0.0,0.0,,
DPF4,MOEAD,7,26,6,,0.0,0.0,,
DPF4,MOEAD,7,26,7,,0.0,0.0,,
DPF4,MOEAD,7,26,8,,0.0,0.0,,
DPF4,MOEAD,7,26,9,,0.0,0.0,,
DPF4,MOEAD,7,26,10,,0.0,0.0,,
DPF4,MOEAD,7,26,11,,0.0,0.0,,
DPF4,MOEAD,7,26,12,,0.0,0.0,,
DPF4,MOEAD,7,26,13,,0.0,0.0,,
DPF4,MOEAD,7,26,14,,0.0,0.0,,
DPF4,MOEAD,7,26,15,,0.0,0.0,,
DPF4,MOEAD,7,26,16,,0.0,0.0,,
DPF4,MOEAD,7,26,17,,0.0,0.0,,
DPF4,MOEAD,7,26,18,,0.0,0.0,,
DPF4,MOEAD,7,26,19,,0.0,0.0,,
DPF4,MOEAD,7,26,20,,0.0,0.0,,
DPF4,MOEAD,7,26,21,,0.0,0.0,,
DPF4,MOEAD,7,26,22,,0.0,0.0,,
DPF4,MOEAD,7,26,23,,0.0,0.0,,
DPF4,MOEAD,7,26,24,,0.0,0.0,,
DPF4,MOEAD,7,26,25,,0.0,0.0,,
DPF4,MOEAD,7,26,26,,0.0,0.0,,
DPF4,MOEAD,7,26,27,,0.0,0.0,,
DPF4,MOEAD,7,26,28,,0.0,0.0,,
DPF4,MOEAD,7,26,29,,0.0,0.0,,
DPF4,MOEAD,7,26,30,,0.0,0.0,,
DPF4,MEAMT,7,26,1,1.6019818663970011,0.025820126011449503,0.010298589148907874,,
DPF4,MEAMT,7,26,2,1.602839301921001,0.025820126011449503,0.010298589148907874,,
DPF4,MEAMT,7,26,3,1.595551099967001,0.025820126011449503,0.010298589148907874,,
DPF4,MEAMT,7,26,4,1.6008126361370012,0.025820126011449503,0.010298589148907874,,
DPF4,MEAMT,7,26,5,1.5997408417320012,0.025820126011449503,0.010298589148907874,,
DPF4,MEAMT,7,26,6,1.6027223788950011,0.025820126011449503,0.010298589148907874,,
DPF4,MEAMT,7,26,7,1.6000526364680012,0.025820126011449503,0.010298589148907874,,
DPF4,MEAMT,7,26,8,1.5996239187060013,0.025820126011449503,0.010298589148907874,,
DPF4,MEAMT,7,26,9,1.594420844049001,0.025820126011449503,0.010298589148907874,,
DPF4,MEAMT,7,26,10,1.6005203285720013,0.025820126011449503,0.010298589148907874,,
DPF4,MEAMT,7,26,11,1.5981039193680013,0.025820126011449503,0.010298589148907874,,
DPF4,MEAMT,7,26,12,1.5997408417320012,0.025820126011449503,0.010298589148907874,,
DPF4,MEAMT,7,26,13,1.6032485325120012,0.025820126011449503,0.010298589148907874,,
DPF4,MEAMT,7,26,14,1.6019039177130012,0.025820126011449503,0.010298589148907874,,
DPF4,MEAMT,7,26,15,1.6013972512670012,0.025820126011449503,0.010298589148907874,,
DPF4,MEAMT,7,26,16,1.6006762259400011,0.025820126011449503,0.010298589148907874,,
DPF4,MEAMT,7,26,17,1.600929559163001,0.025820126011449503,0.010298589148907874,,
DPF4,MEAMT,7,26,18,1.604885454876001,0.025820126011449503,0.010298589148907874,,
DPF4,MEAMT,7,26,19,1.6045736601400011,0.025820126011449503,0.010298589148907874,,
DPF4,MEAMT,7,26,20,1.5967593045690012,0.025820126011449503,0.010298589148907874,,
DPF4,MEAMT,7,26,21,1.6010464821890011,0.025820126011449503,0.010298589148907874,,
DPF4,MEAMT,7,26,22,1.5991562266020012,0.025820126011449503,0.010298589148907874,,
DPF4,MEAMT,7,26,23,1.599779816074001,0.025820126011449503,0.010298589148907874,,
DPF4,MEAMT,7,26,24,1.5987664831820012,0.025820126011449503,0.010298589148907874,,
DPF4,MEAMT,7,26,25,1.5986300729850011,0.025820126011449503,0.010298589148907874,,
DPF4,MEAMT,7,26,26,1.5998187904160013,0.025820126011449503,0.010298589148907874,,
DPF4,MEAMT,7,26,27,1.5989808420630012,0.025820126011449503,0.010298589148907874,,
DPF4,MEAMT,7,26,28,1.602020840739001,0.025820126011449503,0.010298589148907874,,
DPF4,MEAMT,7,26,29,1.599468021338001,0.025820126011449503,0.010298589148907874,,
DPF4,MEAMT,7,26,30,1.6023131483040012,0.025820126011449503,0.010298589148907874,,
DPF4,NSGA2deap,7,26,1,1.6822300365750011,0.0016707616180014332,0.004855306376020644,,
DPF4,NSGA2deap,7,26,2,1.688407469782001,0.0012556089728933662,0.00513798342283006,,
DPF4,NSGA2deap,7,26,3,1.6928505447700013,0.0010700546891338307,0.004639765323787444,,
DPF4,NSGA2deap,7,26,4,1.6882320852430013,0.0018611629968838042,0.00481257688219277,,
DPF4,NSGA2deap,7,26,5,1.6850946507120013,0.001308070674286257,0.004545162976313089,,
DPF4,NSGA2deap,7,26,6,1.6852505480800013,0.0016660442242278902,0.004436746323544352,,
DPF4,NSGA2deap,7,26,7,1.6852115737380011,0.0014500636708430165,0.005212254759975539,,
DPF4,NSGA2deap,7,26,8,1.6875305470870012,0.0012134607515475718,0.004833954484063614,,
DPF4,NSGA2deap,7,26,9,1.6871018293250013,0.0013163447494546603,0.004893437661999745,,
DPF4,NSGA2deap,7,26,10,1.6862443938010012,0.0017185938924510072,0.005204549303288448,,
DPF4,NSGA2deap,7,26,11,1.6850751635410013,0.001459807850094741,0.004547156107643272,,
DPF4,NSGA2deap,7,26,12,1.6883100339270012,0.0011525448402756764,0.005247308120339819,,
DPF4,NSGA2deap,7,26,13,1.6917982375360012,0.0013104957482097867,0.004956343978389533,,
DPF4,NSGA2deap,7,26,14,1.6885049056370012,0.0010675372450918651,0.00544570072906035,,
DPF4,NSGA2deap,7,26,15,1.6897910589230012,0.001141337280866409,0.005392987409063843,,
DPF4,NSGA2deap,7,26,16,1.6882320852430013,0.001701917053060983,0.004938249703419615,,
DPF4,NSGA2deap,7,26,17,1.6870043934700012,0.0013821873346736926,0.004957281785242895,,
DPF4,NSGA2deap,7,26,18,1.6873551625480012,0.0012530136360552867,0.004864811701087515,,
DPF4,NSGA2deap,7,26,19,1.6829510619020014,0.0017416614891371492,0.004619692155034283,,
DPF4,NSGA2deap,7,26,20,1.6878033674810013,0.001699794001457293,0.005146592594015854,,
DPF4,NSGA2deap,7,26,21,1.6861469579460013,0.0016765270630451988,0.0048337362949302555,,
DPF4,NSGA2deap,7,26,22,1.6836915744000012,0.0015215205447290832,0.005121036691579068,,
DPF4,NSGA2deap,7,26,23,1.6854843941320012,0.0013425197371238888,0.0050362052784483045,,
DPF4,NSGA2deap,7,26,24,1.6849777276860012,0.0014523128938623438,0.0049902348258432086,,
DPF4,NSGA2deap,7,26,25,1.6850167020280011,0.0014097641259862511,0.005119549287198123,,
DPF4,NSGA2deap,7,26,26,1.6819767033520012,0.0012360414250531353,0.005233989400431052,,
DPF4,NSGA2deap,7,26,27,1.6845684970950012,0.0014338119200307615,0.004632095088386379,,
DPF4,NSGA2deap,7,26,28,1.6855233684740014,0.0012887911914097377,0.005260710901534419,,
DPF4,NSGA2deap,7,26,29,1.681898754668001,0.0019433426794342873,0.004595274942931422,,
DPF4,NSGA2deap,7,26,30,1.6866146500500012,0.0014054096541497355,0.005223584009053458,,
MochilaMultiobjetivo,MOEAD,3,50,1,0.9727447760365479,0.0454431967556802,0.012563383482981966,0.8436213991769548,0.15637860082304522
MochilaMultiobjetivo,MOEAD,3,50,2,0.9727447760365479,0.0454431967556802,0.012563383482981966,0.8436213991769548,0.15637860082304522
MochilaMultiobjetivo,MOEAD,3,50,3,0.9727447760365479,0.0454431967556802,0.012563383482981966,0.8436213991769548,0.15637860082304522
MochilaMultiobjetivo,MOEAD,3,50,4,0.9727447760365479,0.0454431967556802,0.012563383482981966,0.8436213991769548,0.15637860082304522
MochilaMultiobjetivo,MOEAD,3,50,5,0.9727447760365479,0.0454431967556802,0.012563383482981966,0.8436213991769548,0.15637860082304522
MochilaMultiobjetivo,MOEAD,3,50,6,0.9727447760365479,0.0454431967556802,0.012563383482981966,0.8436213991769548,0.15637860082304522
MochilaMultiobjetivo,MOEAD,3,50,7,0.9727447760365479,0.0454431967556802,0.012563383482981966,0.8436213991769548,0.15637860082304522
MochilaMultiobjetivo,MOEAD,3,50,8,0.9727447760365479,0.0454431967556802,0.012563383482981966,0.8436213991769548,0.15637860082304522
MochilaMultiobjetivo,MOEAD,3,50,9,0.9727447760365479,0.0454431967556802,0.012563383482981966,0.8436213991769548,0.15637860082304522
MochilaMultiobjetivo,MOEAD,3,50,10,0.9727447760365479,0.0454431967556802,0.012563383482981966,0.8436213991769548,0.15637860082304522
MochilaMultiobjetivo,MOEAD,3,50,11,0.9727447760365479,0.0454431967556802,0.012563383482981966,0.8436213991769548,0.15637860082304522
MochilaMultiobjetivo,MOEAD,3,50,12,0.9727447760365479,0.0454431967556802,0.012563383482981966,0.8436213991769548,0.15637860082304522
MochilaMultiobjetivo,MOEAD,3,50,13,0.9727447760365479,0.0454431967556802,0.012563383482981966,0.8436213991769548,0.15637860082304522
MochilaMultiobjetivo,MOEAD,3,50,14,0.9727447760365479,0.0454431967556802,0.012563383482981966,0.8436213991769548,0.15637860082304522
MochilaMultiobjetivo,MOEAD,3,50,15,0.9727447760365479,0.0454431967556802,0.012563383482981966,0.8436213991769548,0.15637860082304522
MochilaMultiobjetivo,MOEAD,3,50,16,0.9727447760365479,0.0454431967556802,0.012563383482981966,0.8436213991769548,0.15637860082304522
MochilaMultiobjetivo,MOEAD,3,50,17,0.9727447760365479,0.0454431967556802,0.012563383482981966,0.8436213991769548,0.15637860082304522
MochilaMultiobjetivo,MOEAD,3,50,18,0.9727447760365479,0.0454431967556802,0.012563383482981966,0.8436213991769548,0.15637860082304522
MochilaMultiobjetivo,MOEAD,3,50,19,0.9727447760365479,0.0454431967556802,0.012563383482981966,0.8436213991769548,0.15637860082304522
MochilaMultiobjetivo,MOEAD,3,50,20,0.9727447760365479,0.0454431967556802,0.012563383482981966,0.8436213991769548,0.15637860082304522
MochilaMultiobjetivo,MOEAD,3,50,21,0.9727447760365479,0.0454431967556802,0.012563383482981966,0.8436213991769548,0.15637860082304522
MochilaMultiobjetivo,MOEAD,3,50,22,0.9727447760365479,0.0454431967556802,0.012563383482981966,0.8436213991769548,0.15637860082304522
MochilaMultiobjetivo,MOEAD,3,50,23,0.9727447760365479,0.0454431967556802,0.012563383482981966,0.8436213991769548,0.15637860082304522
MochilaMultiobjetivo,MOEAD,3,50,24,0.9727447760365479,0.0454431967556802,0.012563383482981966,0.8436213991769548,0.15637860082304522
MochilaMultiobjetivo,MOEAD,3,50,25,0.9727447760365479,0.0454431967556802,0.012563383482981966,0.8436213991769548,0.15637860082304522
MochilaMultiobjetivo,MOEAD,3,50,26,0.9727447760365479,0.0454431967556802,0.012563383482981966,0.8436213991769548,0.15637860082304522
MochilaMultiobjetivo,MOEAD,3,50,27,0.9727447760365479,0.0454431967556802,0.012563383482981966,0.8436213991769548,0.15637860082304522
MochilaMultiobjetivo,MOEAD,3,50,28,0.9727447760365479,0.0454431967556802,0.012563383482981966,0.8436213991769548,0.15637860082304522
MochilaMultiobjetivo,MOEAD,3,50,29,0.9727447760365479,0.0454431967556802,0.012563383482981966,0.8436213991769548,0.15637860082304522
MochilaMultiobjetivo,MOEAD,3,50,30,0.9727447760365479,0.0454431967556802,0.012563383482981966,0.8436213991769548,0.15637860082304522
MochilaMultiobjetivo,MEAMT-ENXUTO,3,50,1,1.0041832210879353,0.08586798760080465,0.023125617357932622,0.23,0.77
MochilaMultiobjetivo,MEAMT-ENXUTO,3,50,2,1.0041832210879353,0.08586798760080465,0.023125617357932622,0.23,0.77
MochilaMultiobjetivo,MEAMT-ENXUTO,3,50,3,1.0041832210879353,0.08586798760080465,0.023125617357932622,0.23,0.77
MochilaMultiobjetivo,MEAMT-ENXUTO,3,50,4,1.0041832210879353,0.08586798760080465,0.023125617357932622,0.23,0.77
MochilaMultiobjetivo,MEAMT-ENXUTO,3,50,5,1.0041832210879353,0.08586798760080465,0.023125617357932622,0.23,0.77
MochilaMultiobjetivo,MEAMT-ENXUTO,3,50,6,1.0041832210879353,0.08586798760080465,0.023125617357932622,0.23,0.77
MochilaMultiobjetivo,MEAMT-ENXUTO,3,50,7,1.0041832210879353,0.08586798760080465,0.023125617357932622,0.23,0.77
MochilaMultiobjetivo,MEAMT-ENXUTO,3,50,8,1.0041832210879353,0.08586798760080465,0.023125617357932622,0.23,0.77
MochilaMultiobjetivo,MEAMT-ENXUTO,3,50,9,1.0041832210879353,0.08586798760080465,0.023125617357932622,0.23,0.77
MochilaMultiobjetivo,MEAMT-ENXUTO,3,50,10,1.0041832210879353,0.08586798760080465,0.023125617357932622,0.23,0.77
MochilaMultiobjetivo,MEAMT-ENXUTO,3,50,11,1.0041832210879353,0.08586798760080465,0.023125617357932622,0.23,0.77
MochilaMultiobjetivo,MEAMT-ENXUTO,3,50,12,1.0041832210879353,0.08586798760080465,0.023125617357932622,0.23,0.77
MochilaMultiobjetivo,MEAMT-ENXUTO,3,50,13,1.0041832210879353,0.08586798760080465,0.023125617357932622,0.23,0.77
MochilaMultiobjetivo,MEAMT-ENXUTO,3,50,14,1.0041832210879353,0.08586798760080465,0.023125617357932622,0.23,0.77
MochilaMultiobjetivo,MEAMT-ENXUTO,3,50,15,1.0041832210879353,0.08586798760080465,0.023125617357932622,0.23,0.77
MochilaMultiobjetivo,MEAMT-ENXUTO,3,50,16,1.0041832210879353,0.08586798760080465,0.023125617357932622,0.23,0.77
MochilaMultiobjetivo,MEAMT-ENXUTO,3,50,17,1.0041832210879353,0.08586798760080465,0.023125617357932622,0.23,0.77
MochilaMultiobjetivo,MEAMT-ENXUTO,3,50,18,1.0041832210879353,0.08586798760080465,0.023125617357932622,0.23,0.77
MochilaMultiobjetivo,MEAMT-ENXUTO,3,50,19,1.0041832210879353,0.08586798760080465,0.023125617357932622,0.23,0.77
MochilaMultiobjetivo,MEAMT-ENXUTO,3,50,20,1.0041832210879353,0.08586798760080465,0.023125617357932622,0.23,0.77
MochilaMultiobjetivo,MEAMT-ENXUTO,3,50,21,1.0041832210879353,0.08586798760080465,0.023125617357932622,0.23,0.77
MochilaMultiobjetivo,MEAMT-ENXUTO,3,50,22,1.0041832210879353,0.08586798760080465,0.023125617357932622,0.23,0.77
MochilaMultiobjetivo,MEAMT-ENXUTO,3,50,23,1.0041832210879353,0.08586798760080465,0.023125617357932622,0.23,0.77
MochilaMultiobjetivo,MEAMT-ENXUTO,3,50,24,1.0041832210879353,0.08586798760080465,0.023125617357932622,0.23,0.77
MochilaMultiobjetivo,MEAMT-ENXUTO,3,50,25,1.0041832210879353,0.08586798760080465,0.023125617357932622,0.23,0.77
MochilaMultiobjetivo,MEAMT-ENXUTO,3,50,26,1.0041832210879353,0.08586798760080465,0.023125617357932622,0.23,0.77
MochilaMultiobjetivo,MEAMT-ENXUTO,3,50,27,1.0041832210879353,0.08586798760080465,0.023125617357932622,0.23,0.77
MochilaMultiobjetivo,MEAMT-ENXUTO,3,50,28,1.0041832210879353,0.08586798760080465,0.023125617357932622,0.23,0.77
MochilaMultiobjetivo,MEAMT-ENXUTO,3,50,29,1.0041832210879353,0.08586798760080465,0.023125617357932622,0.23,0.77
MochilaMultiobjetivo,MEAMT-ENXUTO,3,50,30,1.0041832210879353,0.08586798760080465,0.023125617357932622,0.23,0.77
MochilaMultiobjetivo,NSGA3,3,50,1,1.1435552139142957,0.008067485910457833,0.021704533865986954,0.7746478873239436,0.22535211267605637
MochilaMultiobjetivo,NSGA3,3,50,2,1.1435552139142957,0.008067485910457833,0.021704533865986954,0.7746478873239436,0.22535211267605637
MochilaMultiobjetivo,NSGA3,3,50,3,1.1435552139142957,0.008067485910457833,0.021704533865986954,0.7746478873239436,0.22535211267605637
MochilaMultiobjetivo,NSGA3,3,50,4,1.1435552139142957,0.008067485910457833,0.021704533865986954,0.7746478873239436,0.22535211267605637
MochilaMultiobjetivo,NSGA3,3,50,5,1.1435552139142957,0.008067485910457833,0.021704533865986954,0.7746478873239436,0.22535211267605637
MochilaMultiobjetivo,NSGA3,3,50,6,1.1435552139142957,0.008067485910457833,0.021704533865986954,0.7746478873239436,0.22535211267605637
MochilaMultiobjetivo,NSGA3,3,50,7,1.1435552139142957,0.008067485910457833,0.021704533865986954,0.7746478873239436,0.22535211267605637
MochilaMultiobjetivo,NSGA3,3,50,8,1.1435552139142957,0.008067485910457833,0.021704533865986954,0.7746478873239436,0.22535211267605637
MochilaMultiobjetivo,NSGA3,3,50,9,1.1435552139142957,0.008067485910457833,0.021704533865986954,0.7746478873239436,0.22535211267605637
MochilaMultiobjetivo,NSGA3,3,50,10,1.1435552139142957,0.008067485910457833,0.021704533865986954,0.7746478873239436,0.22535211267605637
MochilaMultiobjetivo,NSGA3,3,50,11,1.1435552139142957,0.008067485910457833,0.021704533865986954,0.7746478873239436,0.22535211267605637
MochilaMultiobjetivo,NSGA3,3,50,12,1.1435552139142957,0.008067485910457833,0.021704533865986954,0.7746478873239436,0.22535211267605637
MochilaMultiobjetivo,NSGA3,3,50,13,1.1435552139142957,0.008067485910457833,0.021704533865986954,0.7746478873239436,0.22535211267605637
MochilaMultiobjetivo,NSGA3,3,50,14,1.1435552139142957,0.008067485910457833,0.021704533865986954,0.7746478873239436,0.22535211267605637
MochilaMultiobjetivo,NSGA3,3,50,15,1.1435552139142957,0.008067485910457833,0.021704533865986954,0.7746478873239436,0.22535211267605637
MochilaMultiobjetivo,NSGA3,3,50,16,1.1435552139142957,0.008067485910457833,0.021704533865986954,0.7746478873239436,0.22535211267605637
MochilaMultiobjetivo,NSGA3,3,50,17,1.1435552139142957,0.008067485910457833,0.021704533865986954,0.7746478873239436,0.22535211267605637
MochilaMultiobjetivo,NSGA3,3,50,18,1.1435552139142957,0.008067485910457833,0.021704533865986954,0.7746478873239436,0.22535211267605637
MochilaMultiobjetivo,NSGA3,3,50,19,1.1435552139142957,0.008067485910457833,0.021704533865986954,0.7746478873239436,0.22535211267605637
MochilaMultiobjetivo,NSGA3,3,50,20,1.1435552139142957,0.008067485910457833,0.021704533865986954,0.7746478873239436,0.22535211267605637
MochilaMultiobjetivo,NSGA3,3,50,21,1.1435552139142957,0.008067485910457833,0.021704533865986954,0.7746478873239436,0.22535211267605637
MochilaMultiobjetivo,NSGA3,3,50,22,1.1435552139142957,0.008067485910457833,0.021704533865986954,0.7746478873239436,0.22535211267605637
MochilaMultiobjetivo,NSGA3,3,50,23,1.1435552139142957,0.008067485910457833,0.021704533865986954,0.7746478873239436,0.22535211267605637
MochilaMultiobjetivo,NSGA3,3,50,24,1.1435552139142957,0.008067485910457833,0.021704533865986954,0.7746478873239436,0.22535211267605637
MochilaMultiobjetivo,NSGA3,3,50,25,1.1435552139142957,0.008067485910457833,0.021704533865986954,0.7746478873239436,0.22535211267605637
MochilaMultiobjetivo,NSGA3,3,50,26,1.1435552139142957,0.008067485910457833,0.021704533865986954,0.7746478873239436,0.22535211267605637
MochilaMultiobjetivo,NSGA3,3,50,27,1.1435552139142957,0.008067485910457833,0.021704533865986954,0.7746478873239436,0.22535211267605637
MochilaMultiobjetivo,NSGA3,3,50,28,1.1435552139142957,0.008067485910457833,0.021704533865986954,0.7746478873239436,0.22535211267605637
MochilaMultiobjetivo,NSGA3,3,50,29,1.1435552139142957,0.008067485910457833,0.021704533865986954,0.7746478873239436,0.22535211267605637
MochilaMultiobjetivo,NSGA3,3,50,30,1.1435552139142957,0.008067485910457833,0.021704533865986954,0.7746478873239436,0.22535211267605637
MochilaMultiobjetivo,NSGA2deap,3,50,1,1.1573486731507405,0.01828529089326124,0.02434099783536006,0.37333333333333335,0.6266666666666667
MochilaMultiobjetivo,NSGA2deap,3,50,2,1.1559514364889412,0.018060342776301693,0.02320616996392124,0.38333333333333336,0.6166666666666667
MochilaMultiobjetivo,NSGA2deap,3,50,3,1.1568719882631773,0.016870317323746047,0.023600491409859717,0.35333333333333333,0.6466666666666667
MochilaMultiobjetivo,NSGA2deap,3,50,4,1.159142948468167,0.015320442773925419,0.023240295820524774,0.44666666666666666,0.5533333333333333
MochilaMultiobjetivo,NSGA2deap,3,50,5,1.162782223695798,0.014621797683481215,0.02468101337852076,0.47,0.53
MochilaMultiobjetivo,NSGA2deap,3,50,6,1.148457363993375,0.01581169149577016,0.024558092838491426,0.4266666666666667,0.5733333333333333
MochilaMultiobjetivo,NSGA2deap,3,50,7,1.153537515148631,0.019045162153930782,0.024045070572226417,0.30333333333333334,0.6966666666666667
MochilaMultiobjetivo,NSGA2deap,3,50,8,1.1574018926813538,0.01788630136328008,0.025279823766106022,0.3566666666666667,0.6433333333333333
MochilaMultiobjetivo,NSGA2deap,3,50,9,1.1623395322201762,0.015378739049032438,0.02528454118252378,0.38333333333333336,0.6166666666666667
MochilaMultiobjetivo,NSGA2deap,3,50,10,1.1502861216046731,0.016691433846210527,0.02364094583630422,0.37666666666666665,0.6233333333333333
MochilaMultiobjetivo,NSGA2deap,3,50,11,1.1584840621097208,0.017084920354215143,0.02327138330150543,0.3233333333333333,0.6766666666666667
MochilaMultiobjetivo,NSGA2deap,3,50,12,1.1565070866705498,0.014936096447013684,0.023018798864959993,0.3933333333333333,0.6066666666666667
MochilaMultiobjetivo,NSGA2deap,3,50,13,1.162615939106694,0.015389752036693388,0.023092551716546686,0.4033333333333333,0.5966666666666667
MochilaMultiobjetivo,NSGA2deap,3,50,14,1.158546533547792,0.01615864258788674,0.023106753997574985,0.4166666666666667,0.5833333333333333
MochilaMultiobjetivo,NSGA2deap,3,50,15,1.15498458918985,0.0181286384786589,0.022603109916724564,0.34,0.6599999999999999
MochilaMultiobjetivo,NSGA2deap,3,50,16,1.160547450079766,0.016624531060993257,0.025054699287476712,0.42333333333333334,0.5766666666666667
MochilaMultiobjetivo,NSGA2deap,3,50,17,1.1581750871232082,0.017641300093733606,0.02420316971280936,0.2966666666666667,0.7033333333333334
MochilaMultiobjetivo,NSGA2deap,3,50,18,1.159150520484907,0.016528190190563015,0.024779355328671135,0.4266666666666667,0.5733333333333333
MochilaMultiobjetivo,NSGA2deap,3,50,19,1.1600851714800624,0.01738487144452487,0.026445926319713275,0.4266666666666667,0.5733333333333333
MochilaMultiobjetivo,NSGA2deap,3,50,20,1.1550196044319934,0.015277894388879026,0.022890415663626963,0.37,0.63
MochilaMultiobjetivo,NSGA2deap,3,50,21,1.1603728510836877,0.01698983882380368,0.02263080087481829,0.37,0.63
MochilaMultiobjetivo,NSGA2deap,3,50,22,1.158593557844,0.015396928823095487,0.02268878929062439,0.44,0.56
MochilaMultiobjetivo,NSGA2deap,3,50,23,1.1585700167623147,0.01626177378118674,0.024378665346156313,0.3933333333333333,0.6066666666666667
MochilaMultiobjetivo,NSGA2deap,3,50,24,1.1602032081780416,0.014761551241126386,0.023930621509683163,0.4066666666666667,0.5933333333333333
MochilaMultiobjetivo,NSGA2deap,3,50,25,1.158846277525067,0.01808910476727144,0.023187936338408734,0.36,0.64
MochilaMultiobjetivo,NSGA2deap,3,50,26,1.1578452653801419,0.015334442501609695,0.023321016707781177,0.34,0.6599999999999999
MochilaMultiobjetivo,NSGA2deap,3,50,27,1.159761896673271,0.01613175623620825,0.023006480429543744,0.37666666666666665,0.6233333333333333
MochilaMultiobjetivo,NSGA2deap,3,50,28,1.1599703833521895,0.016469795753287688,0.02211552787714972,0.37666666666666665,0.6233333333333333
MochilaMultiobjetivo,NSGA2deap,3,50,29,1.140014074751556,0.017903112412289403,0.0226186388435345,0.31333333333333335,0.6866666666666666
MochilaMultiobjetivo,NSGA2deap,3,50,30,1.1554830308215536,0.016325080590405487,0.02274570375636533,0.31,0.69
MochilaMultiobjetivo,MEAMT,3,50,1,1.0407689035049241,0.04854667104486645,0.017625180199416047,0.6078431372549019,0.3921568627450981
MochilaMultiobjetivo,MEAMT,3,50,2,1.0407689035049241,0.04854667104486645,0.017625180199416047,0.6078431372549019,0.3921568627450981
MochilaMultiobjetivo,MEAMT,3,50,3,1.0407689035049241,0.04854667104486645,0.017625180199416047,0.6078431372549019,0.3921568627450981
MochilaMultiobjetivo,MEAMT,3,50,4,1.0407689035049241,0.04854667104486645,0.017625180199416047,0.6078431372549019,0.3921568627450981
MochilaMultiobjetivo,MEAMT,3,50,5,1.0407689035049241,0.04854667104486645,0.017625180199416047,0.6078431372549019,0.3921568627450981
MochilaMultiobjetivo,MEAMT,3,50,6,1.0407689035049241,0.04854667104486645,0.017625180199416047,0.6078431372549019,0.3921568627450981
MochilaMultiobjetivo,MEAMT,3,50,7,1.0407689035049241,0.04854667104486645,0.017625180199416047,0.6078431372549019,0.3921568627450981
MochilaMultiobjetivo,MEAMT,3,50,8,1.0407689035049241,0.04854667104486645,0.017625180199416047,0.6078431372549019,0.3921568627450981
MochilaMultiobjetivo,MEAMT,3,50,9,1.0407689035049241,0.04854667104486645,0.017625180199416047,0.6078431372549019,0.3921568627450981
MochilaMultiobjetivo,MEAMT,3,50,10,1.0407689035049241,0.04854667104486645,0.017625180199416047,0.6078431372549019,0.3921568627450981
MochilaMultiobjetivo,MEAMT,3,50,11,1.0407689035049241,0.04854667104486645,0.017625180199416047,0.6078431372549019,0.3921568627450981
MochilaMultiobjetivo,MEAMT,3,50,12,1.0407689035049241,0.04854667104486645,0.017625180199416047,0.6078431372549019,0.3921568627450981
MochilaMultiobjetivo,MEAMT,3,50,13,1.0407689035049241,0.04854667104486645,0.017625180199416047,0.6078431372549019,0.3921568627450981
MochilaMultiobjetivo,MEAMT,3,50,14,1.0407689035049241,0.04854667104486645,0.017625180199416047,0.6078431372549019,0.3921568627450981
MochilaMultiobjetivo,MEAMT,3,50,15,1.0407689035049241,0.04854667104486645,0.017625180199416047,0.6078431372549019,0.3921568627450981
MochilaMultiobjetivo,MEAMT,3,50,16,1.0407689035049241,0.04854667104486645,0.017625180199416047,0.6078431372549019,0.3921568627450981
MochilaMultiobjetivo,MEAMT,3,50,17,1.0407689035049241,0.04854667104486645,0.017625180199416047,0.6078431372549019,0.3921568627450981
MochilaMultiobjetivo,MEAMT,3,50,18,1.0407689035049241,0.04854667104486645,0.017625180199416047,0.6078431372549019,0.3921568627450981
MochilaMultiobjetivo,MEAMT,3,50,19,1.0407689035049241,0.04854667104486645,0.017625180199416047,0.6078431372549019,0.3921568627450981
MochilaMultiobjetivo,MEAMT,3,50,20,1.0407689035049241,0.04854667104486645,0.017625180199416047,0.6078431372549019,0.3921568627450981
MochilaMultiobjetivo,MEAMT,3,50,21,1.0407689035049241,0.04854667104486645,0.017625180199416047,0.6078431372549019,0.3921568627450981
MochilaMultiobjetivo,MEAMT,3,50,22,1.0407689035049241,0.04854667104486645,0.017625180199416047,0.6078431372549019,0.3921568627450981
MochilaMultiobjetivo,MEAMT,3,50,23,1.0407689035049241,0.04854667104486645,0.017625180199416047,0.6078431372549019,0.3921568627450981
MochilaMultiobjetivo,MEAMT,3,50,24,1.0407689035049241,0.04854667104486645,0.017625180199416047,0.6078431372549019,0.3921568627450981
MochilaMultiobjetivo,MEAMT,3,50,25,1.0407689035049241,0.04854667104486645,0.017625180199416047,0.6078431372549019,0.3921568627450981
MochilaMultiobjetivo,MEAMT,3,50,26,1.0407689035049241,0.04854667104486645,0.017625180199416047,0.6078431372549019,0.3921568627450981
MochilaMultiobjetivo,MEAMT,3,50,27,1.0407689035049241,0.04854667104486645,0.017625180199416047,0.6078431372549019,0.3921568627450981
MochilaMultiobjetivo,MEAMT,3,50,28,1.0407689035049241,0.04854667104486645,0.017625180199416047,0.6078431372549019,0.3921568627450981
MochilaMultiobjetivo,MEAMT,3,50,29,1.0407689035049241,0.04854667104486645,0.017625180199416047,0.6078431372549019,0.3921568627450981
MochilaMultiobjetivo,MEAMT,3,50,30,1.0407689035049241,0.04854667104486645,0.017625180199416047,0.6078431372549019,0.3921568627450981
DPF3,MOEAD,7,26,1,1.235467154229001,0.05204428995695708,0.013212328887113012,,
DPF3,MOEAD,7,26,2,1.300593279711001,0.095382797516279,0.023773081782351397,,
DPF3,MOEAD,7,26,3,1.301548151090001,0.095382797516279,0.023773081782351397,,
DPF3,MOEAD,7,26,4,1.299307126425001,0.095382797516279,0.023773081782351397,,
DPF3,MOEAD,7,26,5,1.301411740893001,0.095382797516279,0.023773081782351397,,
DPF3,MOEAD,7,26,6,1.2987419984660011,0.095382797516279,0.023773081782351397,,
DPF3,MOEAD,7,26,7,1.3040619961490008,0.095382797516279,0.023773081782351397,,
DPF3,MOEAD,7,26,8,1.3013922537220008,0.095382797516279,0.023773081782351397,,
DPF3,MOEAD,7,26,9,1.300963535960001,0.095382797516279,0.023773081782351397,,
DPF3,MOEAD,7,26,10,1.303886611610001,0.095382797516279,0.023773081782351397,,
DPF3,MOEAD,7,26,11,1.302561483982001,0.095382797516279,0.023773081782351397,,
DPF3,MOEAD,7,26,12,1.3004958438560008,0.095382797516279,0.023773081782351397,,
DPF3,MOEAD,7,26,13,1.307433276732001,0.095382797516279,0.023773081782351397,,
DPF3,MOEAD,7,26,14,1.303029176086001,0.095382797516279,0.023773081782351397,,
DPF3,MOEAD,7,26,15,1.297533793864001,0.095382797516279,0.023773081782351397,,
DPF3,MOEAD,7,26,16,1.3010219974730008,0.095382797516279,0.023773081782351397,,
DPF3,MOEAD,7,26,17,1.303672252729001,0.095382797516279,0.023773081782351397,,
DPF3,MOEAD,7,26,18,1.303282509309001,0.095382797516279,0.023773081782351397,,
DPF3,MOEAD,7,26,19,1.3030486632570009,0.095382797516279,0.023773081782351397,,
DPF3,MOEAD,7,26,20,1.301236356354001,0.095382797516279,0.023773081782351397,,
DPF3,MOEAD,7,26,21,1.304666098450001,0.095382797516279,0.023773081782351397,,
DPF3,MOEAD,7,26,22,1.303087637599001,0.095382797516279,0.023773081782351397,,
DPF3,MOEAD,7,26,23,1.306147123446001,0.095382797516279,0.023773081782351397,,
DPF3,MOEAD,7,26,24,1.302951227402001,0.095382797516279,0.023773081782351397,,
DPF3,MOEAD,7,26,25,1.302054817536001,0.095382797516279,0.023773081782351397,,
DPF3,MOEAD,7,26,26,1.2989368701760011,0.095382797516279,0.023773081782351397,,
DPF3,MOEAD,7,26,27,1.300768664250001,0.095382797516279,0.023773081782351397,,
DPF3,MOEAD,7,26,28,1.303263022138001,0.095382797516279,0.023773081782351397,,
DPF3,MOEAD,7,26,29,1.301041484644001,0.095382797516279,0.023773081782351397,,
DPF3,MOEAD,7,26,30,1.297904050113001,0.095382797516279,0.023773081782351397,,
DPF3,NSGA3,7,26,1,1.3117984030360008,0.009485646694171498,0.2566869982913763,,
DPF3,NSGA3,7,26,2,1.3080958405460008,0.009485646694171498,0.2566869982913763,,
DPF3,NSGA3,7,26,3,1.309401481003001,0.009485646694171498,0.2566869982913763,,
DPF3,NSGA3,7,26,4,1.311486608300001,0.009485646694171498,0.2566869982913763,,
DPF3,NSGA3,7,26,5,1.3059717389070011,0.009485646694171498,0.2566869982913763,,
DPF3,NSGA3,7,26,6,1.314331735266001,0.009485646694171498,0.2566869982913763,,
DPF3,NSGA3,7,26,7,1.305309175093001,0.009485646694171498,0.2566869982913763,,
DPF3,NSGA3,7,26,8,1.3061666106170011,0.009485646694171498,0.2566869982913763,,
DPF3,NSGA3,7,26,9,1.3095768655420008,0.009485646694171498,0.2566869982913763,,
DPF3,NSGA3,7,26,10,1.314643530002001,0.009485646694171498,0.2566869982913763,,
DPF3,NSGA3,7,26,11,1.310765582973001,0.009485646694171498,0.2566869982913763,,
DPF3,NSGA3,7,26,12,1.3128896846120008,0.009485646694171498,0.2566869982913763,,
DPF3,NSGA3,7,26,13,1.313240453690001,0.009485646694171498,0.2566869982913763,,
DPF3,NSGA3,7,26,14,1.303847637268001,0.009485646694171498,0.2566869982913763,,
DPF3,NSGA3,7,26,15,1.312558402705001,0.009485646694171498,0.2566869982913763,,
DPF3,NSGA3,7,26,16,1.309557378371001,0.009485646694171498,0.2566869982913763,,
DPF3,NSGA3,7,26,17,1.307491738245001,0.009485646694171498,0.2566869982913763,,
DPF3,NSGA3,7,26,18,1.3080958405460008,0.009485646694171498,0.2566869982913763,,
DPF3,NSGA3,7,26,19,1.3150527605930011,0.009485646694171498,0.2566869982913763,,
DPF3,NSGA3,7,26,20,1.307218917851001,0.009485646694171498,0.2566869982913763,,
DPF3,NSGA3,7,26,21,1.3142342994110008,0.009485646694171498,0.2566869982913763,,
DPF3,NSGA3,7,26,22,1.316650708615001,0.009485646694171498,0.2566869982913763,,
DPF3,NSGA3,7,26,23,1.314604555660001,0.009485646694171498,0.2566869982913763,,
DPF3,NSGA3,7,26,24,1.309459942516001,0.009485646694171498,0.2566869982913763,,
DPF3,NSGA3,7,26,25,1.3115645569840009,0.009485646694171498,0.2566869982913763,,
DPF3,NSGA3,7,26,26,1.312421992508001,0.009485646694171498,0.2566869982913763,,
DPF3,NSGA3,7,26,27,1.315715324407001,0.009485646694171498,0.2566869982913763,,
DPF3,NSGA3,7,26,28,1.3117399415230009,0.009485646694171498,0.2566869982913763,,
DPF3,NSGA3,7,26,29,1.311584044155001,0.009485646694171498,0.2566869982913763,,
DPF3,NSGA3,7,26,30,1.314663017173001,0.009485646694171498,0.2566869982913763,,
DPF3,NSGA2deap,7,26,1,1.399627082733001,0.00032591030749378467,0.0038496410331855194,,
DPF3,NSGA2deap,7,26,2,1.404596311338001,0.00034001076982236836,0.0033077821569109534,,
DPF3,NSGA2deap,7,26,3,1.4040116962080011,0.0002802788292883952,0.0038738773800244502,,
DPF3,NSGA2deap,7,26,4,1.403329645223001,0.000245777541398477,0.003832444770573184,,
DPF3,NSGA2deap,7,26,5,1.401634261346001,0.00020592290508155965,0.0034313899106161207,,
DPF3,NSGA2deap,7,26,6,1.405083490613001,0.00033611007954376343,0.0038643856944655815,,
DPF3,NSGA2deap,7,26,7,1.4038168244980012,0.0002798550999997417,0.004190709528770006,,
DPF3,NSGA2deap,7,26,8,1.401478363978001,0.00035919055688731107,0.004116643285966511,,
DPF3,NSGA2deap,7,26,9,1.4038947731820008,0.0002428459347518756,0.0037246787199740057,,
DPF3,NSGA2deap,7,26,10,1.400542979770001,0.000282518973954108,0.003923055960039612,,
DPF3,NSGA2deap,7,26,11,1.402355286673001,0.0002609616821154301,0.003920193390684401,,
DPF3,NSGA2deap,7,26,12,1.405161439297001,0.0003673665738125436,0.00416425720248545,,
DPF3,NSGA2deap,7,26,13,1.403836311669001,0.0002560563963849027,0.00368666686270134,,
DPF3,NSGA2deap,7,26,14,1.4006209284540012,0.0002901146209856455,0.0041335208710838196,,
DPF3,NSGA2deap,7,26,15,1.405005541929001,0.0003284907405906606,0.003616655281595266,,
DPF3,NSGA2deap,7,26,16,1.404440413970001,0.00024432145875268453,0.00361657576354927,,
DPF3,NSGA2deap,7,26,17,1.399256826484001,0.00027259590149248346,0.0039816240208215455,,
DPF3,NSGA2deap,7,26,18,1.4084742583670011,0.0002979926819264245,0.0036607308769011,,
DPF3,NSGA2deap,7,26,19,1.411358359675001,0.0002684815622578309,0.0037119429088362218,,
DPF3,NSGA2deap,7,26,20,1.405824003111001,0.0002290023113441296,0.0037649310845367795,,
DPF3,NSGA2deap,7,26,21,1.401751184372001,0.0002568101991818323,0.003385946048797148,,
DPF3,NSGA2deap,7,26,22,1.406584002780001,0.00024408089082910914,0.0040203256017251,,
DPF3,NSGA2deap,7,26,23,1.403154260684001,0.00035839896448233076,0.003547059932423106,,
DPF3,NSGA2deap,7,26,24,1.401322466610001,0.00022103932685697052,0.0037361744545335927,,
DPF3,NSGA2deap,7,26,25,1.404479388312001,0.0002849050982108577,0.0041240315100018595,,
DPF3,NSGA2deap,7,26,26,1.401361440952001,0.00024929326264966177,0.0034518825432374636,,
DPF3,NSGA2deap,7,26,27,1.406973746200001,0.00027032853721336967,0.0038082482147179077,,
DPF3,NSGA2deap,7,26,28,1.4084937455380009,0.00027370852191679846,0.0037121126372701325,,
DPF3,NSGA2deap,7,26,29,1.4045768241670011,0.00023156578274434244,0.003496789905167659,,
DPF3,NSGA2deap,7,26,30,1.409546052772001,0.0002512743350772875,0.0038148255155698928,,
DPF3,MEAMT,7,26,1,1.388012728817001,0.003002815106752688,0.016507271330901997,,
DPF3,MEAMT,7,26,2,1.388188113356001,0.003002815106752688,0.016507271330901997,,
DPF3,MEAMT,7,26,3,1.387564523884001,0.003002815106752688,0.016507271330901997,,
DPF3,MEAMT,7,26,4,1.388694779802001,0.003002815106752688,0.016507271330901997,,
DPF3,MEAMT,7,26,5,1.3846999097470012,0.003002815106752688,0.016507271330901997,,
DPF3,MEAMT,7,26,6,1.386180934743001,0.003002815106752688,0.016507271330901997,,
DPF3,MEAMT,7,26,7,1.391111189006001,0.003002815106752688,0.016507271330901997,,
DPF3,MEAMT,7,26,8,1.3875450367130011,0.003002815106752688,0.016507271330901997,,
DPF3,MEAMT,7,26,9,1.391422983742001,0.003002815106752688,0.016507271330901997,,
DPF3,MEAMT,7,26,10,1.3896301640100008,0.003002815106752688,0.016507271330901997,,
DPF3,MEAMT,7,26,11,1.390760419928001,0.003002815106752688,0.016507271330901997,,
DPF3,MEAMT,7,26,12,1.384290679156001,0.003002815106752688,0.016507271330901997,,
DPF3,MEAMT,7,26,13,1.389104010393001,0.003002815106752688,0.016507271330901997,,
DPF3,MEAMT,7,26,14,1.391851701504001,0.003002815106752688,0.016507271330901997,,
DPF3,MEAMT,7,26,15,1.386005550204001,0.003002815106752688,0.016507271330901997,,
DPF3,MEAMT,7,26,16,1.385674268297001,0.003002815106752688,0.016507271330901997,,
DPF3,MEAMT,7,26,17,1.387077344609001,0.003002815106752688,0.016507271330901997,,
DPF3,MEAMT,7,26,18,1.3875840110550008,0.003002815106752688,0.016507271330901997,,
DPF3,MEAMT,7,26,19,1.390273240653001,0.003002815106752688,0.016507271330901997,,
DPF3,MEAMT,7,26,20,1.390604522560001,0.003002815106752688,0.016507271330901997,,
DPF3,MEAMT,7,26,21,1.391715291307001,0.003002815106752688,0.016507271330901997,,
DPF3,MEAMT,7,26,22,1.392475290976001,0.003002815106752688,0.016507271330901997,,
DPF3,MEAMT,7,26,23,1.386317344940001,0.003002815106752688,0.016507271330901997,,
DPF3,MEAMT,7,26,24,1.3857327298100008,0.003002815106752688,0.016507271330901997,,
DPF3,MEAMT,7,26,25,1.392416829463001,0.003002815106752688,0.016507271330901997,,
DPF3,MEAMT,7,26,26,1.391345035058001,0.003002815106752688,0.016507271330901997,,
DPF3,MEAMT,7,26,27,1.390760419928001,0.003002815106752688,0.016507271330901997,,
DPF3,MEAMT,7,26,28,1.389474266642001,0.003002815106752688,0.016507271330901997,,
DPF3,MEAMT,7,26,29,1.384485550866001,0.003002815106752688,0.016507271330901997,,
DPF3,MEAMT,7,26,30,1.385420935074001,0.003002815106752688,0.016507271330901997,,
DPF3,MEAMT-ENXUTO,7,26,1,1.401478363978001,0.0008350983662669811,0.007821111391737662,,
DPF3,MEAMT-ENXUTO,7,26,2,1.393371700842001,0.0008350983662669811,0.007821111391737662,,
DPF3,MEAMT-ENXUTO,7,26,3,1.393332726500001,0.0008350983662669811,0.007821111391737662,,
DPF3,MEAMT-ENXUTO,7,26,4,1.393975803143001,0.0008350983662669811,0.007821111391737662,,
DPF3,MEAMT-ENXUTO,7,26,5,1.401614774175001,0.0008350983662669811,0.007821111391737662,,
DPF3,MEAMT-ENXUTO,7,26,6,1.397171699187001,0.0008350983662669811,0.007821111391737662,,
DPF3,MEAMT-ENXUTO,7,26,7,1.392533752489001,0.0008350983662669811,0.007821111391737662,,
DPF3,MEAMT-ENXUTO,7,26,8,1.394521443931001,0.0008350983662669811,0.007821111391737662,,
DPF3,MEAMT-ENXUTO,7,26,9,1.395963494585001,0.0008350983662669811,0.007821111391737662,,
DPF3,MEAMT-ENXUTO,7,26,10,1.397970673198001,0.0008350983662669811,0.007821111391737662,,
DPF3,MEAMT-ENXUTO,7,26,11,1.396742981425001,0.0008350983662669811,0.007821111391737662,,
DPF3,MEAMT-ENXUTO,7,26,12,1.396450673860001,0.0008350983662669811,0.007821111391737662,,
DPF3,MEAMT-ENXUTO,7,26,13,1.3955737511650008,0.0008350983662669811,0.007821111391737662,,
DPF3,MEAMT-ENXUTO,7,26,14,1.3973470837260011,0.0008350983662669811,0.007821111391737662,,
DPF3,MEAMT-ENXUTO,7,26,15,1.394073238998001,0.0008350983662669811,0.007821111391737662,,
DPF3,MEAMT-ENXUTO,7,26,16,1.3984383653020012,0.0008350983662669811,0.007821111391737662,,
DPF3,MEAMT-ENXUTO,7,26,17,1.394852725838001,0.0008350983662669811,0.007821111391737662,,
DPF3,MEAMT-ENXUTO,7,26,18,1.4000947748370012,0.0008350983662669811,0.007821111391737662,,
DPF3,MEAMT-ENXUTO,7,26,19,1.395184007745001,0.0008350983662669811,0.007821111391737662,,
DPF3,MEAMT-ENXUTO,7,26,20,1.396275289321001,0.0008350983662669811,0.007821111391737662,,
DPF3,MEAMT-ENXUTO,7,26,21,1.3946188797860009,0.0008350983662669811,0.007821111391737662,,
DPF3,MEAMT-ENXUTO,7,26,22,1.3938199057750011,0.0008350983662669811,0.007821111391737662,,
DPF3,MEAMT-ENXUTO,7,26,23,1.393975803143001,0.0008350983662669811,0.007821111391737662,,
DPF3,MEAMT-ENXUTO,7,26,24,1.394755289983001,0.0008350983662669811,0.007821111391737662,,
DPF3,MEAMT-ENXUTO,7,26,25,1.402062979108001,0.0008350983662669811,0.007821111391737662,,
DPF3,MEAMT-ENXUTO,7,26,26,1.3971911863580009,0.0008350983662669811,0.007821111391737662,,
DPF3,MEAMT-ENXUTO,7,26,27,1.399276313655001,0.0008350983662669811,0.007821111391737662,,
DPF3,MEAMT-ENXUTO,7,26,28,1.398126570566001,0.0008350983662669811,0.007821111391737662,,
DPF3,MEAMT-ENXUTO,7,26,29,1.397600416949001,0.0008350983662669811,0.007821111391737662,,
DPF3,MEAMT-ENXUTO,7,26,30,1.3949306745220011,0.0008350983662669811,0.007821111391737662,,
DPF3,MEAMT-ENXUTO,5,24,1,1.149743242265221,0.0006590557578916272,0.013218892461811755,,
DPF3,MEAMT-ENXUTO,5,24,2,1.1493384400351327,0.000830322014075517,0.0071622748203784194,,
DPF3,MEAMT-ENXUTO,5,24,3,1.1497622719019542,0.0008457623615624934,0.009172922647437728,,
DPF3,MEAMT-ENXUTO,5,24,4,1.1512316356013512,0.0008870546726550282,0.006348973391507546,,
DPF3,MEAMT-ENXUTO,5,24,5,1.1506298250656992,0.0007323123022074393,0.005148848652793163,,
DPF3,MEAMT-ENXUTO,5,24,6,1.1492740720640158,0.0006275847982950992,0.01142805133707743,,
DPF3,MEAMT-ENXUTO,5,24,7,1.1505764415469155,0.0006114012794605738,0.006126133866773956,,
DPF3,MEAMT-ENXUTO,5,24,8,1.149311191720623,0.0007979368745684962,0.005785819584724529,,
DPF3,MEAMT-ENXUTO,5,24,9,1.1501738818174871,0.0007375488192797792,0.005807306081845344,,
DPF3,MEAMT-ENXUTO,5,24,10,1.149240309396944,0.0007837308847291414,0.008262618432594914,,
DPF3,MEAMT-ENXUTO,5,24,11,1.149734890879099,0.0006090806821183907,0.005490518123987533,,
DPF3,MEAMT-ENXUTO,5,24,12,1.1503640095623364,0.0006910252960113473,0.004964841143352003,,
DPF3,MEAMT-ENXUTO,5,24,13,1.148680125716718,0.0006777561881738394,0.0070354346677397595,,
DPF3,MEAMT-ENXUTO,5,24,14,1.1496081004333236,0.0006759684157607087,0.007465511824954114,,
DPF3,MEAMT-ENXUTO,5,24,15,1.1489902386574165,0.0007262636759166704,0.0060529652427125605,,
DPF3,MEAMT-ENXUTO,5,24,16,1.1505081513652442,0.0005179358257659286,0.00828743293133554,,
DPF3,MEAMT-ENXUTO,5,24,17,1.1482182387403213,0.0008541179856138367,0.005507665438163903,,
DPF3,MEAMT-ENXUTO,5,24,18,1.1509963018335119,0.0006799601414646453,0.0050309441766825495,,
DPF3,MEAMT-ENXUTO,5,24,19,1.1502689675708857,0.0006449841945001015,0.007080796222462503,,
DPF3,MEAMT-ENXUTO,5,24,20,1.150973980791436,0.0007821731825466235,0.008317201792718365,,
DPF3,MEAMT-ENXUTO,5,24,21,1.1499176682359806,0.000585718765230286,0.006214208213046194,,
DPF3,MEAMT-ENXUTO,5,24,22,1.1498591789489032,0.0008233463162481701,0.005605383042118358,,
DPF3,MEAMT-ENXUTO,5,24,23,1.1479168694639894,0.0006633643334058797,0.004807406118780219,,
DPF3,MEAMT-ENXUTO,5,24,24,1.1508163399166822,0.0007066270291372197,0.006241971492617239,,
DPF3,MEAMT-ENXUTO,5,24,25,1.150503924587099,0.0005861667212165252,0.005743234181060541,,
DPF3,MEAMT-ENXUTO,5,24,26,1.15075854218174,0.0005262513042557859,0.005995313110643325,,
DPF3,MEAMT-ENXUTO,5,24,27,1.1502734687254903,0.0008374596304864378,0.00698973867204966,,
DPF3,MEAMT-ENXUTO,5,24,28,1.150779934297068,0.0004783991177726527,0.01429880002118417,,
DPF3,MEAMT-ENXUTO,5,24,29,1.1474200710158378,0.0006891788563297932,0.00865793342512066,,
DPF3,MEAMT-ENXUTO,5,24,30,1.148977723650105,0.0006309737900683065,0.005033319279873239,,
DPF3,NSGA3,5,24,1,1.0827461465051478,0.012579314140538847,0.05375484272554647,,
DPF3,NSGA3,5,24,2,1.0827396591191665,0.010215020601728578,0.05518689882974843,,
DPF3,NSGA3,5,24,3,1.0827504161676984,0.012466582651495566,0.05436176300089749,,
DPF3,NSGA3,5,24,4,1.0827366009359736,0.00961850394754746,0.05583874403993879,,
DPF3,NSGA3,5,24,5,1.0827403982872497,0.00959036504690427,0.05599471100304989,,
DPF3,NSGA3,5,24,6,1.0827403450758943,0.009595961683134502,0.05589401262442939,,
DPF3,NSGA3,5,24,7,1.0827407375929639,0.010186945364996551,0.055278561732350066,,
DPF3,NSGA3,5,24,8,1.0827398498308654,0.00959562418668567,0.05602486080081243,,
DPF3,NSGA3,5,24,9,1.0827406768862389,0.010802359096387465,0.05443045675238713,,
DPF3,NSGA3,5,24,10,1.0827475154145745,0.012538901112259927,0.053330171826452076,,
DPF3,NSGA3,5,24,11,1.082763151435124,0.012708594124239851,0.0567324088929183,,
DPF3,NSGA3,5,24,12,1.082749511480877,0.01079599457423241,0.055226485681020954,,
DPF3,NSGA3,5,24,13,1.0827524789763636,0.012670841286633814,0.055471516180972395,,
DPF3,NSGA3,5,24,14,1.0827450357942396,0.011343285580997807,0.054383824426621936,,
DPF3,NSGA3,5,24,15,1.082745510125605,0.012127473244712056,0.05353919378585837,,
DPF3,NSGA3,5,24,16,1.082741628807053,0.010253437628790382,0.05518463295167386,,
DPF3,NSGA3,5,24,17,1.0827403978339838,0.009599303203701986,0.05611174389095146,,
DPF3,NSGA3,5,24,18,1.082737118659761,0.012477960875947798,0.053435586238097826,,
DPF3,NSGA3,5,24,19,1.0827496547363182,0.012663831844979502,0.054220159635540215,,
DPF3,NSGA3,5,24,20,1.0826171801219004,0.010249259427905095,0.05526129331566292,,
DPF3,NSGA3,5,24,21,1.0827458367916236,0.011942311302351788,0.05407606778140931,,
DPF3,NSGA3,5,24,22,1.0827392566308163,0.009589389793670675,0.05603233297040012,,
DPF3,NSGA3,5,24,23,1.082745075028864,0.011877954704732564,0.054001402104534864,,
DPF3,NSGA3,5,24,24,1.082740425559816,0.0096686460830537,0.05590941298408065,,
DPF3,NSGA3,5,24,25,1.0827268308252975,0.009580026106562433,0.05571973529001767,,
DPF3,NSGA3,5,24,26,1.0827519750198462,0.012607139501721262,0.05739032223199821,,
DPF3,NSGA3,5,24,27,1.0827434416884536,0.01227017402530641,0.05332895766554721,,
DPF3,NSGA3,5,24,28,1.082737188303085,0.009681989758274643,0.05576715646986907,,
DPF3,NSGA3,5,24,29,1.0827408925836508,0.009546528683583282,0.05623862067330061,,
DPF3,NSGA3,5,24,30,1.0827435589776115,0.01032794946539444,0.05511766908991819,,
DPF3,MOEAD,5,24,1,1.0696724816129413,0.03829997656502702,0.006851056436199668,,
DPF3,MOEAD,5,24,2,1.0872948271928964,0.013301606883702233,0.029656796681786803,,
DPF3,MOEAD,5,24,3,1.0871789137347059,0.013156123557426019,0.029595109398224982,,
DPF3,MOEAD,5,24,4,1.0871382422957427,0.013159651426951764,0.02947318538046026,,
DPF3,MOEAD,5,24,5,1.0871290904805628,0.01316205144752791,0.029526704586536303,,
DPF3,MOEAD,5,24,6,1.0871422107249202,0.013156307718493422,0.02914308701561765,,
DPF3,MOEAD,5,24,7,1.0871232125954222,0.01315178739864997,0.025316668367156594,,
DPF3,MOEAD,5,24,8,1.0871618833634606,0.013157149127614034,0.025502863730637905,,
DPF3,MOEAD,5,24,9,1.0871534601869635,0.013147115274655643,0.025209537752596232,,
DPF3,MOEAD,5,24,10,1.087161272907928,0.013154459061209368,0.029590172493420507,,
DPF3,MOEAD,5,24,11,1.0871871770207386,0.013145849163201122,0.025416256687871674,,
DPF3,MOEAD,5,24,12,1.0871931232914336,0.013143549884726848,0.02565777926815783,,
DPF3,MOEAD,5,24,13,1.0870401141929653,0.013155711447929345,0.029528262484240314,,
DPF3,MOEAD,5,24,14,1.0871598103868247,0.013155995476353554,0.029766182635443852,,
DPF3,MOEAD,5,24,15,1.0871959896279608,0.013147899170254593,0.028836193569711982,,
DPF3,MOEAD,5,24,16,1.0871268021299805,0.013147841271319348,0.029097031567482733,,
DPF3,MOEAD,5,24,17,1.0872825560280008,0.013153931867340173,0.029456305606752,,
DPF3,MOEAD,5,24,18,1.0871028774184266,0.013160421297873546,0.025597042959109917,,
DPF3,MOEAD,5,24,19,1.0872645145609563,0.013153944306499223,0.025469677209170268,,
DPF3,MOEAD,5,24,20,1.0871196664568639,0.013070874054560186,0.02507759676969189,,
DPF3,MOEAD,5,24,21,1.0872236577594991,0.013144342016100116,0.029727473530575643,,
DPF3,MOEAD,5,24,22,1.0872182906149144,0.013167209371381888,0.02556622645474547,,
DPF3,MOEAD,5,24,23,1.087191570669459,0.013130251997816674,0.025516153964715425,,
DPF3,MOEAD,5,24,24,1.0871624352692855,0.013157642263015308,0.02568839280735284,,
DPF3,MOEAD,5,24,25,1.0871448047360524,0.013157851064634015,0.029719589602110356,,
DPF3,MOEAD,5,24,26,1.0871327854565478,0.013158175837579843,0.025647054311282842,,
DPF3,MOEAD,5,24,27,1.0870987139260606,0.01314174577723619,0.029247477782370152,,
DPF3,MOEAD,5,24,28,1.0871008334321302,0.013164448405921412,0.02953115265302452,,
DPF3,MOEAD,5,24,29,1.0871508430774752,0.01315728602819943,0.029759146994794965,,
DPF3,MOEAD,5,24,30,1.087228744181317,0.013147892493985389,0.02960958361801344,,
DPF3,MEAMT,5,24,1,1.1366368905695678,0.003682523462653861,0.009444515185091469,,
DPF3,MEAMT,5,24,2,1.1366368905695678,0.003682523462653861,0.009444515185091469,,
DPF3,MEAMT,5,24,3,1.1366368905695678,0.003682523462653861,0.009444515185091469,,
DPF3,MEAMT,5,24,4,1.1366368905695678,0.003682523462653861,0.009444515185091469,,
DPF3,MEAMT,5,24,5,1.1366368905695678,0.003682523462653861,0.009444515185091469,,
DPF3,MEAMT,5,24,6,1.1366368905695678,0.003682523462653861,0.009444515185091469,,
DPF3,MEAMT,5,24,7,1.1366368905695678,0.003682523462653861,0.009444515185091469,,
DPF3,MEAMT,5,24,8,1.1366368905695678,0.003682523462653861,0.009444515185091469,,
DPF3,MEAMT,5,24,9,1.1366368905695678,0.003682523462653861,0.009444515185091469,,
DPF3,MEAMT,5,24,10,1.1366368905695678,0.003682523462653861,0.009444515185091469,,
DPF3,MEAMT,5,24,11,1.1366368905695678,0.003682523462653861,0.009444515185091469,,
DPF3,MEAMT,5,24,12,1.1366368905695678,0.003682523462653861,0.009444515185091469,,
DPF3,MEAMT,5,24,13,1.1366368905695678,0.003682523462653861,0.009444515185091469,,
DPF3,MEAMT,5,24,14,1.1366368905695678,0.003682523462653861,0.009444515185091469,,
DPF3,MEAMT,5,24,15,1.1366368905695678,0.003682523462653861,0.009444515185091469,,
DPF3,MEAMT,5,24,16,1.1366368905695678,0.003682523462653861,0.009444515185091469,,
DPF3,MEAMT,5,24,17,1.1366368905695678,0.003682523462653861,0.009444515185091469,,
DPF3,MEAMT,5,24,18,1.1366368905695678,0.003682523462653861,0.009444515185091469,,
DPF3,MEAMT,5,24,19,1.1366368905695678,0.003682523462653861,0.009444515185091469,,
DPF3,MEAMT,5,24,20,1.1366368905695678,0.003682523462653861,0.009444515185091469,,
DPF3,MEAMT,5,24,21,1.1366368905695678,0.003682523462653861,0.009444515185091469,,
DPF3,MEAMT,5,24,22,1.1366368905695678,0.003682523462653861,0.009444515185091469,,
DPF3,MEAMT,5,24,23,1.1366368905695678,0.003682523462653861,0.009444515185091469,,
DPF3,MEAMT,5,24,24,1.1366368905695678,0.003682523462653861,0.009444515185091469,,
DPF3,MEAMT,5,24,25,1.1366368905695678,0.003682523462653861,0.009444515185091469,,
DPF3,MEAMT,5,24,26,1.1366368905695678,0.003682523462653861,0.009444515185091469,,
DPF3,MEAMT,5,24,27,1.1366368905695678,0.003682523462653861,0.009444515185091469,,
DPF3,MEAMT,5,24,28,1.1366368905695678,0.003682523462653861,0.009444515185091469,,
DPF3,MEAMT,5,24,29,1.1366368905695678,0.003682523462653861,0.009444515185091469,,
DPF3,MEAMT,5,24,30,1.1366368905695678,0.003682523462653861,0.009444515185091469,,
DPF3,NSGA2deap,5,24,1,1.153587310132131,0.0002608923617580894,0.002871924872630326,,
DPF3,NSGA2deap,5,24,2,1.1537534186863394,0.00022410242970169594,0.0027565428620330737,,
DPF3,NSGA2deap,5,24,3,1.1540537309441892,0.00029201857572477694,0.002815280731214182,,
DPF3,NSGA2deap,5,24,4,1.153664274722515,0.00021480234362127048,0.002995551942927799,,
DPF3,NSGA2deap,5,24,5,1.1537977937126955,0.00020038012225567203,0.0029977354101665393,,
DPF3,NSGA2deap,5,24,6,1.1539791109074877,0.0002589254255594771,0.002974724690198886,,
DPF3,NSGA2deap,5,24,7,1.1537850642064114,0.0002508399769257887,0.002776143617684042,,
DPF3,NSGA2deap,5,24,8,1.1536705205326905,0.000202340184542591,0.0027055762885912714,,
DPF3,NSGA2deap,5,24,9,1.1540436983054256,0.0002387054507385191,0.0027248337216941075,,
DPF3,NSGA2deap,5,24,10,1.1538644333303152,0.0002494680676563471,0.0027318617057971732,,
DPF3,NSGA2deap,5,24,11,1.1536875223433025,0.00019386925731687034,0.002733467942967688,,
DPF3,NSGA2deap,5,24,12,1.153507654890707,0.00023298444952119088,0.003241684789608403,,
DPF3,NSGA2deap,5,24,13,1.1536610722338319,0.00022769725102353522,0.0029296865139043825,,
DPF3,NSGA2deap,5,24,14,1.1537519800365108,0.00020727360067159827,0.002752780065306604,,
DPF3,NSGA2deap,5,24,15,1.1539640295598774,0.00020300499934476217,0.002754447482280394,,
DPF3,NSGA2deap,5,24,16,1.1537415537674587,0.00022723743382498956,0.003330467629527345,,
DPF3,NSGA2deap,5,24,17,1.1538401382953964,0.0002193716772884354,0.002694749507777726,,
DPF3,NSGA2deap,5,24,18,1.1540329396959412,0.00018182660645011469,0.002730415970461539,,
DPF3,NSGA2deap,5,24,19,1.1539090333299458,0.00031857559458806946,0.0029729011869188103,,
DPF3,NSGA2deap,5,24,20,1.1536525653099217,0.00020057177043992318,0.00257616301707624,,
DPF3,NSGA2deap,5,24,21,1.153611478304472,0.00018293776963016408,0.0032185800879805083,,
DPF3,NSGA2deap,5,24,22,1.153595400804341,0.00019848791141221104,0.003255453599205979,,
DPF3,NSGA2deap,5,24,23,1.153710381322402,0.00022885927702037096,0.002746112377725337,,
DPF3,NSGA2deap,5,24,24,1.153763526446299,0.00022773296865716164,0.0027700919856802585,,
DPF3,NSGA2deap,5,24,25,1.1536304491578526,0.0002641498604669826,0.003058771443283647,,
DPF3,NSGA2deap,5,24,26,1.153920374753427,0.00022743528732867445,0.002840612761251703,,
DPF3,NSGA2deap,5,24,27,1.1539430349016804,0.00021243509989587455,0.0025181696825404103,,
DPF3,NSGA2deap,5,24,28,1.1539585074666856,0.0002868959363778758,0.002937975069988598,,
DPF3,NSGA2deap,5,24,29,1.1538148448076295,0.000236653892653231,0.003000124927775954,,
DPF3,NSGA2deap,5,24,30,1.1538224613781634,0.0002868841070395362,0.003237237404074028,,
DTLZ4,NSGA2deap,5,14,1,1.53909353000583,0.10589646808950333,0.1645125830657044,,
DTLZ4,NSGA2deap,5,14,2,1.5351274183016308,0.10867847947035826,0.176684831821993,,
DTLZ4,NSGA2deap,5,14,3,1.5363925798105533,0.10399469583100011,0.15577299394057834,,
DTLZ4,NSGA2deap,5,14,4,1.5254655240175299,0.11889749030535987,0.16931386672730572,,
DTLZ4,NSGA2deap,5,14,5,1.5304907860247023,0.10916333769691018,0.16909453386709597,,
DTLZ4,NSGA2deap,5,14,6,1.5295419198662248,0.12286713809367442,0.17765476351919443,,
DTLZ4,NSGA2deap,5,14,7,1.5312885651318693,0.11194245257384855,0.1514813047706488,,
DTLZ4,NSGA2deap,5,14,8,1.5312749707757753,0.1061786389503006,0.17352938183571173,,
DTLZ4,NSGA2deap,5,14,9,1.5258235925038521,0.11347414263129216,0.17471261050755674,,
DTLZ4,NSGA2deap,5,14,10,1.5344729244537967,0.11012649797737523,0.17973906893582767,,
DTLZ4,NSGA2deap,5,14,11,1.5336843348372673,0.11743932166027146,0.16403830232755623,,
DTLZ4,NSGA2deap,5,14,12,1.5324251142096075,0.11858898275523458,0.18203858932611353,,
DTLZ4,NSGA2deap,5,14,13,1.533664759060227,0.10631425599209476,0.1616194975207959,,
DTLZ4,NSGA2deap,5,14,14,1.5295584795747397,0.11748120899631068,0.17224428962590338,,
DTLZ4,NSGA2deap,5,14,15,1.5364298292667096,0.10401485740082463,0.1707649880641906,,
DTLZ4,NSGA2deap,5,14,16,1.5325592237393404,0.1008310245256845,0.16610458308839246,,
DTLZ4,NSGA2deap,5,14,17,1.5288849631946182,0.11209277924218339,0.16611161054005444,,
DTLZ4,NSGA2deap,5,14,18,1.5269322923475641,0.11526412251051794,0.16008443826340174,,
DTLZ4,NSGA2deap,5,14,19,1.5215479352298542,0.11572756549474308,0.17687960364547353,,
DTLZ4,NSGA2deap,5,14,20,1.5348346601663718,0.10674525583014063,0.15823448136702026,,
DTLZ4,NSGA2deap,5,14,21,1.5316174935371516,0.10936213290458147,0.16810075674722552,,
DTLZ4,NSGA2deap,5,14,22,1.5288503298244303,0.11354609088127886,0.1860545850737189,,
DTLZ4,NSGA2deap,5,14,23,1.519836767520755,0.11918955556333113,0.17735927238998125,,
DTLZ4,NSGA2deap,5,14,24,1.5280971754335475,0.124092580946878,0.17243551152551803,,
DTLZ4,NSGA2deap,5,14,25,1.5318657690836837,0.11737909466756215,0.1706244197533146,,
DTLZ4,NSGA2deap,5,14,26,1.532083824664115,0.10478562053483206,0.15714977199870866,,
DTLZ4,NSGA2deap,5,14,27,1.529119656405814,0.10673450081364023,0.16810469195217492,,
DTLZ4,NSGA2deap,5,14,28,1.5313979998992062,0.1136955593892032,0.15685199646008208,,
DTLZ4,NSGA2deap,5,14,29,1.5296499968309225,0.113267027387855,0.1678264975629054,,
DTLZ4,NSGA2deap,5,14,30,1.5291679575001513,0.13592421021260015,0.1637903956580891,,
DTLZ4,MEAMT,5,14,1,1.5391316236518013,0.08156460325705056,0.09919968613113503,,
DTLZ4,MEAMT,5,14,2,1.5391316236518013,0.08156460325705056,0.09919968613113503,,
DTLZ4,MEAMT,5,14,3,1.5391316236518013,0.08156460325705056,0.09919968613113503,,
DTLZ4,MEAMT,5,14,4,1.5391316236518013,0.08156460325705056,0.09919968613113503,,
DTLZ4,MEAMT,5,14,5,1.5391316236518013,0.08156460325705056,0.09919968613113503,,
DTLZ4,MEAMT,5,14,6,1.5391316236518013,0.08156460325705056,0.09919968613113503,,
DTLZ4,MEAMT,5,14,7,1.5391316236518013,0.08156460325705056,0.09919968613113503,,
DTLZ4,MEAMT,5,14,8,1.5391316236518013,0.08156460325705056,0.09919968613113503,,
DTLZ4,MEAMT,5,14,9,1.5391316236518013,0.08156460325705056,0.09919968613113503,,
DTLZ4,MEAMT,5,14,10,1.5391316236518013,0.08156460325705056,0.09919968613113503,,
DTLZ4,MEAMT,5,14,11,1.5391316236518013,0.08156460325705056,0.09919968613113503,,
DTLZ4,MEAMT,5,14,12,1.5391316236518013,0.08156460325705056,0.09919968613113503,,
DTLZ4,MEAMT,5,14,13,1.5391316236518013,0.08156460325705056,0.09919968613113503,,
DTLZ4,MEAMT,5,14,14,1.5391316236518013,0.08156460325705056,0.09919968613113503,,
DTLZ4,MEAMT,5,14,15,1.5391316236518013,0.08156460325705056,0.09919968613113503,,
DTLZ4,MEAMT,5,14,16,1.5391316236518013,0.08156460325705056,0.09919968613113503,,
DTLZ4,MEAMT,5,14,17,1.5391316236518013,0.08156460325705056,0.09919968613113503,,
DTLZ4,MEAMT,5,14,18,1.5391316236518013,0.08156460325705056,0.09919968613113503,,
DTLZ4,MEAMT,5,14,19,1.5391316236518013,0.08156460325705056,0.09919968613113503,,
DTLZ4,MEAMT,5,14,20,1.5391316236518013,0.08156460325705056,0.09919968613113503,,
DTLZ4,MEAMT,5,14,21,1.5391316236518013,0.08156460325705056,0.09919968613113503,,
DTLZ4,MEAMT,5,14,22,1.5391316236518013,0.08156460325705056,0.09919968613113503,,
DTLZ4,MEAMT,5,14,23,1.5391316236518013,0.08156460325705056,0.09919968613113503,,
DTLZ4,MEAMT,5,14,24,1.5391316236518013,0.08156460325705056,0.09919968613113503,,
DTLZ4,MEAMT,5,14,25,1.5391316236518013,0.08156460325705056,0.09919968613113503,,
DTLZ4,MEAMT,5,14,26,1.5391316236518013,0.08156460325705056,0.09919968613113503,,
DTLZ4,MEAMT,5,14,27,1.5391316236518013,0.08156460325705056,0.09919968613113503,,
DTLZ4,MEAMT,5,14,28,1.5391316236518013,0.08156460325705056,0.09919968613113503,,
DTLZ4,MEAMT,5,14,29,1.5391316236518013,0.08156460325705056,0.09919968613113503,,
DTLZ4,MEAMT,5,14,30,1.5391316236518013,0.08156460325705056,0.09919968613113503,,
DTLZ4,MOEAD,5,14,1,1.3516295878707214,0.4314801336015149,0.07166955243478042,,
DTLZ4,MOEAD,5,14,2,1.5217243213553064,0.057474249657278355,0.09879771658575054,,
DTLZ4,MOEAD,5,14,3,1.5683977871342503,0.04931106511866009,0.10455079860597723,,
DTLZ4,MOEAD,5,14,4,1.3991364070951553,0.1164321575815402,0.04103588297094668,,
DTLZ4,MOEAD,5,14,5,1.5685519812058861,0.04917948945148987,0.10971433163192244,,
DTLZ4,MOEAD,5,14,6,1.5685474580460461,0.049236238906905615,0.10964739274612041,,
DTLZ4,MOEAD,5,14,7,1.1285208253115586,0.5207855809776695,0.011209861643650398,,
DTLZ4,MOEAD,5,14,8,1.5217499313820235,0.057294056651020754,0.09651297179563463,,
DTLZ4,MOEAD,5,14,9,1.5136145037757442,0.09021870093798286,0.1011767437229593,,
DTLZ4,MOEAD,5,14,10,1.5685514645625864,0.04917741458612239,0.10976328795437851,,
DTLZ4,MOEAD,5,14,11,1.568551193701642,0.049170719910711105,0.10974188852165588,,
DTLZ4,MOEAD,5,14,12,1.5135631113751908,0.1786475031009721,0.10302414851499965,,
DTLZ4,MOEAD,5,14,13,1.5217361752317875,0.05748010943566055,0.09898947920928801,,
DTLZ4,MOEAD,5,14,14,1.568552152069509,0.049176211183647754,0.1097987744684116,,
DTLZ4,MOEAD,5,14,15,1.5685513552495793,0.04917702395999606,0.10975133122382984,,
DTLZ4,MOEAD,5,14,16,1.398244750281828,0.41765921588813415,0.043784351851313325,,
DTLZ4,MOEAD,5,14,17,1.568552085733451,0.04918061170896733,0.10977477979906611,,
DTLZ4,MOEAD,5,14,18,1.5135785527192285,0.17864225269054976,0.10233714195852313,,
DTLZ4,MOEAD,5,14,19,1.5685522408093582,0.0491756976672598,0.10978372442261158,,
DTLZ4,MOEAD,5,14,20,1.568553375260909,0.049172690856780804,0.10980643440376384,,
DTLZ4,MOEAD,5,14,21,1.5136971767981755,0.3823596874841384,0.10183693906479904,,
DTLZ4,MOEAD,5,14,22,1.3789407322876384,0.617999748632183,0.040940118999702055,,
DTLZ4,MOEAD,5,14,23,1.5685517805770635,0.04917663191507443,0.10977787278627561,,
DTLZ4,MOEAD,5,14,24,1.5217130076192626,0.0574780656893762,0.09926999134918016,,
DTLZ4,MOEAD,5,14,25,1.568551493237516,0.049175240427424737,0.10987067716139134,,
DTLZ4,MOEAD,5,14,26,1.5658209785675778,0.0526828609923853,0.10259062183985761,,
DTLZ4,MOEAD,5,14,27,1.5685462756715287,0.04918462561815546,0.10969552522137221,,
DTLZ4,MOEAD,5,14,28,1.5136330159381852,0.17862931348674746,0.10110019691614186,,
DTLZ4,MOEAD,5,14,29,1.379687565470968,0.2569429947289892,0.042118056533271615,,
DTLZ4,MOEAD,5,14,30,1.5137216621383793,0.3822868578727054,0.10173664772835064,,
DTLZ4,NSGA3,5,14,1,1.5685507952331665,0.04916600269443137,0.10984471606151519,,
DTLZ4,NSGA3,5,14,2,1.568549610413152,0.049183878921214425,0.10966514051672777,,
DTLZ4,NSGA3,5,14,3,1.5685522614331247,0.049168140620171205,0.10967933043184017,,
DTLZ4,NSGA3,5,14,4,1.5685533756966996,0.04917957599785575,0.10979411085349874,,
DTLZ4,NSGA3,5,14,5,1.56855046015768,0.049179509045656614,0.10982862239780548,,
DTLZ4,NSGA3,5,14,6,1.5685509816089238,0.049188609778807534,0.10965087379955203,,
DTLZ4,NSGA3,5,14,7,1.5685472661975797,0.049175795014269455,0.10987858315371717,,
DTLZ4,NSGA3,5,14,8,1.5685492257689981,0.04916958431167929,0.10975877918253482,,
DTLZ4,NSGA3,5,14,9,1.568552038105672,0.04918474631063233,0.10955077472124111,,
DTLZ4,NSGA3,5,14,10,1.5685532413247631,0.04920090103871725,0.10973615554335922,,
DTLZ4,NSGA3,5,14,11,1.5685512481992991,0.04918339031926424,0.1097501583230584,,
DTLZ4,NSGA3,5,14,12,1.5685478602350114,0.049184978353682726,0.10970875654284344,,
DTLZ4,NSGA3,5,14,13,1.5685503379850816,0.04918044101290407,0.10960772591034056,,
DTLZ4,NSGA3,5,14,14,1.568529140825909,0.049194441141073846,0.10983682141706708,,
DTLZ4,NSGA3,5,14,15,1.568551491111494,0.04917694697156165,0.10980446212262307,,
DTLZ4,NSGA3,5,14,16,1.5685522168693586,0.04919311079021124,0.10972108011575438,,
DTLZ4,NSGA3,5,14,17,1.5685504297745372,0.04915224081299694,0.10975329787961802,,
DTLZ4,NSGA3,5,14,18,1.5685565770186902,0.04917691827713977,0.109662193620018,,
DTLZ4,NSGA3,5,14,19,1.5685526940378864,0.04917831126830661,0.10970424815759933,,
DTLZ4,NSGA3,5,14,20,1.5685535137097415,0.04918775717102528,0.10980661291432185,,
DTLZ4,NSGA3,5,14,21,1.568551878366781,0.04916428396861217,0.10969675887112422,,
DTLZ4,NSGA3,5,14,22,1.568550486021406,0.04918334242149003,0.10983510543785786,,
DTLZ4,NSGA3,5,14,23,1.5685532352502838,0.04917138905944769,0.10977500525704777,,
DTLZ4,NSGA3,5,14,24,1.5685507734218156,0.049181402835882126,0.10964708287007016,,
DTLZ4,NSGA3,5,14,25,1.568552061014143,0.04917729266011426,0.10972365369118786,,
DTLZ4,NSGA3,5,14,26,1.5685507945083574,0.049191068350362056,0.10983505161424671,,
DTLZ4,NSGA3,5,14,27,1.5685520653187979,0.049179521705171564,0.10991165591450197,,
DTLZ4,NSGA3,5,14,28,1.5685521743910584,0.04917564934873185,0.10971340303239209,,
DTLZ4,NSGA3,5,14,29,1.5685520067391985,0.049192772915865816,0.10961821297717095,,
DTLZ4,NSGA3,5,14,30,1.5685501326962417,0.049197910213503816,0.10980684228777768,,
DTLZ4,MEAMT-ENXUTO,5,14,1,1.5185936606108414,0.10656911730008596,0.15796620158684788,,
DTLZ4,MEAMT-ENXUTO,5,14,2,1.5326926721001894,0.09650493623876345,0.16582529745763316,,
DTLZ4,MEAMT-ENXUTO,5,14,3,1.5237536100116744,0.10149498676295277,0.1524057327229642,,
DTLZ4,MEAMT-ENXUTO,5,14,4,1.5340793521405514,0.08902502288428009,0.14549088456383075,,
DTLZ4,MEAMT-ENXUTO,5,14,5,1.455178933537268,0.4260716423841846,0.11120189135422617,,
DTLZ4,MEAMT-ENXUTO,5,14,6,1.526710666588882,0.10070162411781823,0.16698603510283877,,
DTLZ4,MEAMT-ENXUTO,5,14,7,1.5299022174593706,0.0935375527548187,0.17549348951036872,,
DTLZ4,MEAMT-ENXUTO,5,14,8,1.5309079161511798,0.08623051537345698,0.15139962942232027,,
DTLZ4,MEAMT-ENXUTO,5,14,9,1.4847584060616232,0.09789623649963781,0.12173987450316757,,
DTLZ4,MEAMT-ENXUTO,5,14,10,1.5260801041701584,0.101778657722861,0.17701988832044335,,
DTLZ4,MEAMT-ENXUTO,5,14,11,1.5133841534455894,0.11521369939573615,0.1880948007928977,,
DTLZ4,MEAMT-ENXUTO,5,14,12,1.531576495920493,0.09380092708560563,0.18131018551382552,,
DTLZ4,MEAMT-ENXUTO,5,14,13,1.5301641695934554,0.08942497290633195,0.16690278728507763,,
DTLZ4,MEAMT-ENXUTO,5,14,14,1.5267232218223494,0.09818344525538722,0.20063883842685037,,
DTLZ4,MEAMT-ENXUTO,5,14,15,1.5316313738616247,0.09660340585940572,0.17939317421483603,,
DTLZ4,MEAMT-ENXUTO,5,14,16,1.5256910842422753,0.11036952419220196,0.17397170915974916,,
DTLZ4,MEAMT-ENXUTO,5,14,17,1.527666643714755,0.10160813489874963,0.16543826286316515,,
DTLZ4,MEAMT-ENXUTO,5,14,18,1.5305960004609893,0.09312254563220924,0.17761690658334964,,
DTLZ4,MEAMT-ENXUTO,5,14,19,1.538569776829332,0.08612892330420929,0.16131614618221057,,
DTLZ4,MEAMT-ENXUTO,5,14,20,1.5340569052377058,0.09956651662561941,0.17447981368582974,,
DTLZ4,MEAMT-ENXUTO,5,14,21,1.5278629866949167,0.10018010156278198,0.17588830943635175,,
DTLZ4,MEAMT-ENXUTO,5,14,22,1.529271142341514,0.0985104706012131,0.16180853862714492,,
DTLZ4,MEAMT-ENXUTO,5,14,23,1.5249453940417967,0.09361838392307655,0.19568056319996296,,
DTLZ4,MEAMT-ENXUTO,5,14,24,1.5081265528537244,0.11098024171994253,0.1772187941365415,,
DTLZ4,MEAMT-ENXUTO,5,14,25,1.5250049077286212,0.10167074059337597,0.1678545621713006,,
DTLZ4,MEAMT-ENXUTO,5,14,26,1.4806098511364154,0.11809434698380149,0.13087405303208707,,
DTLZ4,MEAMT-ENXUTO,5,14,27,1.5221539453464912,0.10676441505202179,0.17167463999573784,,
DTLZ4,MEAMT-ENXUTO,5,14,28,1.5317943628708304,0.08610824576282418,0.18650365396144578,,
DTLZ4,MEAMT-ENXUTO,5,14,29,1.5217903690752557,0.10138791118844384,0.1576696764735145,,
DTLZ4,MEAMT-ENXUTO,5,14,30,1.5297298803516284,0.09564725888360723,0.2008706853320889,,
MochilaMultiobjetivo,MEAMT,3,100,1,0.9736687116429248,0.07341353281809883,0.015292247978051655,0.0,1.0
MochilaMultiobjetivo,MEAMT,3,100,2,0.9736687116429248,0.07341353281809883,0.015292247978051655,0.0,1.0
MochilaMultiobjetivo,MEAMT,3,100,3,0.9736687116429248,0.07341353281809883,0.015292247978051655,0.0,1.0
MochilaMultiobjetivo,MEAMT,3,100,4,0.9736687116429248,0.07341353281809883,0.015292247978051655,0.0,1.0
MochilaMultiobjetivo,MEAMT,3,100,5,0.9736687116429248,0.07341353281809883,0.015292247978051655,0.0,1.0
MochilaMultiobjetivo,MEAMT,3,100,6,0.9736687116429248,0.07341353281809883,0.015292247978051655,0.0,1.0
MochilaMultiobjetivo,MEAMT,3,100,7,0.9736687116429248,0.07341353281809883,0.015292247978051655,0.0,1.0
MochilaMultiobjetivo,MEAMT,3,100,8,0.9736687116429248,0.07341353281809883,0.015292247978051655,0.0,1.0
MochilaMultiobjetivo,MEAMT,3,100,9,0.9736687116429248,0.07341353281809883,0.015292247978051655,0.0,1.0
MochilaMultiobjetivo,MEAMT,3,100,10,0.9736687116429248,0.07341353281809883,0.015292247978051655,0.0,1.0
MochilaMultiobjetivo,MEAMT,3,100,11,0.9736687116429248,0.07341353281809883,0.015292247978051655,0.0,1.0
MochilaMultiobjetivo,MEAMT,3,100,12,0.9736687116429248,0.07341353281809883,0.015292247978051655,0.0,1.0
MochilaMultiobjetivo,MEAMT,3,100,13,0.9736687116429248,0.07341353281809883,0.015292247978051655,0.0,1.0
MochilaMultiobjetivo,MEAMT,3,100,14,0.9736687116429248,0.07341353281809883,0.015292247978051655,0.0,1.0
MochilaMultiobjetivo,MEAMT,3,100,15,0.9736687116429248,0.07341353281809883,0.015292247978051655,0.0,1.0
MochilaMultiobjetivo,MEAMT,3,100,16,0.9736687116429248,0.07341353281809883,0.015292247978051655,0.0,1.0
MochilaMultiobjetivo,MEAMT,3,100,17,0.9736687116429248,0.07341353281809883,0.015292247978051655,0.0,1.0
MochilaMultiobjetivo,MEAMT,3,100,18,0.9736687116429248,0.07341353281809883,0.015292247978051655,0.0,1.0
MochilaMultiobjetivo,MEAMT,3,100,19,0.9736687116429248,0.07341353281809883,0.015292247978051655,0.0,1.0
MochilaMultiobjetivo,MEAMT,3,100,20,0.9736687116429248,0.07341353281809883,0.015292247978051655,0.0,1.0
MochilaMultiobjetivo,MEAMT,3,100,21,0.9736687116429248,0.07341353281809883,0.015292247978051655,0.0,1.0
MochilaMultiobjetivo,MEAMT,3,100,22,0.9736687116429248,0.07341353281809883,0.015292247978051655,0.0,1.0
MochilaMultiobjetivo,MEAMT,3,100,23,0.9736687116429248,0.07341353281809883,0.015292247978051655,0.0,1.0
MochilaMultiobjetivo,MEAMT,3,100,24,0.9736687116429248,0.07341353281809883,0.015292247978051655,0.0,1.0
MochilaMultiobjetivo,MEAMT,3,100,25,0.9736687116429248,0.07341353281809883,0.015292247978051655,0.0,1.0
MochilaMultiobjetivo,MEAMT,3,100,26,0.9736687116429248,0.07341353281809883,0.015292247978051655,0.0,1.0
MochilaMultiobjetivo,MEAMT,3,100,27,0.9736687116429248,0.07341353281809883,0.015292247978051655,0.0,1.0
MochilaMultiobjetivo,MEAMT,3,100,28,0.9736687116429248,0.07341353281809883,0.015292247978051655,0.0,1.0
MochilaMultiobjetivo,MEAMT,3,100,29,0.9736687116429248,0.07341353281809883,0.015292247978051655,0.0,1.0
MochilaMultiobjetivo,MEAMT,3,100,30,0.9736687116429248,0.07341353281809883,0.015292247978051655,0.0,1.0
MochilaMultiobjetivo,NSGA3,3,100,1,1.112190667545182,0.020270263434216392,0.01494849376142582,0.8995215311004785,0.1004784688995215
MochilaMultiobjetivo,NSGA3,3,100,2,1.112190667545182,0.020270263434216392,0.01494849376142582,0.8995215311004785,0.1004784688995215
MochilaMultiobjetivo,NSGA3,3,100,3,1.112190667545182,0.020270263434216392,0.01494849376142582,0.8995215311004785,0.1004784688995215
MochilaMultiobjetivo,NSGA3,3,100,4,1.112190667545182,0.020270263434216392,0.01494849376142582,0.8995215311004785,0.1004784688995215
MochilaMultiobjetivo,NSGA3,3,100,5,1.112190667545182,0.020270263434216392,0.01494849376142582,0.8995215311004785,0.1004784688995215
MochilaMultiobjetivo,NSGA3,3,100,6,1.112190667545182,0.020270263434216392,0.01494849376142582,0.8995215311004785,0.1004784688995215
MochilaMultiobjetivo,NSGA3,3,100,7,1.112190667545182,0.020270263434216392,0.01494849376142582,0.8995215311004785,0.1004784688995215
MochilaMultiobjetivo,NSGA3,3,100,8,1.112190667545182,0.020270263434216392,0.01494849376142582,0.8995215311004785,0.1004784688995215
MochilaMultiobjetivo,NSGA3,3,100,9,1.112190667545182,0.020270263434216392,0.01494849376142582,0.8995215311004785,0.1004784688995215
MochilaMultiobjetivo,NSGA3,3,100,10,1.112190667545182,0.020270263434216392,0.01494849376142582,0.8995215311004785,0.1004784688995215
MochilaMultiobjetivo,NSGA3,3,100,11,1.112190667545182,0.020270263434216392,0.01494849376142582,0.8995215311004785,0.1004784688995215
MochilaMultiobjetivo,NSGA3,3,100,12,1.112190667545182,0.020270263434216392,0.01494849376142582,0.8995215311004785,0.1004784688995215
MochilaMultiobjetivo,NSGA3,3,100,13,1.112190667545182,0.020270263434216392,0.01494849376142582,0.8995215311004785,0.1004784688995215
MochilaMultiobjetivo,NSGA3,3,100,14,1.112190667545182,0.020270263434216392,0.01494849376142582,0.8995215311004785,0.1004784688995215
MochilaMultiobjetivo,NSGA3,3,100,15,1.112190667545182,0.020270263434216392,0.01494849376142582,0.8995215311004785,0.1004784688995215
MochilaMultiobjetivo,NSGA3,3,100,16,1.112190667545182,0.020270263434216392,0.01494849376142582,0.8995215311004785,0.1004784688995215
MochilaMultiobjetivo,NSGA3,3,100,17,1.112190667545182,0.020270263434216392,0.01494849376142582,0.8995215311004785,0.1004784688995215
MochilaMultiobjetivo,NSGA3,3,100,18,1.112190667545182,0.020270263434216392,0.01494849376142582,0.8995215311004785,0.1004784688995215
MochilaMultiobjetivo,NSGA3,3,100,19,1.112190667545182,0.020270263434216392,0.01494849376142582,0.8995215311004785,0.1004784688995215
MochilaMultiobjetivo,NSGA3,3,100,20,1.112190667545182,0.020270263434216392,0.01494849376142582,0.8995215311004785,0.1004784688995215
MochilaMultiobjetivo,NSGA3,3,100,21,1.112190667545182,0.020270263434216392,0.01494849376142582,0.8995215311004785,0.1004784688995215
MochilaMultiobjetivo,NSGA3,3,100,22,1.112190667545182,0.020270263434216392,0.01494849376142582,0.8995215311004785,0.1004784688995215
MochilaMultiobjetivo,NSGA3,3,100,23,1.112190667545182,0.020270263434216392,0.01494849376142582,0.8995215311004785,0.1004784688995215
MochilaMultiobjetivo,NSGA3,3,100,24,1.112190667545182,0.020270263434216392,0.01494849376142582,0.8995215311004785,0.1004784688995215
MochilaMultiobjetivo,NSGA3,3,100,25,1.112190667545182,0.020270263434216392,0.01494849376142582,0.8995215311004785,0.1004784688995215
MochilaMultiobjetivo,NSGA3,3,100,26,1.112190667545182,0.020270263434216392,0.01494849376142582,0.8995215311004785,0.1004784688995215
MochilaMultiobjetivo,NSGA3,3,100,27,1.112190667545182,0.020270263434216392,0.01494849376142582,0.8995215311004785,0.1004784688995215
MochilaMultiobjetivo,NSGA3,3,100,28,1.112190667545182,0.020270263434216392,0.01494849376142582,0.8995215311004785,0.1004784688995215
MochilaMultiobjetivo,NSGA3,3,100,29,1.112190667545182,0.020270263434216392,0.01494849376142582,0.8995215311004785,0.1004784688995215
MochilaMultiobjetivo,NSGA3,3,100,30,1.112190667545182,0.020270263434216392,0.01494849376142582,0.8995215311004785,0.1004784688995215
MochilaMultiobjetivo,MOEAD,3,100,1,0.9026836958227302,0.08456552185883355,0.008421844445414354,0.0,1.0
MochilaMultiobjetivo,MOEAD,3,100,2,0.9026836958227302,0.08456552185883355,0.008421844445414354,0.0,1.0
MochilaMultiobjetivo,MOEAD,3,100,3,0.9026836958227302,0.08456552185883355,0.008421844445414354,0.0,1.0
MochilaMultiobjetivo,MOEAD,3,100,4,0.9026836958227302,0.08456552185883355,0.008421844445414354,0.0,1.0
MochilaMultiobjetivo,MOEAD,3,100,5,0.9026836958227302,0.08456552185883355,0.008421844445414354,0.0,1.0
MochilaMultiobjetivo,MOEAD,3,100,6,0.9026836958227302,0.08456552185883355,0.008421844445414354,0.0,1.0
MochilaMultiobjetivo,MOEAD,3,100,7,0.9026836958227302,0.08456552185883355,0.008421844445414354,0.0,1.0
MochilaMultiobjetivo,MOEAD,3,100,8,0.9026836958227302,0.08456552185883355,0.008421844445414354,0.0,1.0
MochilaMultiobjetivo,MOEAD,3,100,9,0.9026836958227302,0.08456552185883355,0.008421844445414354,0.0,1.0
MochilaMultiobjetivo,MOEAD,3,100,10,0.9026836958227302,0.08456552185883355,0.008421844445414354,0.0,1.0
MochilaMultiobjetivo,MOEAD,3,100,11,0.9026836958227302,0.08456552185883355,0.008421844445414354,0.0,1.0
MochilaMultiobjetivo,MOEAD,3,100,12,0.9026836958227302,0.08456552185883355,0.008421844445414354,0.0,1.0
MochilaMultiobjetivo,MOEAD,3,100,13,0.9026836958227302,0.08456552185883355,0.008421844445414354,0.0,1.0
MochilaMultiobjetivo,MOEAD,3,100,14,0.9026836958227302,0.08456552185883355,0.008421844445414354,0.0,1.0
MochilaMultiobjetivo,MOEAD,3,100,15,0.9026836958227302,0.08456552185883355,0.008421844445414354,0.0,1.0
MochilaMultiobjetivo,MOEAD,3,100,16,0.9026836958227302,0.08456552185883355,0.008421844445414354,0.0,1.0
MochilaMultiobjetivo,MOEAD,3,100,17,0.9026836958227302,0.08456552185883355,0.008421844445414354,0.0,1.0
MochilaMultiobjetivo,MOEAD,3,100,18,0.9026836958227302,0.08456552185883355,0.008421844445414354,0.0,1.0
MochilaMultiobjetivo,MOEAD,3,100,19,0.9026836958227302,0.08456552185883355,0.008421844445414354,0.0,1.0
MochilaMultiobjetivo,MOEAD,3,100,20,0.9026836958227302,0.08456552185883355,0.008421844445414354,0.0,1.0
MochilaMultiobjetivo,MOEAD,3,100,21,0.9026836958227302,0.08456552185883355,0.008421844445414354,0.0,1.0
MochilaMultiobjetivo,MOEAD,3,100,22,0.9026836958227302,0.08456552185883355,0.008421844445414354,0.0,1.0
MochilaMultiobjetivo,MOEAD,3,100,23,0.9026836958227302,0.08456552185883355,0.008421844445414354,0.0,1.0
MochilaMultiobjetivo,MOEAD,3,100,24,0.9026836958227302,0.08456552185883355,0.008421844445414354,0.0,1.0
MochilaMultiobjetivo,MOEAD,3,100,25,0.9026836958227302,0.08456552185883355,0.008421844445414354,0.0,1.0
MochilaMultiobjetivo,MOEAD,3,100,26,0.9026836958227302,0.08456552185883355,0.008421844445414354,0.0,1.0
MochilaMultiobjetivo,MOEAD,3,100,27,0.9026836958227302,0.08456552185883355,0.008421844445414354,0.0,1.0
MochilaMultiobjetivo,MOEAD,3,100,28,0.9026836958227302,0.08456552185883355,0.008421844445414354,0.0,1.0
MochilaMultiobjetivo,MOEAD,3,100,29,0.9026836958227302,0.08456552185883355,0.008421844445414354,0.0,1.0
MochilaMultiobjetivo,MOEAD,3,100,30,0.9026836958227302,0.08456552185883355,0.008421844445414354,0.0,1.0
MochilaMultiobjetivo,NSGA2deap,3,100,1,1.1215578971838693,0.016086329536479333,0.01573006784983753,0.08,0.92
MochilaMultiobjetivo,NSGA2deap,3,100,2,1.1253270623203533,0.015896296952196222,0.014680466201063181,0.12666666666666668,0.8733333333333333
MochilaMultiobjetivo,NSGA2deap,3,100,3,1.1317010728502754,0.016473665050015865,0.014888708262360892,0.07666666666666666,0.9233333333333333
MochilaMultiobjetivo,NSGA2deap,3,100,4,1.1349928983976483,0.017491717499453354,0.017943619062146286,0.15666666666666668,0.8433333333333333
MochilaMultiobjetivo,NSGA2deap,3,100,5,1.1306699745246873,0.01545831154006625,0.014189734921775424,0.12,0.88
MochilaMultiobjetivo,NSGA2deap,3,100,6,1.1204426573950659,0.01475549408893252,0.016009865954264898,0.19666666666666666,0.8033333333333333
MochilaMultiobjetivo,NSGA2deap,3,100,7,1.1201540059690507,0.014821599222023902,0.013934274974385033,0.16666666666666666,0.8333333333333334
MochilaMultiobjetivo,NSGA2deap,3,100,8,1.1415376560805461,0.01558805353972669,0.015981342034030482,0.24333333333333335,0.7566666666666666
MochilaMultiobjetivo,NSGA2deap,3,100,9,1.1196330427156376,0.015957395734045813,0.01569875367287987,0.17333333333333334,0.8266666666666667
MochilaMultiobjetivo,NSGA2deap,3,100,10,1.1171403955068646,0.015113920585235474,0.01919961239469012,0.17333333333333334,0.8266666666666667
MochilaMultiobjetivo,NSGA2deap,3,100,11,1.1279472718605394,0.01451239499916522,0.01684591940137752,0.14666666666666667,0.8533333333333333
MochilaMultiobjetivo,NSGA2deap,3,100,12,1.1297116427716376,0.014883729927987359,0.01500467887695376,0.18666666666666668,0.8133333333333334
MochilaMultiobjetivo,NSGA2deap,3,100,13,1.1299596599800732,0.015536586942174782,0.015160765501110144,0.23,0.77
MochilaMultiobjetivo,NSGA2deap,3,100,14,1.1400834293260964,0.015600364099753041,0.014809904765016237,0.23666666666666666,0.7633333333333333
MochilaMultiobjetivo,NSGA2deap,3,100,15,1.1275255235311108,0.014598274368460026,0.015286558982250915,0.16333333333333333,0.8366666666666667
MochilaMultiobjetivo,NSGA2deap,3,100,16,1.1357938572025907,0.01199299851984346,0.017328564045685006,0.2833333333333333,0.7166666666666667
MochilaMultiobjetivo,NSGA2deap,3,100,17,1.1312266908195774,0.016465105378142955,0.01747832966283389,0.1,0.9
MochilaMultiobjetivo,NSGA2deap,3,100,18,1.122526664093577,0.01504451036051534,0.016363214086490916,0.21,0.79
MochilaMultiobjetivo,NSGA2deap,3,100,19,1.1169678648279349,0.014382138077661632,0.014935931409813507,0.2833333333333333,0.7166666666666667
MochilaMultiobjetivo,NSGA2deap,3,100,20,1.1309457202975497,0.016452671988157988,0.01613363061836752,0.23333333333333334,0.7666666666666666
MochilaMultiobjetivo,NSGA2deap,3,100,21,1.1321069829477548,0.014469468370600366,0.016539321954210085,0.16666666666666666,0.8333333333333334
MochilaMultiobjetivo,NSGA2deap,3,100,22,1.1269881056246527,0.015420958460020819,0.017532379077726246,0.15,0.85
MochilaMultiobjetivo,NSGA2deap,3,100,23,1.124216392805706,0.01779045653906894,0.015210630128112166,0.12,0.88
MochilaMultiobjetivo,NSGA2deap,3,100,24,1.1350686541312514,0.01351229133628942,0.015462122013283413,0.24666666666666667,0.7533333333333333
MochilaMultiobjetivo,NSGA2deap,3,100,25,1.1344076122763225,0.01664524118869224,0.017316126945888827,0.056666666666666664,0.9433333333333334
MochilaMultiobjetivo,NSGA2deap,3,100,26,1.1247364985021298,0.01611541680632141,0.017676185608451415,0.16333333333333333,0.8366666666666667
MochilaMultiobjetivo,NSGA2deap,3,100,27,1.1336523392591356,0.016184344675748114,0.01538075863862855,0.29,0.71
MochilaMultiobjetivo,NSGA2deap,3,100,28,1.1357626135498573,0.013699420695154748,0.016159643983611194,0.19666666666666666,0.8033333333333333
MochilaMultiobjetivo,NSGA2deap,3,100,29,1.1315934332260342,0.013869616216604161,0.014482159365081269,0.19333333333333333,0.8066666666666666
MochilaMultiobjetivo,NSGA2deap,3,100,30,1.1282928690174563,0.018457984581585037,0.01743108515926128,0.06333333333333334,0.9366666666666666
MochilaMultiobjetivo,MEAMT-ENXUTO,3,100,1,0.9926774036312163,0.09896559805505598,0.01538131821787606,0.0,1.0
MochilaMultiobjetivo,MEAMT-ENXUTO,3,100,2,0.9926774036312163,0.09896559805505598,0.01538131821787606,0.0,1.0
MochilaMultiobjetivo,MEAMT-ENXUTO,3,100,3,0.9926774036312163,0.09896559805505598,0.01538131821787606,0.0,1.0
MochilaMultiobjetivo,MEAMT-ENXUTO,3,100,4,0.9926774036312163,0.09896559805505598,0.01538131821787606,0.0,1.0
MochilaMultiobjetivo,MEAMT-ENXUTO,3,100,5,0.9926774036312163,0.09896559805505598,0.01538131821787606,0.0,1.0
MochilaMultiobjetivo,MEAMT-ENXUTO,3,100,6,0.9926774036312163,0.09896559805505598,0.01538131821787606,0.0,1.0
MochilaMultiobjetivo,MEAMT-ENXUTO,3,100,7,0.9926774036312163,0.09896559805505598,0.01538131821787606,0.0,1.0
MochilaMultiobjetivo,MEAMT-ENXUTO,3,100,8,0.9926774036312163,0.09896559805505598,0.01538131821787606,0.0,1.0
MochilaMultiobjetivo,MEAMT-ENXUTO,3,100,9,0.9926774036312163,0.09896559805505598,0.01538131821787606,0.0,1.0
MochilaMultiobjetivo,MEAMT-ENXUTO,3,100,10,0.9926774036312163,0.09896559805505598,0.01538131821787606,0.0,1.0
MochilaMultiobjetivo,MEAMT-ENXUTO,3,100,11,0.9926774036312163,0.09896559805505598,0.01538131821787606,0.0,1.0
MochilaMultiobjetivo,MEAMT-ENXUTO,3,100,12,0.9926774036312163,0.09896559805505598,0.01538131821787606,0.0,1.0
MochilaMultiobjetivo,MEAMT-ENXUTO,3,100,13,0.9926774036312163,0.09896559805505598,0.01538131821787606,0.0,1.0
MochilaMultiobjetivo,MEAMT-ENXUTO,3,100,14,0.9926774036312163,0.09896559805505598,0.01538131821787606,0.0,1.0
MochilaMultiobjetivo,MEAMT-ENXUTO,3,100,15,0.9926774036312163,0.09896559805505598,0.01538131821787606,0.0,1.0
MochilaMultiobjetivo,MEAMT-ENXUTO,3,100,16,0.9926774036312163,0.09896559805505598,0.01538131821787606,0.0,1.0
MochilaMultiobjetivo,MEAMT-ENXUTO,3,100,17,0.9926774036312163,0.09896559805505598,0.01538131821787606,0.0,1.0
MochilaMultiobjetivo,MEAMT-ENXUTO,3,100,18,0.9926774036312163,0.09896559805505598,0.01538131821787606,0.0,1.0
MochilaMultiobjetivo,MEAMT-ENXUTO,3,100,19,0.9926774036312163,0.09896559805505598,0.01538131821787606,0.0,1.0
MochilaMultiobjetivo,MEAMT-ENXUTO,3,100,20,0.9926774036312163,0.09896559805505598,0.01538131821787606,0.0,1.0
MochilaMultiobjetivo,MEAMT-ENXUTO,3,100,21,0.9926774036312163,0.09896559805505598,0.01538131821787606,0.0,1.0
MochilaMultiobjetivo,MEAMT-ENXUTO,3,100,22,0.9926774036312163,0.09896559805505598,0.01538131821787606,0.0,1.0
MochilaMultiobjetivo,MEAMT-ENXUTO,3,100,23,0.9926774036312163,0.09896559805505598,0.01538131821787606,0.0,1.0
MochilaMultiobjetivo,MEAMT-ENXUTO,3,100,24,0.9926774036312163,0.09896559805505598,0.01538131821787606,0.0,1.0
MochilaMultiobjetivo,MEAMT-ENXUTO,3,100,25,0.9926774036312163,0.09896559805505598,0.01538131821787606,0.0,1.0
MochilaMultiobjetivo,MEAMT-ENXUTO,3,100,26,0.9926774036312163,0.09896559805505598,0.01538131821787606,0.0,1.0
MochilaMultiobjetivo,MEAMT-ENXUTO,3,100,27,0.9926774036312163,0.09896559805505598,0.01538131821787606,0.0,1.0
MochilaMultiobjetivo,MEAMT-ENXUTO,3,100,28,0.9926774036312163,0.09896559805505598,0.01538131821787606,0.0,1.0
MochilaMultiobjetivo,MEAMT-ENXUTO,3,100,29,0.9926774036312163,0.09896559805505598,0.01538131821787606,0.0,1.0
MochilaMultiobjetivo,MEAMT-ENXUTO,3,100,30,0.9926774036312163,0.09896559805505598,0.01538131821787606,0.0,1.0
MochilaMultiobjetivo,NSGA3,7,30,1,1.0012508459800007,0.039950313588989796,0.12304298529543231,1.0,0.0
MochilaMultiobjetivo,NSGA3,7,30,2,1.0048949469570008,0.039950313588989796,0.12304298529543231,1.0,0.0
MochilaMultiobjetivo,NSGA3,7,30,3,1.0059472541910006,0.039950313588989796,0.12304298529543231,1.0,0.0
MochilaMultiobjetivo,NSGA3,7,30,4,1.0073698176740007,0.039950313588989796,0.12304298529543231,1.0,0.0
MochilaMultiobjetivo,NSGA3,7,30,5,1.0000036670360006,0.039950313588989796,0.12304298529543231,1.0,0.0
MochilaMultiobjetivo,NSGA3,7,30,6,1.0046221265630009,0.039950313588989796,0.12304298529543231,1.0,0.0
MochilaMultiobjetivo,NSGA3,7,30,7,1.0049339212990007,0.039950313588989796,0.12304298529543231,1.0,0.0
MochilaMultiobjetivo,NSGA3,7,30,8,1.0074087920160006,0.039950313588989796,0.12304298529543231,1.0,0.0
MochilaMultiobjetivo,NSGA3,7,30,9,1.0023616147270007,0.039950313588989796,0.12304298529543231,1.0,0.0
MochilaMultiobjetivo,NSGA3,7,30,10,1.0058887926780007,0.039950313588989796,0.12304298529543231,1.0,0.0
MochilaMultiobjetivo,NSGA3,7,30,11,1.0097082781940008,0.039950313588989796,0.12304298529543231,1.0,0.0
MochilaMultiobjetivo,NSGA3,7,30,12,1.0097667397070007,0.039950313588989796,0.12304298529543231,1.0,0.0
MochilaMultiobjetivo,NSGA3,7,30,13,1.0049339212990007,0.039950313588989796,0.12304298529543231,1.0,0.0
MochilaMultiobjetivo,NSGA3,7,30,14,1.0033359732770009,0.039950313588989796,0.12304298529543231,1.0,0.0
MochilaMultiobjetivo,NSGA3,7,30,15,1.0066098180050007,0.039950313588989796,0.12304298529543231,1.0,0.0
MochilaMultiobjetivo,NSGA3,7,30,16,1.0007246923630009,0.039950313588989796,0.12304298529543231,1.0,0.0
MochilaMultiobjetivo,NSGA3,7,30,17,1.0071749459640007,0.039950313588989796,0.12304298529543231,1.0,0.0
MochilaMultiobjetivo,NSGA3,7,30,18,1.0086754581310007,0.039950313588989796,0.12304298529543231,1.0,0.0
MochilaMultiobjetivo,NSGA3,7,30,19,1.0061616130720008,0.039950313588989796,0.12304298529543231,1.0,0.0
MochilaMultiobjetivo,NSGA3,7,30,20,0.9995164877610007,0.039950313588989796,0.12304298529543231,1.0,0.0
MochilaMultiobjetivo,NSGA3,7,30,21,1.0104293035210008,0.039950313588989796,0.12304298529543231,1.0,0.0
MochilaMultiobjetivo,NSGA3,7,30,22,1.0106241752310008,0.039950313588989796,0.12304298529543231,1.0,0.0
MochilaMultiobjetivo,NSGA3,7,30,23,0.9985811035530008,0.039950313588989796,0.12304298529543231,1.0,0.0
MochilaMultiobjetivo,NSGA3,7,30,24,1.0136446867360007,0.039950313588989796,0.12304298529543231,1.0,0.0
MochilaMultiobjetivo,NSGA3,7,30,25,1.0126508410150006,0.039950313588989796,0.12304298529543231,1.0,0.0
MochilaMultiobjetivo,NSGA3,7,30,26,1.0046416137340006,0.039950313588989796,0.12304298529543231,1.0,0.0
MochilaMultiobjetivo,NSGA3,7,30,27,1.0045052035370008,0.039950313588989796,0.12304298529543231,1.0,0.0
MochilaMultiobjetivo,NSGA3,7,30,28,1.0025954607790006,0.039950313588989796,0.12304298529543231,1.0,0.0
MochilaMultiobjetivo,NSGA3,7,30,29,1.0091626374060008,0.039950313588989796,0.12304298529543231,1.0,0.0
MochilaMultiobjetivo,NSGA3,7,30,30,1.0008611025600007,0.039950313588989796,0.12304298529543231,1.0,0.0
MochilaMultiobjetivo,MEAMT-ENXUTO,7,30,1,0.9382877964790006,0.07131784030312208,0.1631707686751279,0.93,0.06999999999999995
MochilaMultiobjetivo,MEAMT-ENXUTO,7,30,2,0.9367872843120006,0.07131784030312208,0.1631707686751279,0.93,0.06999999999999995
MochilaMultiobjetivo,MEAMT-ENXUTO,7,30,3,0.9340590803720007,0.07131784030312208,0.1631707686751279,0.93,0.06999999999999995
MochilaMultiobjetivo,MEAMT-ENXUTO,7,30,4,0.9350139517510007,0.07131784030312208,0.1631707686751279,0.93,0.06999999999999995
MochilaMultiobjetivo,MEAMT-ENXUTO,7,30,5,0.9354231823420007,0.07131784030312208,0.1631707686751279,0.93,0.06999999999999995
MochilaMultiobjetivo,MEAMT-ENXUTO,7,30,6,0.9331236961640007,0.07131784030312208,0.1631707686751279,0.93,0.06999999999999995
MochilaMultiobjetivo,MEAMT-ENXUTO,7,30,7,0.9383072836500006,0.07131784030312208,0.1631707686751279,0.93,0.06999999999999995
MochilaMultiobjetivo,MEAMT-ENXUTO,7,30,8,0.9340006188590007,0.07131784030312208,0.1631707686751279,0.93,0.06999999999999995
MochilaMultiobjetivo,MEAMT-ENXUTO,7,30,9,0.9315452353130007,0.07131784030312208,0.1631707686751279,0.93,0.06999999999999995
MochilaMultiobjetivo,MEAMT-ENXUTO,7,30,10,0.9365144639180008,0.07131784030312208,0.1631707686751279,0.93,0.06999999999999995
MochilaMultiobjetivo,MEAMT-ENXUTO,7,30,11,0.9329288244540007,0.07131784030312208,0.1631707686751279,0.93,0.06999999999999995
MochilaMultiobjetivo,MEAMT-ENXUTO,7,30,12,0.9331236961640007,0.07131784030312208,0.1631707686751279,0.93,0.06999999999999995
MochilaMultiobjetivo,MEAMT-ENXUTO,7,30,13,0.9343513879370007,0.07131784030312208,0.1631707686751279,0.93,0.06999999999999995
MochilaMultiobjetivo,MEAMT-ENXUTO,7,30,14,0.9359298487880007,0.07131784030312208,0.1631707686751279,0.93,0.06999999999999995
MochilaMultiobjetivo,MEAMT-ENXUTO,7,30,15,0.9354426695130007,0.07131784030312208,0.1631707686751279,0.93,0.06999999999999995
MochilaMultiobjetivo,MEAMT-ENXUTO,7,30,16,0.9435883069910006,0.07131784030312208,0.1631707686751279,0.93,0.06999999999999995
MochilaMultiobjetivo,MEAMT-ENXUTO,7,30,17,0.9388529244380006,0.07131784030312208,0.1631707686751279,0.93,0.06999999999999995
MochilaMultiobjetivo,MEAMT-ENXUTO,7,30,18,0.9351698491190007,0.07131784030312208,0.1631707686751279,0.93,0.06999999999999995
MochilaMultiobjetivo,MEAMT-ENXUTO,7,30,19,0.9348385672120006,0.07131784030312208,0.1631707686751279,0.93,0.06999999999999995
MochilaMultiobjetivo,MEAMT-ENXUTO,7,30,20,0.9400221546980007,0.07131784030312208,0.1631707686751279,0.93,0.06999999999999995
MochilaMultiobjetivo,MEAMT-ENXUTO,7,30,21,0.9377226685200007,0.07131784030312208,0.1631707686751279,0.93,0.06999999999999995
MochilaMultiobjetivo,MEAMT-ENXUTO,7,30,22,0.9325780553760007,0.07131784030312208,0.1631707686751279,0.93,0.06999999999999995
MochilaMultiobjetivo,MEAMT-ENXUTO,7,30,23,0.9346631826730006,0.07131784030312208,0.1631707686751279,0.93,0.06999999999999995
MochilaMultiobjetivo,MEAMT-ENXUTO,7,30,24,0.9355401053680007,0.07131784030312208,0.1631707686751279,0.93,0.06999999999999995
MochilaMultiobjetivo,MEAMT-ENXUTO,7,30,25,0.9359103616170006,0.07131784030312208,0.1631707686751279,0.93,0.06999999999999995
MochilaMultiobjetivo,MEAMT-ENXUTO,7,30,26,0.9372160020740007,0.07131784030312208,0.1631707686751279,0.93,0.06999999999999995
MochilaMultiobjetivo,MEAMT-ENXUTO,7,30,27,0.9356570283940007,0.07131784030312208,0.1631707686751279,0.93,0.06999999999999995
MochilaMultiobjetivo,MEAMT-ENXUTO,7,30,28,0.9331626705060007,0.07131784030312208,0.1631707686751279,0.93,0.06999999999999995
MochilaMultiobjetivo,MEAMT-ENXUTO,7,30,29,0.9369821560220007,0.07131784030312208,0.1631707686751279,0.93,0.06999999999999995
MochilaMultiobjetivo,MEAMT-ENXUTO,7,30,30,0.9375862583230007,0.07131784030312208,0.1631707686751279,0.93,0.06999999999999995
MochilaMultiobjetivo,MOEAD,7,30,1,0.8672765453550006,0.0640596634206837,0.03897671008726415,1.0,0.0
MochilaMultiobjetivo,MOEAD,7,30,2,0.8645288542440006,0.0640596634206837,0.03897671008726415,1.0,0.0
MochilaMultiobjetivo,MOEAD,7,30,3,0.8707452617930006,0.0640596634206837,0.03897671008726415,1.0,0.0
MochilaMultiobjetivo,MOEAD,7,30,4,0.8672180838420007,0.0640596634206837,0.03897671008726415,1.0,0.0
MochilaMultiobjetivo,MOEAD,7,30,5,0.8663216739760007,0.0640596634206837,0.03897671008726415,1.0,0.0
MochilaMultiobjetivo,MOEAD,7,30,6,0.8659124433850007,0.0640596634206837,0.03897671008726415,1.0,0.0
MochilaMultiobjetivo,MOEAD,7,30,7,0.8668088532510007,0.0640596634206837,0.03897671008726415,1.0,0.0
MochilaMultiobjetivo,MOEAD,7,30,8,0.8662047509500006,0.0640596634206837,0.03897671008726415,1.0,0.0
MochilaMultiobjetivo,MOEAD,7,30,9,0.8666919302250006,0.0640596634206837,0.03897671008726415,1.0,0.0
MochilaMultiobjetivo,MOEAD,7,30,10,0.8634765470100007,0.0640596634206837,0.03897671008726415,1.0,0.0
MochilaMultiobjetivo,MOEAD,7,30,11,0.8706478259380006,0.0640596634206837,0.03897671008726415,1.0,0.0
MochilaMultiobjetivo,MOEAD,7,30,12,0.8610601378060005,0.0640596634206837,0.03897671008726415,1.0,0.0
MochilaMultiobjetivo,MOEAD,7,30,13,0.8635934700360006,0.0640596634206837,0.03897671008726415,1.0,0.0
MochilaMultiobjetivo,MOEAD,7,30,14,0.8654447512810006,0.0640596634206837,0.03897671008726415,1.0,0.0
MochilaMultiobjetivo,MOEAD,7,30,15,0.8677637246300006,0.0640596634206837,0.03897671008726415,1.0,0.0
MochilaMultiobjetivo,MOEAD,7,30,16,0.8617032144490007,0.0640596634206837,0.03897671008726415,1.0,0.0
MochilaMultiobjetivo,MOEAD,7,30,17,0.8708232104770006,0.0640596634206837,0.03897671008726415,1.0,0.0
MochilaMultiobjetivo,MOEAD,7,30,18,0.8663606483180006,0.0640596634206837,0.03897671008726415,1.0,0.0
MochilaMultiobjetivo,MOEAD,7,30,19,0.8688160318640007,0.0640596634206837,0.03897671008726415,1.0,0.0
MochilaMultiobjetivo,MOEAD,7,30,20,0.8652888539130006,0.0640596634206837,0.03897671008726415,1.0,0.0
MochilaMultiobjetivo,MOEAD,7,30,21,0.8654447512810006,0.0640596634206837,0.03897671008726415,1.0,0.0
MochilaMultiobjetivo,MOEAD,7,30,22,0.8582929595240006,0.0640596634206837,0.03897671008726415,1.0,0.0
MochilaMultiobjetivo,MOEAD,7,30,23,0.8709011591610006,0.0640596634206837,0.03897671008726415,1.0,0.0
MochilaMultiobjetivo,MOEAD,7,30,24,0.8676662887750006,0.0640596634206837,0.03897671008726415,1.0,0.0
MochilaMultiobjetivo,MOEAD,7,30,25,0.8652693667420007,0.0640596634206837,0.03897671008726415,1.0,0.0
MochilaMultiobjetivo,MOEAD,7,30,26,0.8639637262850006,0.0640596634206837,0.03897671008726415,1.0,0.0
MochilaMultiobjetivo,MOEAD,7,30,27,0.8688160318640007,0.0640596634206837,0.03897671008726415,1.0,0.0
MochilaMultiobjetivo,MOEAD,7,30,28,0.8673544940390006,0.0640596634206837,0.03897671008726415,1.0,0.0
MochilaMultiobjetivo,MOEAD,7,30,29,0.8658539818720006,0.0640596634206837,0.03897671008726415,1.0,0.0
MochilaMultiobjetivo,MOEAD,7,30,30,0.8620929578690006,0.0640596634206837,0.03897671008726415,1.0,0.0
MochilaMultiobjetivo,MEAMT,7,30,1,1.1848589711420008,0.022141016721540577,0.0796817940792102,0.9943883277216611,0.0056116722783389195
MochilaMultiobjetivo,MEAMT,7,30,2,1.1866907652160008,0.022141016721540577,0.0796817940792102,0.9943883277216611,0.0056116722783389195
MochilaMultiobjetivo,MEAMT,7,30,3,1.1915820451370007,0.022141016721540577,0.0796817940792102,0.9943883277216611,0.0056116722783389195
MochilaMultiobjetivo,MEAMT,7,30,4,1.188814866855001,0.022141016721540577,0.0796817940792102,0.9943883277216611,0.0056116722783389195
MochilaMultiobjetivo,MEAMT,7,30,5,1.1851902530490008,0.022141016721540577,0.0796817940792102,0.9943883277216611,0.0056116722783389195
MochilaMultiobjetivo,MEAMT,7,30,6,1.1863399961380008,0.022141016721540577,0.0796817940792102,0.9943883277216611,0.0056116722783389195
MochilaMultiobjetivo,MEAMT,7,30,7,1.184566663577001,0.022141016721540577,0.0796817940792102,0.9943883277216611,0.0056116722783389195
MochilaMultiobjetivo,MEAMT,7,30,8,1.193355377698001,0.022141016721540577,0.0796817940792102,0.9943883277216611,0.0056116722783389195
MochilaMultiobjetivo,MEAMT,7,30,9,1.191601532308001,0.022141016721540577,0.0796817940792102,0.9943883277216611,0.0056116722783389195
MochilaMultiobjetivo,MEAMT,7,30,10,1.1934333263820007,0.022141016721540577,0.0796817940792102,0.9943883277216611,0.0056116722783389195
MochilaMultiobjetivo,MEAMT,7,30,11,1.1907051224420009,0.022141016721540577,0.0796817940792102,0.9943883277216611,0.0056116722783389195
MochilaMultiobjetivo,MEAMT,7,30,12,1.192458967832001,0.022141016721540577,0.0796817940792102,0.9943883277216611,0.0056116722783389195
MochilaMultiobjetivo,MEAMT,7,30,13,1.191757429676001,0.022141016721540577,0.0796817940792102,0.9943883277216611,0.0056116722783389195
MochilaMultiobjetivo,MEAMT,7,30,14,1.187898969818001,0.022141016721540577,0.0796817940792102,0.9943883277216611,0.0056116722783389195
MochilaMultiobjetivo,MEAMT,7,30,15,1.1901010201410007,0.022141016721540577,0.0796817940792102,0.9943883277216611,0.0056116722783389195
MochilaMultiobjetivo,MEAMT,7,30,16,1.1853851247590008,0.022141016721540577,0.0796817940792102,0.9943883277216611,0.0056116722783389195
MochilaMultiobjetivo,MEAMT,7,30,17,1.1885420464610008,0.022141016721540577,0.0796817940792102,0.9943883277216611,0.0056116722783389195
MochilaMultiobjetivo,MEAMT,7,30,18,1.189691789550001,0.022141016721540577,0.0796817940792102,0.9943883277216611,0.0056116722783389195
MochilaMultiobjetivo,MEAMT,7,30,19,1.1890682000780008,0.022141016721540577,0.0796817940792102,0.9943883277216611,0.0056116722783389195
MochilaMultiobjetivo,MEAMT,7,30,20,1.186983072781001,0.022141016721540577,0.0796817940792102,0.9943883277216611,0.0056116722783389195
MochilaMultiobjetivo,MEAMT,7,30,21,1.197350247753001,0.022141016721540577,0.0796817940792102,0.9943883277216611,0.0056116722783389195
MochilaMultiobjetivo,MEAMT,7,30,22,1.185599483640001,0.022141016721540577,0.0796817940792102,0.9943883277216611,0.0056116722783389195
MochilaMultiobjetivo,MEAMT,7,30,23,1.190276404680001,0.022141016721540577,0.0796817940792102,0.9943883277216611,0.0056116722783389195
MochilaMultiobjetivo,MEAMT,7,30,24,1.187645636595001,0.022141016721540577,0.0796817940792102,0.9943883277216611,0.0056116722783389195
MochilaMultiobjetivo,MEAMT,7,30,25,1.1893020461300008,0.022141016721540577,0.0796817940792102,0.9943883277216611,0.0056116722783389195
MochilaMultiobjetivo,MEAMT,7,30,26,1.194368710590001,0.022141016721540577,0.0796817940792102,0.9943883277216611,0.0056116722783389195
MochilaMultiobjetivo,MEAMT,7,30,27,1.187840508305001,0.022141016721540577,0.0796817940792102,0.9943883277216611,0.0056116722783389195
MochilaMultiobjetivo,MEAMT,7,30,28,1.1853656375880008,0.022141016721540577,0.0796817940792102,0.9943883277216611,0.0056116722783389195
MochilaMultiobjetivo,MEAMT,7,30,29,1.185989227060001,0.022141016721540577,0.0796817940792102,0.9943883277216611,0.0056116722783389195
MochilaMultiobjetivo,MEAMT,7,30,30,1.1916794809920008,0.022141016721540577,0.0796817940792102,0.9943883277216611,0.0056116722783389195
MochilaMultiobjetivo,NSGA2deap,7,30,1,0.8675103914070007,0.08742774801555325,0.1713100071245866,0.42,0.5800000000000001
MochilaMultiobjetivo,NSGA2deap,7,30,2,0.8581565493270006,0.09213452606269056,0.1795519952520783,0.4033333333333333,0.5966666666666667
MochilaMultiobjetivo,NSGA2deap,7,30,3,0.8159278497700007,0.10407221609083608,0.18919130406478643,0.37666666666666665,0.6233333333333333
MochilaMultiobjetivo,NSGA2deap,7,30,4,0.8507709115180007,0.09104131245422206,0.18645388323756157,0.4266666666666667,0.5733333333333333
MochilaMultiobjetivo,NSGA2deap,7,30,5,0.8480037332360006,0.08937532819450025,0.17403603841906023,0.43,0.5700000000000001
MochilaMultiobjetivo,NSGA2deap,7,30,6,0.8687965446930006,0.08282754403062187,0.18170453138220122,0.44,0.56
MochilaMultiobjetivo,NSGA2deap,7,30,7,0.8396632240480005,0.08437402074628937,0.18362108713524414,0.38333333333333336,0.6166666666666667
MochilaMultiobjetivo,NSGA2deap,7,30,8,0.8549021917700006,0.08203207025627084,0.17407701465445885,0.41333333333333333,0.5866666666666667
MochilaMultiobjetivo,NSGA2deap,7,30,9,0.8564221911080006,0.0845712138110984,0.17302441019078743,0.37333333333333335,0.6266666666666667
MochilaMultiobjetivo,NSGA2deap,7,30,10,0.8595985999810006,0.08222669527228794,0.18768964097463867,0.3933333333333333,0.6066666666666667
MochilaMultiobjetivo,NSGA2deap,7,30,11,0.8322580990680006,0.10378262968190974,0.18086962200761325,0.31,0.69
MochilaMultiobjetivo,NSGA2deap,7,30,12,0.8596180871520006,0.08936482456279554,0.17212086869056598,0.4066666666666667,0.5933333333333333
MochilaMultiobjetivo,NSGA2deap,7,30,13,0.8998980696090007,0.07553437308009092,0.18690703224075877,0.4866666666666667,0.5133333333333333
MochilaMultiobjetivo,NSGA2deap,7,30,14,0.8408519414790006,0.08949755325792387,0.16915881967208754,0.32666666666666666,0.6733333333333333
MochilaMultiobjetivo,NSGA2deap,7,30,15,0.8213452833080006,0.09623656257985234,0.18121511849509692,0.37,0.63
MochilaMultiobjetivo,NSGA2deap,7,30,16,0.8520765519750007,0.08656469431337661,0.18273515458036915,0.3933333333333333,0.6066666666666667
MochilaMultiobjetivo,NSGA2deap,7,30,17,0.8932334571270006,0.07766451737858444,0.19097455199497085,0.52,0.48
MochilaMultiobjetivo,NSGA2deap,7,30,18,0.8331739961050005,0.09031667305556874,0.19346341756811197,0.3933333333333333,0.6066666666666667
MochilaMultiobjetivo,NSGA2deap,7,30,19,0.8224950263970006,0.08802592933716699,0.1938059632120819,0.3566666666666667,0.6433333333333333
MochilaMultiobjetivo,NSGA2deap,7,30,20,0.8532068078930006,0.0905545789499634,0.18837512830053288,0.4266666666666667,0.5733333333333333
MochilaMultiobjetivo,NSGA2deap,7,30,21,0.8648991104930006,0.08339730404798136,0.1748724352072356,0.48333333333333334,0.5166666666666666
MochilaMultiobjetivo,NSGA2deap,7,30,22,0.8595596256390006,0.08362851498058842,0.19055461215694686,0.37666666666666665,0.6233333333333333
MochilaMultiobjetivo,NSGA2deap,7,30,23,0.8667698789090007,0.0868016065357308,0.17150610500910202,0.4866666666666667,0.5133333333333333
MochilaMultiobjetivo,NSGA2deap,7,30,24,0.8686406473250006,0.08026579539624888,0.18247350318324368,0.43,0.5700000000000001
MochilaMultiobjetivo,NSGA2deap,7,30,25,0.8578252674200005,0.0833018658581357,0.1404230535552019,0.37,0.63
MochilaMultiobjetivo,NSGA2deap,7,30,26,0.8767473104610006,0.07618372577832615,0.17694691329084808,0.41333333333333333,0.5866666666666667
MochilaMultiobjetivo,NSGA2deap,7,30,27,0.8986898650070007,0.07658394603317767,0.17895444881672518,0.39666666666666667,0.6033333333333333
MochilaMultiobjetivo,NSGA2deap,7,30,28,0.8370714303050006,0.09567457498609018,0.18672931316679597,0.45,0.55
MochilaMultiobjetivo,NSGA2deap,7,30,29,0.8809370522260007,0.08084321096409113,0.14742099616738455,0.41333333333333333,0.5866666666666667
MochilaMultiobjetivo,NSGA2deap,7,30,30,0.8362139947810006,0.08609143495214343,0.1979501740902302,0.37333333333333335,0.6266666666666667
DPF5,MEAMT,7,26,1,1.9487171000000014,0.0,0.010146271919708055,,
DPF5,MEAMT,7,26,2,1.9487171000000014,0.0,0.010146271919708055,,
DPF5,MEAMT,7,26,3,1.9487171000000014,0.0,0.010146271919708055,,
DPF5,MEAMT,7,26,4,1.9487171000000014,0.0,0.010146271919708055,,
DPF5,MEAMT,7,26,5,1.9487171000000014,0.0,0.010146271919708055,,
DPF5,MEAMT,7,26,6,1.9487171000000014,0.0,0.010146271919708055,,
DPF5,MEAMT,7,26,7,1.9487171000000014,0.0,0.010146271919708055,,
DPF5,MEAMT,7,26,8,1.9487171000000014,0.0,0.010146271919708055,,
DPF5,MEAMT,7,26,9,1.9487171000000014,0.0,0.010146271919708055,,
DPF5,MEAMT,7,26,10,1.9487171000000014,0.0,0.010146271919708055,,
DPF5,MEAMT,7,26,11,1.9487171000000014,0.0,0.010146271919708055,,
DPF5,MEAMT,7,26,12,1.9487171000000014,0.0,0.010146271919708055,,
DPF5,MEAMT,7,26,13,1.9487171000000014,0.0,0.010146271919708055,,
DPF5,MEAMT,7,26,14,1.9487171000000014,0.0,0.010146271919708055,,
DPF5,MEAMT,7,26,15,1.9487171000000014,0.0,0.010146271919708055,,
DPF5,MEAMT,7,26,16,1.9487171000000014,0.0,0.010146271919708055,,
DPF5,MEAMT,7,26,17,1.9487171000000014,0.0,0.010146271919708055,,
DPF5,MEAMT,7,26,18,1.9487171000000014,0.0,0.010146271919708055,,
DPF5,MEAMT,7,26,19,1.9487171000000014,0.0,0.010146271919708055,,
DPF5,MEAMT,7,26,20,1.9487171000000014,0.0,0.010146271919708055,,
DPF5,MEAMT,7,26,21,1.9487171000000014,0.0,0.010146271919708055,,
DPF5,MEAMT,7,26,22,1.9487171000000014,0.0,0.010146271919708055,,
DPF5,MEAMT,7,26,23,1.9487171000000014,0.0,0.010146271919708055,,
DPF5,MEAMT,7,26,24,1.9487171000000014,0.0,0.010146271919708055,,
DPF5,MEAMT,7,26,25,1.9487171000000014,0.0,0.010146271919708055,,
DPF5,MEAMT,7,26,26,1.9487171000000014,0.0,0.010146271919708055,,
DPF5,MEAMT,7,26,27,1.9487171000000014,0.0,0.010146271919708055,,
DPF5,MEAMT,7,26,28,1.9487171000000014,0.0,0.010146271919708055,,
DPF5,MEAMT,7,26,29,1.9487171000000014,0.0,0.010146271919708055,,
DPF5,MEAMT,7,26,30,1.9487171000000014,0.0,0.010146271919708055,,
DPF5,NSGA2deap,7,26,1,1.9487171000000014,0.0,0.017095284148419213,,
DPF5,NSGA2deap,7,26,2,1.9487171000000014,0.0,0.017101249159636414,,
DPF5,NSGA2deap,7,26,3,1.9487171000000014,0.0,0.016840505954460547,,
DPF5,NSGA2deap,7,26,4,1.9487171000000014,0.0,0.017099427711152065,,
DPF5,NSGA2deap,7,26,5,1.9487171000000014,0.0,0.02061807498117132,,
DPF5,NSGA2deap,7,26,6,1.9487171000000014,0.0,0.017598970591336888,,
DPF5,NSGA2deap,7,26,7,1.9477232542790015,1.6321388773651244e-05,0.01636082846902737,,
DPF5,NSGA2deap,7,26,8,1.9487171000000014,0.0,0.015951126703783302,,
DPF5,NSGA2deap,7,26,9,1.9487171000000014,0.0,0.01607836184534702,,
DPF5,NSGA2deap,7,26,10,1.9486391513160013,0.0,0.01773492012203884,,
DPF5,NSGA2deap,7,26,11,1.9487171000000014,0.0,0.019116489093931373,,
DPF5,NSGA2deap,7,26,12,1.9487171000000014,0.0,0.022059696484252534,,
DPF5,NSGA2deap,7,26,13,1.9487171000000014,0.0,0.015721077505492672,,
DPF5,NSGA2deap,7,26,14,1.9487171000000014,0.0,0.01655887398197146,,
DPF5,NSGA2deap,7,26,15,1.9487171000000014,0.0,0.016075447525609618,,
DPF5,NSGA2deap,7,26,16,1.9487171000000014,0.0,0.019829027515350216,,
DPF5,NSGA2deap,7,26,17,1.9487171000000014,0.0,0.019443331067169778,,
DPF5,NSGA2deap,7,26,18,1.9487171000000014,0.0,0.015750010069524777,,
DPF5,NSGA2deap,7,26,19,1.9448976144840016,0.0006840772371359473,0.07607499728252304,,
DPF5,NSGA2deap,7,26,20,1.9487171000000014,0.0,0.018342287453992318,,
DPF5,NSGA2deap,7,26,21,1.9487171000000014,0.0,0.021403826148721085,,
DPF5,NSGA2deap,7,26,22,1.9487171000000014,0.0,0.017178830456414197,,
DPF5,NSGA2deap,7,26,23,1.9487171000000014,0.0,0.016551860669356322,,
DPF5,NSGA2deap,7,26,24,1.9487171000000014,0.0,0.020203552034150262,,
DPF5,NSGA2deap,7,26,25,1.9487171000000014,0.0,0.017366666880380452,,
DPF5,NSGA2deap,7,26,26,1.9487171000000014,0.0,0.01663717306230844,,
DPF5,NSGA2deap,7,26,27,1.9469242802680014,0.00027694954057868676,0.07733793752239843,,
DPF5,NSGA2deap,7,26,28,1.9487171000000014,0.0,0.016224463899972,,
DPF5,NSGA2deap,7,26,29,1.9487171000000014,0.0,0.017798943347687304,,
DPF5,NSGA2deap,7,26,30,1.9487171000000014,0.0,0.019198482003937065,,
DPF5,NSGA3,7,26,1,1.9487171000000014,0.0,0.01614346324183238,,
DPF5,NSGA3,7,26,2,1.9487171000000014,0.0,0.01614346324183238,,
DPF5,NSGA3,7,26,3,1.9487171000000014,0.0,0.01614346324183238,,
DPF5,NSGA3,7,26,4,1.9487171000000014,0.0,0.01614346324183238,,
DPF5,NSGA3,7,26,5,1.9487171000000014,0.0,0.01614346324183238,,
DPF5,NSGA3,7,26,6,1.9486976128290014,0.0,0.01614346324183238,,
DPF5,NSGA3,7,26,7,1.9487171000000014,0.0,0.01614346324183238,,
DPF5,NSGA3,7,26,8,1.9487171000000014,0.0,0.01614346324183238,,
DPF5,NSGA3,7,26,9,1.9487171000000014,0.0,0.01614346324183238,,
DPF5,NSGA3,7,26,10,1.9487171000000014,0.0,0.01614346324183238,,
DPF5,NSGA3,7,26,11,1.9486976128290014,0.0,0.01614346324183238,,
DPF5,NSGA3,7,26,12,1.9487171000000014,0.0,0.01614346324183238,,
DPF5,NSGA3,7,26,13,1.9487171000000014,0.0,0.01614346324183238,,
DPF5,NSGA3,7,26,14,1.9486976128290014,0.0,0.01614346324183238,,
DPF5,NSGA3,7,26,15,1.9487171000000014,0.0,0.01614346324183238,,
DPF5,NSGA3,7,26,16,1.9486976128290014,0.0,0.01614346324183238,,
DPF5,NSGA3,7,26,17,1.9487171000000014,0.0,0.01614346324183238,,
DPF5,NSGA3,7,26,18,1.9486976128290014,0.0,0.01614346324183238,,
DPF5,NSGA3,7,26,19,1.9486781256580015,0.0,0.01614346324183238,,
DPF5,NSGA3,7,26,20,1.9487171000000014,0.0,0.01614346324183238,,
DPF5,NSGA3,7,26,21,1.9487171000000014,0.0,0.01614346324183238,,
DPF5,NSGA3,7,26,22,1.9486976128290014,0.0,0.01614346324183238,,
DPF5,NSGA3,7,26,23,1.9487171000000014,0.0,0.01614346324183238,,
DPF5,NSGA3,7,26,24,1.9486976128290014,0.0,0.01614346324183238,,
DPF5,NSGA3,7,26,25,1.9487171000000014,0.0,0.01614346324183238,,
DPF5,NSGA3,7,26,26,1.9486586384870015,0.0,0.01614346324183238,,
DPF5,NSGA3,7,26,27,1.9487171000000014,0.0,0.01614346324183238,,
DPF5,NSGA3,7,26,28,1.9486976128290014,0.0,0.01614346324183238,,
DPF5,NSGA3,7,26,29,1.9487171000000014,0.0,0.01614346324183238,,
DPF5,NSGA3,7,26,30,1.9486781256580015,0.0,0.01614346324183238,,
DPF5,MEAMT-ENXUTO,7,26,1,1.9486781256580015,0.0,0.029062476955915774,,
DPF5,MEAMT-ENXUTO,7,26,2,1.9486586384870015,0.0,0.029062476955915774,,
DPF5,MEAMT-ENXUTO,7,26,3,1.9486781256580015,0.0,0.029062476955915774,,
DPF5,MEAMT-ENXUTO,7,26,4,1.9486391513160013,0.0,0.029062476955915774,,
DPF5,MEAMT-ENXUTO,7,26,5,1.9486781256580015,0.0,0.029062476955915774,,
DPF5,MEAMT-ENXUTO,7,26,6,1.9486976128290014,0.0,0.029062476955915774,,
DPF5,MEAMT-ENXUTO,7,26,7,1.9486586384870015,0.0,0.029062476955915774,,
DPF5,MEAMT-ENXUTO,7,26,8,1.9486391513160013,0.0,0.029062476955915774,,
DPF5,MEAMT-ENXUTO,7,26,9,1.9487171000000014,0.0,0.029062476955915774,,
DPF5,MEAMT-ENXUTO,7,26,10,1.9486586384870015,0.0,0.029062476955915774,,
DPF5,MEAMT-ENXUTO,7,26,11,1.9486976128290014,0.0,0.029062476955915774,,
DPF5,MEAMT-ENXUTO,7,26,12,1.9486976128290014,0.0,0.029062476955915774,,
DPF5,MEAMT-ENXUTO,7,26,13,1.9486976128290014,0.0,0.029062476955915774,,
DPF5,MEAMT-ENXUTO,7,26,14,1.9486391513160013,0.0,0.029062476955915774,,
DPF5,MEAMT-ENXUTO,7,26,15,1.9486781256580015,0.0,0.029062476955915774,,
DPF5,MEAMT-ENXUTO,7,26,16,1.9487171000000014,0.0,0.029062476955915774,,
DPF5,MEAMT-ENXUTO,7,26,17,1.9486976128290014,0.0,0.029062476955915774,,
DPF5,MEAMT-ENXUTO,7,26,18,1.9486586384870015,0.0,0.029062476955915774,,
DPF5,MEAMT-ENXUTO,7,26,19,1.9486781256580015,0.0,0.029062476955915774,,
DPF5,MEAMT-ENXUTO,7,26,20,1.9487171000000014,0.0,0.029062476955915774,,
DPF5,MEAMT-ENXUTO,7,26,21,1.9486976128290014,0.0,0.029062476955915774,,
DPF5,MEAMT-ENXUTO,7,26,22,1.9486976128290014,0.0,0.029062476955915774,,
DPF5,MEAMT-ENXUTO,7,26,23,1.9486976128290014,0.0,0.029062476955915774,,
DPF5,MEAMT-ENXUTO,7,26,24,1.9487171000000014,0.0,0.029062476955915774,,
DPF5,MEAMT-ENXUTO,7,26,25,1.9486976128290014,0.0,0.029062476955915774,,
DPF5,MEAMT-ENXUTO,7,26,26,1.9486976128290014,0.0,0.029062476955915774,,
DPF5,MEAMT-ENXUTO,7,26,27,1.9486976128290014,0.0,0.029062476955915774,,
DPF5,MEAMT-ENXUTO,7,26,28,1.9486781256580015,0.0,0.029062476955915774,,
DPF5,MEAMT-ENXUTO,7,26,29,1.9486976128290014,0.0,0.029062476955915774,,
DPF5,MEAMT-ENXUTO,7,26,30,1.9486781256580015,0.0,0.029062476955915774,,
DPF5,MOEAD,7,26,1,1.9487171000000014,0.0,2.6492014557478355e-27,,
DPF5,MOEAD,7,26,2,1.9487171000000014,0.0,2.6492014557478355e-27,,
DPF5,MOEAD,7,26,3,1.9487171000000014,0.0,2.6492014557478355e-27,,
DPF5,MOEAD,7,26,4,1.9487171000000014,0.0,2.6492014557478355e-27,,
DPF5,MOEAD,7,26,5,1.9487171000000014,0.0,2.6492014557478355e-27,,
DPF5,MOEAD,7,26,6,1.9487171000000014,0.0,2.6492014557478355e-27,,
DPF5,MOEAD,7,26,7,1.9487171000000014,0.0,2.6492014557478355e-27,,
DPF5,MOEAD,7,26,8,1.9487171000000014,0.0,2.6492014557478355e-27,,
DPF5,MOEAD,7,26,9,1.9487171000000014,0.0,2.6492014557478355e-27,,
DPF5,MOEAD,7,26,10,1.9487171000000014,0.0,2.6492014557478355e-27,,
DPF5,MOEAD,7,26,11,1.9487171000000014,0.0,2.6492014557478355e-27,,
DPF5,MOEAD,7,26,12,1.9487171000000014,0.0,2.6492014557478355e-27,,
DPF5,MOEAD,7,26,13,1.9487171000000014,0.0,2.6492014557478355e-27,,
DPF5,MOEAD,7,26,14,1.9487171000000014,0.0,2.6492014557478355e-27,,
DPF5,MOEAD,7,26,15,1.9487171000000014,0.0,2.6492014557478355e-27,,
DPF5,MOEAD,7,26,16,1.9487171000000014,0.0,2.6492014557478355e-27,,
DPF5,MOEAD,7,26,17,1.9487171000000014,0.0,2.6492014557478355e-27,,
DPF5,MOEAD,7,26,18,1.9487171000000014,0.0,2.6492014557478355e-27,,
DPF5,MOEAD,7,26,19,1.9487171000000014,0.0,2.6492014557478355e-27,,
DPF5,MOEAD,7,26,20,1.9487171000000014,0.0,2.6492014557478355e-27,,
DPF5,MOEAD,7,26,21,1.9487171000000014,0.0,2.6492014557478355e-27,,
DPF5,MOEAD,7,26,22,1.9487171000000014,0.0,2.6492014557478355e-27,,
DPF5,MOEAD,7,26,23,1.9487171000000014,0.0,2.6492014557478355e-27,,
DPF5,MOEAD,7,26,24,1.9487171000000014,0.0,2.6492014557478355e-27,,
DPF5,MOEAD,7,26,25,1.9487171000000014,0.0,2.6492014557478355e-27,,
DPF5,MOEAD,7,26,26,1.9487171000000014,0.0,2.6492014557478355e-27,,
DPF5,MOEAD,7,26,27,1.9487171000000014,0.0,2.6492014557478355e-27,,
DPF5,MOEAD,7,26,28,1.9487171000000014,0.0,2.6492014557478355e-27,,
DPF5,MOEAD,7,26,29,1.9487171000000014,0.0,2.6492014557478355e-27,,
DPF5,MOEAD,7,26,30,1.9487171000000014,0.0,2.6492014557478355e-27,,
DTLZ1,MEAMT,7,11,1,1.6655490181990011,0.3128643438257831,0.05361930026465225,,
DTLZ1,MEAMT,7,11,2,1.6602485076870013,0.3128643438257831,0.05361930026465225,,
DTLZ1,MEAMT,7,11,3,1.6599172257800012,0.3128643438257831,0.05361930026465225,,
DTLZ1,MEAMT,7,11,4,1.660034148806001,0.3128643438257831,0.05361930026465225,,
DTLZ1,MEAMT,7,11,5,1.660794148475001,0.3128643438257831,0.05361930026465225,,
DTLZ1,MEAMT,7,11,6,1.6620218402480011,0.3128643438257831,0.05361930026465225,,
DTLZ1,MEAMT,7,11,7,1.6622167119580011,0.3128643438257831,0.05361930026465225,,
DTLZ1,MEAMT,7,11,8,1.6629182501140012,0.3128643438257831,0.05361930026465225,,
DTLZ1,MEAMT,7,11,9,1.6622167119580011,0.3128643438257831,0.05361930026465225,,
DTLZ1,MEAMT,7,11,10,1.6627038912330012,0.3128643438257831,0.05361930026465225,,
DTLZ1,MEAMT,7,11,11,1.6596054310440012,0.3128643438257831,0.05361930026465225,,
DTLZ1,MEAMT,7,11,12,1.6593910721630012,0.3128643438257831,0.05361930026465225,,
DTLZ1,MEAMT,7,11,13,1.6605018409100012,0.3128643438257831,0.05361930026465225,,
DTLZ1,MEAMT,7,11,14,1.6627818399170011,0.3128643438257831,0.05361930026465225,,
DTLZ1,MEAMT,7,11,15,1.6637172241250013,0.3128643438257831,0.05361930026465225,,
DTLZ1,MEAMT,7,11,16,1.6591962004530012,0.3128643438257831,0.05361930026465225,,
DTLZ1,MEAMT,7,11,17,1.6592546619660011,0.3128643438257831,0.05361930026465225,,
DTLZ1,MEAMT,7,11,18,1.6599562001220012,0.3128643438257831,0.05361930026465225,,
DTLZ1,MEAMT,7,11,19,1.660462866568001,0.3128643438257831,0.05361930026465225,,
DTLZ1,MEAMT,7,11,20,1.6606187639360013,0.3128643438257831,0.05361930026465225,,
DTLZ1,MEAMT,7,11,21,1.6612228662370012,0.3128643438257831,0.05361930026465225,,
DTLZ1,MEAMT,7,11,22,1.6612033790660012,0.3128643438257831,0.05361930026465225,,
DTLZ1,MEAMT,7,11,23,1.6613787636050013,0.3128643438257831,0.05361930026465225,,
DTLZ1,MEAMT,7,11,24,1.6652372234630013,0.3128643438257831,0.05361930026465225,,
DTLZ1,MEAMT,7,11,25,1.6633859422180013,0.3128643438257831,0.05361930026465225,,
DTLZ1,MEAMT,7,11,26,1.662080301761001,0.3128643438257831,0.05361930026465225,,
DTLZ1,MEAMT,7,11,27,1.6644577366230011,0.3128643438257831,0.05361930026465225,,
DTLZ1,MEAMT,7,11,28,1.6581828675610013,0.3128643438257831,0.05361930026465225,,
DTLZ1,MEAMT,7,11,29,1.6601315846610012,0.3128643438257831,0.05361930026465225,,
DTLZ1,MEAMT,7,11,30,1.6641264547160013,0.3128643438257831,0.05361930026465225,,
DTLZ1,NSGA2deap,7,11,1,,0.0,0.0,,
DTLZ1,NSGA2deap,7,11,2,,0.0,0.0,,
DTLZ1,NSGA2deap,7,11,3,,0.0,0.0,,
DTLZ1,NSGA2deap,7,11,4,,0.0,0.0,,
DTLZ1,NSGA2deap,7,11,5,,0.0,0.0,,
DTLZ1,NSGA2deap,7,11,6,,0.0,0.0,,
DTLZ1,NSGA2deap,7,11,7,,0.0,0.0,,
DTLZ1,NSGA2deap,7,11,8,,0.0,0.0,,
DTLZ1,NSGA2deap,7,11,9,,0.0,0.0,,
DTLZ1,NSGA2deap,7,11,10,,0.0,0.0,,
DTLZ1,NSGA2deap,7,11,11,,0.0,0.0,,
DTLZ1,NSGA2deap,7,11,12,,0.0,0.0,,
DTLZ1,NSGA2deap,7,11,13,,0.0,0.0,,
DTLZ1,NSGA2deap,7,11,14,,0.0,0.0,,
DTLZ1,NSGA2deap,7,11,15,,0.0,0.0,,
DTLZ1,NSGA2deap,7,11,16,,0.0,0.0,,
DTLZ1,NSGA2deap,7,11,17,,0.0,0.0,,
DTLZ1,NSGA2deap,7,11,18,,0.0,0.0,,
DTLZ1,NSGA2deap,7,11,19,,0.0,0.0,,
DTLZ1,NSGA2deap,7,11,20,,0.0,0.0,,
DTLZ1,NSGA2deap,7,11,21,,0.0,0.0,,
DTLZ1,NSGA2deap,7,11,22,,0.0,0.0,,
DTLZ1,NSGA2deap,7,11,23,,0.0,0.0,,
DTLZ1,NSGA2deap,7,11,24,,0.0,0.0,,
DTLZ1,NSGA2deap,7,11,25,,0.0,0.0,,
DTLZ1,NSGA2deap,7,11,26,,0.0,0.0,,
DTLZ1,NSGA2deap,7,11,27,,0.0,0.0,,
DTLZ1,NSGA2deap,7,11,28,,0.0,0.0,,
DTLZ1,NSGA2deap,7,11,29,,0.0,0.0,,
DTLZ1,NSGA2deap,7,11,30,,0.0,0.0,,
DTLZ1,MOEAD,7,11,1,1.8456494525810014,0.297120725654943,0.06196200163265576,,
DTLZ1,MOEAD,7,11,2,1.9236371109230013,0.1297800730779258,0.02340634774086223,,
DTLZ1,MOEAD,7,11,3,1.9249427513800015,0.1297800730779258,0.02340634774086223,,
DTLZ1,MOEAD,7,11,4,1.9251571102610012,0.1297800730779258,0.02340634774086223,,
DTLZ1,MOEAD,7,11,5,1.9233448033580014,0.1297800730779258,0.02340634774086223,,
DTLZ1,MOEAD,7,11,6,1.9239294184880016,0.1297800730779258,0.02340634774086223,,
DTLZ1,MOEAD,7,11,7,1.9242801875660014,0.1297800730779258,0.02340634774086223,,
DTLZ1,MOEAD,7,11,8,1.9238319826330015,0.1297800730779258,0.02340634774086223,,
DTLZ1,MOEAD,7,11,9,1.9234812135550015,0.1297800730779258,0.02340634774086223,,
DTLZ1,MOEAD,7,11,10,1.9232278803320015,0.1297800730779258,0.02340634774086223,,
DTLZ1,MOEAD,7,11,11,1.9239878800010015,0.1297800730779258,0.02340634774086223,,
DTLZ1,MOEAD,7,11,12,1.9242412132240014,0.1297800730779258,0.02340634774086223,,
DTLZ1,MOEAD,7,11,13,1.9239683928300013,0.1297800730779258,0.02340634774086223,,
DTLZ1,MOEAD,7,11,14,1.9233837777000014,0.1297800730779258,0.02340634774086223,,
DTLZ1,MOEAD,7,11,15,1.9232083931610013,0.1297800730779258,0.02340634774086223,,
DTLZ1,MOEAD,7,11,16,1.9244750592760014,0.1297800730779258,0.02340634774086223,,
DTLZ1,MOEAD,7,11,17,1.9238904441460014,0.1297800730779258,0.02340634774086223,,
DTLZ1,MOEAD,7,11,18,1.9218637783620014,0.1297800730779258,0.02340634774086223,,
DTLZ1,MOEAD,7,11,19,1.9245919823020015,0.1297800730779258,0.02340634774086223,,
DTLZ1,MOEAD,7,11,20,1.9228381369120016,0.1297800730779258,0.02340634774086223,,
DTLZ1,MOEAD,7,11,21,1.9230135214510014,0.1297800730779258,0.02340634774086223,,
DTLZ1,MOEAD,7,11,22,1.9227407010570015,0.1297800730779258,0.02340634774086223,,
DTLZ1,MOEAD,7,11,23,1.9231694188190014,0.1297800730779258,0.02340634774086223,,
DTLZ1,MOEAD,7,11,24,1.9236176237520013,0.1297800730779258,0.02340634774086223,,
DTLZ1,MOEAD,7,11,25,1.9224483934920014,0.1297800730779258,0.02340634774086223,,
DTLZ1,MOEAD,7,11,26,1.9237735211200013,0.1297800730779258,0.02340634774086223,,
DTLZ1,MOEAD,7,11,27,1.9234422392130013,0.1297800730779258,0.02340634774086223,,
DTLZ1,MOEAD,7,11,28,1.9241437773690013,0.1297800730779258,0.02340634774086223,,
DTLZ1,MOEAD,7,11,29,1.9231304444770014,0.1297800730779258,0.02340634774086223,,
DTLZ1,MOEAD,7,11,30,1.9244945464470014,0.1297800730779258,0.02340634774086223,,
DTLZ1,MEAMT-ENXUTO,7,11,1,,0.0,0.0,,
DTLZ1,MEAMT-ENXUTO,7,11,2,,0.0,0.0,,
DTLZ1,MEAMT-ENXUTO,7,11,3,,0.0,0.0,,
DTLZ1,MEAMT-ENXUTO,7,11,4,,0.0,0.0,,
DTLZ1,MEAMT-ENXUTO,7,11,5,,0.0,0.0,,
DTLZ1,MEAMT-ENXUTO,7,11,6,,0.0,0.0,,
DTLZ1,MEAMT-ENXUTO,7,11,7,,0.0,0.0,,
DTLZ1,MEAMT-ENXUTO,7,11,8,,0.0,0.0,,
DTLZ1,MEAMT-ENXUTO,7,11,9,,0.0,0.0,,
DTLZ1,MEAMT-ENXUTO,7,11,10,,0.0,0.0,,
DTLZ1,MEAMT-ENXUTO,7,11,11,,0.0,0.0,,
DTLZ1,MEAMT-ENXUTO,7,11,12,,0.0,0.0,,
DTLZ1,MEAMT-ENXUTO,7,11,13,,0.0,0.0,,
DTLZ1,MEAMT-ENXUTO,7,11,14,,0.0,0.0,,
DTLZ1,MEAMT-ENXUTO,7,11,15,,0.0,0.0,,
DTLZ1,MEAMT-ENXUTO,7,11,16,,0.0,0.0,,
DTLZ1,MEAMT-ENXUTO,7,11,17,,0.0,0.0,,
DTLZ1,MEAMT-ENXUTO,7,11,18,,0.0,0.0,,
DTLZ1,MEAMT-ENXUTO,7,11,19,,0.0,0.0,,
DTLZ1,MEAMT-ENXUTO,7,11,20,,0.0,0.0,,
DTLZ1,MEAMT-ENXUTO,7,11,21,,0.0,0.0,,
DTLZ1,MEAMT-ENXUTO,7,11,22,,0.0,0.0,,
DTLZ1,MEAMT-ENXUTO,7,11,23,,0.0,0.0,,
DTLZ1,MEAMT-ENXUTO,7,11,24,,0.0,0.0,,
DTLZ1,MEAMT-ENXUTO,7,11,25,,0.0,0.0,,
DTLZ1,MEAMT-ENXUTO,7,11,26,,0.0,0.0,,
DTLZ1,MEAMT-ENXUTO,7,11,27,,0.0,0.0,,
DTLZ1,MEAMT-ENXUTO,7,11,28,,0.0,0.0,,
DTLZ1,MEAMT-ENXUTO,7,11,29,,0.0,0.0,,
DTLZ1,MEAMT-ENXUTO,7,11,30,,0.0,0.0,,
DTLZ1,NSGA3,7,11,1,1.9250596744060013,0.11198200780522582,0.020603746563698695,,
DTLZ1,NSGA3,7,11,2,1.9250207000640016,0.11198200780522582,0.020603746563698695,,
DTLZ1,NSGA3,7,11,3,1.9245140336180013,0.11198200780522582,0.020603746563698695,,
DTLZ1,NSGA3,7,11,4,1.9255078793390015,0.11198200780522582,0.020603746563698695,,
DTLZ1,NSGA3,7,11,5,1.9258976227590014,0.11198200780522582,0.020603746563698695,,
DTLZ1,NSGA3,7,11,6,1.9235981365810015,0.11198200780522582,0.020603746563698695,,
DTLZ1,NSGA3,7,11,7,1.9250012128930014,0.11198200780522582,0.020603746563698695,,
DTLZ1,NSGA3,7,11,8,1.9248648026960014,0.11198200780522582,0.020603746563698695,,
DTLZ1,NSGA3,7,11,9,1.9246699309860014,0.11198200780522582,0.020603746563698695,,
DTLZ1,NSGA3,7,11,10,1.9250012128930014,0.11198200780522582,0.020603746563698695,,
DTLZ1,NSGA3,7,11,11,1.9248453155250014,0.11198200780522582,0.020603746563698695,,
DTLZ1,NSGA3,7,11,12,1.9261314688110014,0.11198200780522582,0.020603746563698695,,
DTLZ1,NSGA3,7,11,13,1.9242801875660014,0.11198200780522582,0.020603746563698695,,
DTLZ1,NSGA3,7,11,14,1.9257222382200014,0.11198200780522582,0.020603746563698695,,
DTLZ1,NSGA3,7,11,15,1.9247478796700015,0.11198200780522582,0.020603746563698695,,
DTLZ1,NSGA3,7,11,16,1.9250207000640016,0.11198200780522582,0.020603746563698695,,
DTLZ1,NSGA3,7,11,17,1.9255273665100014,0.11198200780522582,0.020603746563698695,,
DTLZ1,NSGA3,7,11,18,1.9246504438150014,0.11198200780522582,0.020603746563698695,,
DTLZ1,NSGA3,7,11,19,1.9255663408520014,0.11198200780522582,0.020603746563698695,,
DTLZ1,NSGA3,7,11,20,1.9247868540120014,0.11198200780522582,0.020603746563698695,,
DTLZ1,NSGA3,7,11,21,1.9255078793390015,0.11198200780522582,0.020603746563698695,,
DTLZ1,NSGA3,7,11,22,1.9255078793390015,0.11198200780522582,0.020603746563698695,,
DTLZ1,NSGA3,7,11,23,1.9254689049970015,0.11198200780522582,0.020603746563698695,,
DTLZ1,NSGA3,7,11,24,1.9260340329560015,0.11198200780522582,0.020603746563698695,,
DTLZ1,NSGA3,7,11,25,1.9240073671720013,0.11198200780522582,0.020603746563698695,,
DTLZ1,NSGA3,7,11,26,1.9257806997330016,0.11198200780522582,0.020603746563698695,,
DTLZ1,NSGA3,7,11,27,1.9241632645400015,0.11198200780522582,0.020603746563698695,,
DTLZ1,NSGA3,7,11,28,1.9256248023650013,0.11198200780522582,0.020603746563698695,,
DTLZ1,NSGA3,7,11,29,1.9247283924990013,0.11198200780522582,0.020603746563698695,,
DTLZ1,NSGA3,7,11,30,1.9240463415140014,0.11198200780522582,0.020603746563698695,,
DTLZ4,NSGA3,3,12,1,1.1592554551107281,0.012292336451018324,0.029251622321229378,,
DTLZ4,NSGA3,3,12,2,1.1592558577912868,0.0122861065785038,0.02924919607069963,,
DTLZ4,NSGA3,3,12,3,1.159256310325274,0.012286837815692194,0.02925121640061694,,
DTLZ4,NSGA3,3,12,4,1.159256411479193,0.012285763246670672,0.029262773823661586,,
DTLZ4,NSGA3,3,12,5,1.1592560278043096,0.012291385907111076,0.029273878929948257,,
DTLZ4,NSGA3,3,12,6,1.1592558443058225,0.012286963539376982,0.029268463442205656,,
DTLZ4,NSGA3,3,12,7,1.1592557798478413,0.012289630852070917,0.029277949363877828,,
DTLZ4,NSGA3,3,12,8,1.1592557757383872,0.01228676719490909,0.029265793319950866,,
DTLZ4,NSGA3,3,12,9,1.1592562410007616,0.012289087875242098,0.029254164013240425,,
DTLZ4,NSGA3,3,12,10,1.1592564302872144,0.012283272434664266,0.029244629809371158,,
DTLZ4,NSGA3,3,12,11,1.1592560542048314,0.012286792405033001,0.029262191333763104,,
DTLZ4,NSGA3,3,12,12,1.1592569667660473,0.012286164381528882,0.029248549964777035,,
DTLZ4,NSGA3,3,12,13,1.1592555373068247,0.012287470927002218,0.029243558337332283,,
DTLZ4,NSGA3,3,12,14,1.1592557195129125,0.012286417953993675,0.0292707952765518,,
DTLZ4,NSGA3,3,12,15,1.1592562239697906,0.012284617139489001,0.029266086112842406,,
DTLZ4,NSGA3,3,12,16,1.1592557712438052,0.012285445137694237,0.029266607175873035,,
DTLZ4,NSGA3,3,12,17,1.159256140567566,0.012286157431569073,0.029275037017764485,,
DTLZ4,NSGA3,3,12,18,1.159255676433455,0.012286772279461003,0.029260775847147185,,
DTLZ4,NSGA3,3,12,19,1.1592550185712969,0.012286871461293349,0.029267943999171656,,
DTLZ4,NSGA3,3,12,20,1.159255796041474,0.012288116605522263,0.029255260570332616,,
DTLZ4,NSGA3,3,12,21,1.1592497798352404,0.012291809040895055,0.029199468606103236,,
DTLZ4,NSGA3,3,12,22,1.159256133362015,0.012283557815487917,0.029264497055886338,,
DTLZ4,NSGA3,3,12,23,1.159255949230684,0.012287826537440273,0.029272907989623176,,
DTLZ4,NSGA3,3,12,24,1.1592566471337693,0.012289386973741767,0.029263494652123738,,
DTLZ4,NSGA3,3,12,25,1.1592563325844858,0.01228734424198503,0.029261385502085048,,
DTLZ4,NSGA3,3,12,26,1.1592564647365218,0.012285032433013167,0.029260963884955676,,
DTLZ4,NSGA3,3,12,27,1.1592557805091115,0.012285367987790863,0.02926944001189721,,
DTLZ4,NSGA3,3,12,28,1.159256520398467,0.01228575719726134,0.02927190177922183,,
DTLZ4,NSGA3,3,12,29,1.1592559305244214,0.012285992717490738,0.02927440623133958,,
DTLZ4,NSGA3,3,12,30,1.1592556580220443,0.012287699855589434,0.029257161578763864,,
DTLZ4,MOEAD,3,12,1,1.1486455907786266,0.018143345761334993,0.04375049294361916,,
DTLZ4,MOEAD,3,12,2,1.1592556875930593,0.012286472055638346,0.029269459896106537,,
DTLZ4,MOEAD,3,12,3,0.9355475788419161,0.16548615563619568,0.0038604549750324395,,
DTLZ4,MOEAD,3,12,4,1.1592561920327353,0.012286827034191376,0.029264935784446618,,
DTLZ4,MOEAD,3,12,5,1.1592560304613386,0.01228629265243526,0.029266822826148942,,
DTLZ4,MOEAD,3,12,6,1.1592562616605626,0.012286070024195274,0.029266274324713026,,
DTLZ4,MOEAD,3,12,7,1.1592557259883303,0.012286116733266714,0.02926568097650674,,
DTLZ4,MOEAD,3,12,8,0.935547340230212,0.1654864100514597,0.003824451204186579,,
DTLZ4,MOEAD,3,12,9,0.9382927130006161,0.3597596336890289,0.004020673618292215,,
DTLZ4,MOEAD,3,12,10,1.15925605711559,0.012286078499892215,0.029271708255553034,,
DTLZ4,MOEAD,3,12,11,1.1592558294990079,0.012286729845893291,0.029268040869082048,,
DTLZ4,MOEAD,3,12,12,1.159255279302906,0.012286266046152067,0.029268203438374468,,
DTLZ4,MOEAD,3,12,13,1.1592561500519318,0.01228632766210075,0.029267247232940555,,
DTLZ4,MOEAD,3,12,14,1.1592559328809127,0.012286249226027394,0.02926880570968601,,
DTLZ4,MOEAD,3,12,15,1.1592559577064407,0.012287535225189671,0.02926541287720164,,
DTLZ4,MOEAD,3,12,16,1.1592551344821318,0.012285928719897695,0.029271984961721058,,
DTLZ4,MOEAD,3,12,17,1.1592530490900286,0.012285975580459038,0.02926669987683083,,
DTLZ4,MOEAD,3,12,18,1.1592558150643986,0.012286767129126077,0.029270728207543804,,
DTLZ4,MOEAD,3,12,19,1.1592541933636258,0.012286726602696904,0.02926880695273738,,
DTLZ4,MOEAD,3,12,20,1.1592558014167873,0.012286197039429196,0.02926870189934657,,
DTLZ4,MOEAD,3,12,21,0.9355475956483185,0.1654862501101615,0.003864901883509052,,
DTLZ4,MOEAD,3,12,22,0.9355474967756932,0.16548625081801535,0.0038551285057520585,,
DTLZ4,MOEAD,3,12,23,1.1592561127717695,0.01228672057191199,0.02926983060656449,,
DTLZ4,MOEAD,3,12,24,0.9382930817899078,0.35975956820396426,0.004016298375025132,,
DTLZ4,MOEAD,3,12,25,0.935547946405541,0.16548622132673063,0.003840696999643727,,
DTLZ4,MOEAD,3,12,26,1.1592559872713353,0.012285782493774837,0.02926803913726859,,
DTLZ4,MOEAD,3,12,27,1.1592556799085694,0.012286059738778766,0.029268606401840258,,
DTLZ4,MOEAD,3,12,28,1.1592562774625506,0.012286011012276226,0.029264597304102177,,
DTLZ4,MOEAD,3,12,29,1.1592562016649446,0.012286234162680671,0.029263249824761594,,
DTLZ4,MOEAD,3,12,30,1.1592563116906458,0.012286333505905576,0.029267198072540322,,
DTLZ4,MEAMT,3,12,1,1.12927800323212,0.04491409235872109,0.052280665475381,,
DTLZ4,MEAMT,3,12,2,1.12927800323212,0.04491409235872109,0.052280665475381,,
DTLZ4,MEAMT,3,12,3,1.12927800323212,0.04491409235872109,0.052280665475381,,
DTLZ4,MEAMT,3,12,4,1.12927800323212,0.04491409235872109,0.052280665475381,,
DTLZ4,MEAMT,3,12,5,1.12927800323212,0.04491409235872109,0.052280665475381,,
DTLZ4,MEAMT,3,12,6,1.12927800323212,0.04491409235872109,0.052280665475381,,
DTLZ4,MEAMT,3,12,7,1.12927800323212,0.04491409235872109,0.052280665475381,,
DTLZ4,MEAMT,3,12,8,1.12927800323212,0.04491409235872109,0.052280665475381,,
DTLZ4,MEAMT,3,12,9,1.12927800323212,0.04491409235872109,0.052280665475381,,
DTLZ4,MEAMT,3,12,10,1.12927800323212,0.04491409235872109,0.052280665475381,,
DTLZ4,MEAMT,3,12,11,1.12927800323212,0.04491409235872109,0.052280665475381,,
DTLZ4,MEAMT,3,12,12,1.12927800323212,0.04491409235872109,0.052280665475381,,
DTLZ4,MEAMT,3,12,13,1.12927800323212,0.04491409235872109,0.052280665475381,,
DTLZ4,MEAMT,3,12,14,1.12927800323212,0.04491409235872109,0.052280665475381,,
DTLZ4,MEAMT,3,12,15,1.12927800323212,0.04491409235872109,0.052280665475381,,
DTLZ4,MEAMT,3,12,16,1.12927800323212,0.04491409235872109,0.052280665475381,,
DTLZ4,MEAMT,3,12,17,1.12927800323212,0.04491409235872109,0.052280665475381,,
DTLZ4,MEAMT,3,12,18,1.12927800323212,0.04491409235872109,0.052280665475381,,
DTLZ4,MEAMT,3,12,19,1.12927800323212,0.04491409235872109,0.052280665475381,,
DTLZ4,MEAMT,3,12,20,1.12927800323212,0.04491409235872109,0.052280665475381,,
DTLZ4,MEAMT,3,12,21,1.12927800323212,0.04491409235872109,0.052280665475381,,
DTLZ4,MEAMT,3,12,22,1.12927800323212,0.04491409235872109,0.052280665475381,,
DTLZ4,MEAMT,3,12,23,1.12927800323212,0.04491409235872109,0.052280665475381,,
DTLZ4,MEAMT,3,12,24,1.12927800323212,0.04491409235872109,0.052280665475381,,
DTLZ4,MEAMT,3,12,25,1.12927800323212,0.04491409235872109,0.052280665475381,,
DTLZ4,MEAMT,3,12,26,1.12927800323212,0.04491409235872109,0.052280665475381,,
DTLZ4,MEAMT,3,12,27,1.12927800323212,0.04491409235872109,0.052280665475381,,
DTLZ4,MEAMT,3,12,28,1.12927800323212,0.04491409235872109,0.052280665475381,,
DTLZ4,MEAMT,3,12,29,1.12927800323212,0.04491409235872109,0.052280665475381,,
DTLZ4,MEAMT,3,12,30,1.12927800323212,0.04491409235872109,0.052280665475381,,
DTLZ4,NSGA2deap,3,12,1,1.1524958834415706,0.019537298057915375,0.0328662759812635,,
DTLZ4,NSGA2deap,3,12,2,1.1524417773053979,0.018568482087025304,0.03167724152635166,,
DTLZ4,NSGA2deap,3,12,3,1.151198203373749,0.019907219620980812,0.029248360840022507,,
DTLZ4,NSGA2deap,3,12,4,1.1526131404797324,0.019097235828258338,0.032304940565520066,,
DTLZ4,NSGA2deap,3,12,5,1.1509083180011428,0.01870808838345496,0.030718068353989166,,
DTLZ4,NSGA2deap,3,12,6,1.1503393318122404,0.02008513648776125,0.03048049365819535,,
DTLZ4,NSGA2deap,3,12,7,1.150751911216938,0.018476455914541494,0.03423224154055483,,
DTLZ4,NSGA2deap,3,12,8,1.151851028513286,0.018850200285504673,0.03238299213660842,,
DTLZ4,NSGA2deap,3,12,9,1.1525285347422216,0.018956817661027914,0.029828187584404257,,
DTLZ4,NSGA2deap,3,12,10,1.1536993918580836,0.01801683131286293,0.030044566584366758,,
DTLZ4,NSGA2deap,3,12,11,1.1526058668148893,0.01966958527298483,0.033274987197095866,,
DTLZ4,NSGA2deap,3,12,12,1.1486522073825727,0.02056843521630359,0.029737381997464896,,
DTLZ4,NSGA2deap,3,12,13,1.1529889726333629,0.019095796599828713,0.0327098803263023,,
DTLZ4,NSGA2deap,3,12,14,1.151542440944913,0.019236630425618927,0.030362989909891405,,
DTLZ4,NSGA2deap,3,12,15,1.1519162046849263,0.019183834607781933,0.032880336592143705,,
DTLZ4,NSGA2deap,3,12,16,1.153002071256613,0.019739571472810715,0.03253550252095468,,
DTLZ4,NSGA2deap,3,12,17,1.149685360007854,0.01861298938019546,0.031849724446438625,,
DTLZ4,NSGA2deap,3,12,18,1.1511903654681575,0.021049838925900597,0.033017192662915355,,
DTLZ4,NSGA2deap,3,12,19,1.1533145084986138,0.018660082898674397,0.031684221977696964,,
DTLZ4,NSGA2deap,3,12,20,1.1528381229414868,0.017960498751084103,0.03167850960048176,,
DTLZ4,NSGA2deap,3,12,21,1.1514966857351197,0.019622879751063218,0.03164497802762809,,
DTLZ4,NSGA2deap,3,12,22,1.1510198801095939,0.01879383839797092,0.031052873939470208,,
DTLZ4,NSGA2deap,3,12,23,1.1507753047113751,0.01824317091390661,0.03140386813067914,,
DTLZ4,NSGA2deap,3,12,24,1.1533684881304471,0.018505939883811523,0.030220608951923467,,
DTLZ4,NSGA2deap,3,12,25,1.151272518294192,0.019291891094785754,0.03214429121965734,,
DTLZ4,NSGA2deap,3,12,26,1.1519336452703544,0.01992678816769926,0.031320546308093784,,
DTLZ4,NSGA2deap,3,12,27,1.1519865532788138,0.019164091384344713,0.031547632560387964,,
DTLZ4,NSGA2deap,3,12,28,1.1526029001985982,0.019247277237825624,0.033575562780308384,,
DTLZ4,NSGA2deap,3,12,29,1.1525498320958296,0.0197722612587772,0.03369085092070818,,
DTLZ4,NSGA2deap,3,12,30,1.1521957518040389,0.019004012453940733,0.03478224841028375,,
DTLZ4,MEAMT-ENXUTO,3,12,1,1.143710655253889,0.029697721376271326,0.05867082420354358,,
DTLZ4,MEAMT-ENXUTO,3,12,2,1.1448930541172335,0.027283536857190115,0.04207371376108102,,
DTLZ4,MEAMT-ENXUTO,3,12,3,1.1439257269423515,0.02888579022878338,0.052672432189263235,,
DTLZ4,MEAMT-ENXUTO,3,12,4,1.1470586627708328,0.026505195634388825,0.041647250337507574,,
DTLZ4,MEAMT-ENXUTO,3,12,5,1.1451893650025413,0.028244511798638045,0.04972377723464593,,
DTLZ4,MEAMT-ENXUTO,3,12,6,1.1437653497355034,0.02831677713108304,0.04289245943641528,,
DTLZ4,MEAMT-ENXUTO,3,12,7,1.1423800551077063,0.03238273657073774,0.05791736239720588,,
DTLZ4,MEAMT-ENXUTO,3,12,8,1.1468345226555992,0.026135053353099257,0.05483903790874176,,
DTLZ4,MEAMT-ENXUTO,3,12,9,1.147491682101711,0.025939489150679985,0.05919647173004576,,
DTLZ4,MEAMT-ENXUTO,3,12,10,1.1466914480928183,0.02647426266513487,0.046688704488931865,,
DTLZ4,MEAMT-ENXUTO,3,12,11,1.1484753409806772,0.02542250873782115,0.048475711809759944,,
DTLZ4,MEAMT-ENXUTO,3,12,12,1.148725761364699,0.02535817734327595,0.04805808111733709,,
DTLZ4,MEAMT-ENXUTO,3,12,13,1.1483519023849478,0.024689489257899214,0.052709176554602034,,
DTLZ4,MEAMT-ENXUTO,3,12,14,1.150116363533488,0.02294459208184248,0.0452400409354396,,
DTLZ4,MEAMT-ENXUTO,3,12,15,1.1487632249554058,0.023839519071829424,0.045895858611497815,,
DTLZ4,MEAMT-ENXUTO,3,12,16,1.1438902083220612,0.030233297607322365,0.042187928837016844,,
DTLZ4,MEAMT-ENXUTO,3,12,17,1.146927414479742,0.02635118045193472,0.04648486285370214,,
DTLZ4,MEAMT-ENXUTO,3,12,18,1.1460123448767745,0.027740831737616326,0.04501484283642382,,
DTLZ4,MEAMT-ENXUTO,3,12,19,1.1475778215357677,0.025009359387886083,0.0458673930693225,,
DTLZ4,MEAMT-ENXUTO,3,12,20,1.1477913301915603,0.02445509254344477,0.04705565013178542,,
DTLZ4,MEAMT-ENXUTO,3,12,21,1.1501520189703613,0.023563654494008726,0.05073418610392208,,
DTLZ4,MEAMT-ENXUTO,3,12,22,1.146934327110307,0.02626941649612622,0.05169888089612812,,
DTLZ4,MEAMT-ENXUTO,3,12,23,1.1453799290819844,0.028170599924080112,0.04832248050125188,,
DTLZ4,MEAMT-ENXUTO,3,12,24,1.1484873953058305,0.024991473831497097,0.047841177464636814,,
DTLZ4,MEAMT-ENXUTO,3,12,25,1.1488590190954773,0.02409542463796619,0.04795378703661293,,
DTLZ4,MEAMT-ENXUTO,3,12,26,1.1464125808476429,0.0275494857880689,0.05118318110839811,,
DTLZ4,MEAMT-ENXUTO,3,12,27,1.1471318282590348,0.025751307896792402,0.04323693980844063,,
DTLZ4,MEAMT-ENXUTO,3,12,28,1.149519594939304,0.023429459403412043,0.04767191861675839,,
DTLZ4,MEAMT-ENXUTO,3,12,29,1.1493194458295815,0.023773068584989565,0.042511155139405066,,
DTLZ4,MEAMT-ENXUTO,3,12,30,1.1473186500629031,0.026298039385430995,0.05513832294374895,,
DTLZ1,MOEAD,3,7,1,1.2521441967840568,0.03528376178361204,0.018033056681617452,,
DTLZ1,MOEAD,3,7,2,1.2615698611415924,0.0158287303455543,0.0009847955473716234,,
DTLZ1,MOEAD,3,7,3,1.2615907454581397,0.01578485944698453,0.0009863070653593775,,
DTLZ1,MOEAD,3,7,4,1.260590677288609,0.01784145228929284,0.0009885483954118336,,
DTLZ1,MOEAD,3,7,5,1.261560618923407,0.01584638622357382,0.0009854449115970776,,
DTLZ1,MOEAD,3,7,6,1.261577495898091,0.015804864735352708,0.000981801754717763,,
DTLZ1,MOEAD,3,7,7,1.2615950742700521,0.015774390712900172,0.0009828484015707605,,
DTLZ1,MOEAD,3,7,8,1.2614454462568125,0.016081341407280295,0.0009847614031098196,,
DTLZ1,MOEAD,3,7,9,1.2616065084998964,0.015748842456565534,0.0009834204164662415,,
DTLZ1,MOEAD,3,7,10,1.2615711381862211,0.015828025319847724,0.0009842944492602357,,
DTLZ1,MOEAD,3,7,11,1.2615586920398334,0.01585089475278959,0.0009845389940199164,,
DTLZ1,MOEAD,3,7,12,1.261575104570959,0.015819326880843945,0.000980895070762773,,
DTLZ1,MOEAD,3,7,13,1.2616084491183561,0.015748835675928895,0.0009833437718581887,,
DTLZ1,MOEAD,3,7,14,1.261546676378917,0.015876280207147236,0.0009816667177308055,,
DTLZ1,MOEAD,3,7,15,1.261610474763453,0.015750674149889843,0.000981574030474998,,
DTLZ1,MOEAD,3,7,16,1.2616075438970045,0.01574564584253123,0.0009805815859268078,,
DTLZ1,MOEAD,3,7,17,1.2615923935774387,0.01578420505766402,0.0009831033484390167,,
DTLZ1,MOEAD,3,7,18,1.261607118283672,0.015751402208261888,0.0009854301654696133,,
DTLZ1,MOEAD,3,7,19,1.2614291003762041,0.01611363898243221,0.0009828955220456423,,
DTLZ1,MOEAD,3,7,20,1.2613098223998276,0.01636147109450773,0.0009884548631047976,,
DTLZ1,MOEAD,3,7,21,1.2616095535585834,0.015746955630369416,0.0009844375977249636,,
DTLZ1,MOEAD,3,7,22,1.2616063667769242,0.01575442428914843,0.0009841165158761772,,
DTLZ1,MOEAD,3,7,23,1.2616081681692781,0.015747460999015597,0.0009803874200579334,,
DTLZ1,MOEAD,3,7,24,1.2615314386890122,0.01590237286217174,0.0009830478148353688,,
DTLZ1,MOEAD,3,7,25,1.2615643007367174,0.015838638132567508,0.0009845679527700926,,
DTLZ1,MOEAD,3,7,26,1.2616058106381303,0.01574573045673234,0.000982886453230876,,
DTLZ1,MOEAD,3,7,27,1.2609801307555528,0.01703875799534336,0.0009875642707533612,,
DTLZ1,MOEAD,3,7,28,1.2609460238704653,0.01711547480899614,0.0009859110379963234,,
DTLZ1,MOEAD,3,7,29,1.2613137095174796,0.016353880942156444,0.0009846054859951093,,
DTLZ1,MOEAD,3,7,30,1.2616026647823837,0.01574555548786107,0.0009890240252767787,,
DTLZ1,MEAMT-ENXUTO,3,7,1,1.2332366587512478,0.05784767861686523,0.014271277772622609,,
DTLZ1,MEAMT-ENXUTO,3,7,2,1.2498017788064266,0.027645229593704666,0.02259484698884482,,
DTLZ1,MEAMT-ENXUTO,3,7,3,1.2487682523955073,0.02981919333482826,0.020203647308553774,,
DTLZ1,MEAMT-ENXUTO,3,7,4,1.2404550494280207,0.04269753339665214,0.015088723698172109,,
DTLZ1,MEAMT-ENXUTO,3,7,5,1.2336845186083238,0.04745319166021178,0.020127512399241054,,
DTLZ1,MEAMT-ENXUTO,3,7,6,1.2459542474505638,0.03476364844519707,0.016219587608151134,,
DTLZ1,MEAMT-ENXUTO,3,7,7,1.2485122465299634,0.03470154487076809,0.023011520515243026,,
DTLZ1,MEAMT-ENXUTO,3,7,8,1.2453629633454426,0.031602526955441794,0.023971964110247365,,
DTLZ1,MEAMT-ENXUTO,3,7,9,1.2446901468510951,0.035945839814805834,0.028706540584339867,,
DTLZ1,MEAMT-ENXUTO,3,7,10,1.2395306298489803,0.031531652235074516,0.016735448186039073,,
DTLZ1,MEAMT-ENXUTO,3,7,11,1.2485405621541303,0.03496008617485496,0.01993190895926408,,
DTLZ1,MEAMT-ENXUTO,3,7,12,1.2511685253742046,0.03130324838678776,0.032449942866778964,,
DTLZ1,MEAMT-ENXUTO,3,7,13,1.2510908545046617,0.03062826103647481,0.01787608692271776,,
DTLZ1,MEAMT-ENXUTO,3,7,14,1.2440505367337553,0.03830110407953931,0.018056687882983914,,
DTLZ1,MEAMT-ENXUTO,3,7,15,1.151247112076779,0.0712911987706064,0.016784852590489053,,
DTLZ1,MEAMT-ENXUTO,3,7,16,1.2432882447583367,0.04818747640684174,0.016834071406049207,,
DTLZ1,MEAMT-ENXUTO,3,7,17,1.247850730936384,0.03198466757300391,0.01641035305117713,,
DTLZ1,MEAMT-ENXUTO,3,7,18,1.2423484392075006,0.028556663803207774,0.023860018947008524,,
DTLZ1,MEAMT-ENXUTO,3,7,19,1.2476827425850705,0.03219396381459078,0.019007998028949376,,
DTLZ1,MEAMT-ENXUTO,3,7,20,1.2472533602511668,0.03964884693713033,0.017836240523171953,,
DTLZ1,MEAMT-ENXUTO,3,7,21,1.2471017833297955,0.02974377995039105,0.014677707432723277,,
DTLZ1,MEAMT-ENXUTO,3,7,22,1.2479395292025939,0.030932727570785194,0.017688394908986507,,
DTLZ1,MEAMT-ENXUTO,3,7,23,1.240687034917544,0.03891321555646527,0.016759278066041543,,
DTLZ1,MEAMT-ENXUTO,3,7,24,1.2499991236101609,0.029508682988012642,0.01600465727884836,,
DTLZ1,MEAMT-ENXUTO,3,7,25,1.249870783594504,0.03317428719721263,0.01584136864925171,,
DTLZ1,MEAMT-ENXUTO,3,7,26,1.2473861321420694,0.036370752404586565,0.022658485421822753,,
DTLZ1,MEAMT-ENXUTO,3,7,27,1.244758011365238,0.03391340233324011,0.0206296298394376,,
DTLZ1,MEAMT-ENXUTO,3,7,28,1.2438685742055646,0.03662803412120611,0.016061296865393378,,
DTLZ1,MEAMT-ENXUTO,3,7,29,1.2484164090856658,0.031082530030711847,0.02126558652107616,,
DTLZ1,MEAMT-ENXUTO,3,7,30,1.2456511872616223,0.033751125084268314,0.019602119289917837,,
DTLZ1,NSGA2deap,3,7,1,1.2563235809852475,0.02043400497680262,0.012405433705660253,,
DTLZ1,NSGA2deap,3,7,2,1.255451913782377,0.020533516551123357,0.013066851288990376,,
DTLZ1,NSGA2deap,3,7,3,1.2568755679545438,0.019100439857091523,0.013076926060528673,,
DTLZ1,NSGA2deap,3,7,4,1.2547955615573136,0.01989631419709941,0.013432217979260563,,
DTLZ1,NSGA2deap,3,7,5,1.2548077753547424,0.020569606950995533,0.01253983613380377,,
DTLZ1,NSGA2deap,3,7,6,1.2559035249148196,0.020716526102752222,0.01275006275364314,,
DTLZ1,NSGA2deap,3,7,7,1.2567677313937782,0.0201289338589948,0.012840497723138326,,
DTLZ1,NSGA2deap,3,7,8,1.2556804399155996,0.020116686947873955,0.013316920026377828,,
DTLZ1,NSGA2deap,3,7,9,1.2557831673035431,0.02035832899258663,0.013615508253675695,,
DTLZ1,NSGA2deap,3,7,10,1.255701822095107,0.020286957618438774,0.012547739392645212,,
DTLZ1,NSGA2deap,3,7,11,1.2555409701402795,0.021022417973058736,0.012321986949755243,,
DTLZ1,NSGA2deap,3,7,12,1.2552606035396288,0.01986381382401873,0.012891935002858654,,
DTLZ1,NSGA2deap,3,7,13,1.2564141500649262,0.020708248959492994,0.013288562112063607,,
DTLZ1,NSGA2deap,3,7,14,1.25555445408764,0.020158936791638864,0.013119659958005367,,
DTLZ1,NSGA2deap,3,7,15,1.2568155780614618,0.020220825232948856,0.012338302122983745,,
DTLZ1,NSGA2deap,3,7,16,1.2557243063804306,0.02013130043159799,0.012397292287957877,,
DTLZ1,NSGA2deap,3,7,17,1.256885218808627,0.02034912699755628,0.013185459932598502,,
DTLZ1,NSGA2deap,3,7,18,1.2558541875183837,0.019657960561873848,0.013137447034795954,,
DTLZ1,NSGA2deap,3,7,19,1.256542625753967,0.019604409595704725,0.01365062463438308,,
DTLZ1,NSGA2deap,3,7,20,1.2557711099980902,0.0205767448065192,0.012928780324996557,,
DTLZ1,NSGA2deap,3,7,21,1.256540152672715,0.020765252298831964,0.012708930242891308,,
DTLZ1,NSGA2deap,3,7,22,1.256070211625628,0.02046406014520169,0.012638891484584467,,
DTLZ1,NSGA2deap,3,7,23,1.254911123473808,0.020216049590145783,0.012983270456304988,,
DTLZ1,NSGA2deap,3,7,24,1.2558748923840088,0.019985944375047148,0.013333805740796737,,
DTLZ1,NSGA2deap,3,7,25,1.255749835414058,0.020397112223346017,0.012431265718108701,,
DTLZ1,NSGA2deap,3,7,26,1.2559381075323193,0.02057244425953203,0.012563816837701117,,
DTLZ1,NSGA2deap,3,7,27,1.255295557540547,0.021334285826225974,0.013332533120102361,,
DTLZ1,NSGA2deap,3,7,28,1.2563996796335186,0.019717900754069914,0.013081927872022156,,
DTLZ1,NSGA2deap,3,7,29,1.2557233218674333,0.01986267000305197,0.013218382168096097,,
DTLZ1,NSGA2deap,3,7,30,1.2565406471997318,0.020837588003313957,0.012250077602053846,,
DTLZ1,NSGA3,3,7,1,1.2616121770802649,0.015751273787916194,0.0009860717516021757,,
DTLZ1,NSGA3,3,7,2,1.2616119302432391,0.015746663892548172,0.000984723391243338,,
DTLZ1,NSGA3,3,7,3,1.2616094988806603,0.015753848881182926,0.0009792588861263763,,
DTLZ1,NSGA3,3,7,4,1.2616101820779089,0.015751961932899922,0.0009897399599969393,,
DTLZ1,NSGA3,3,7,5,1.2616120038076635,0.01574773431195358,0.0009896568553893217,,
DTLZ1,NSGA3,3,7,6,1.2616108779856954,0.01575044664177082,0.0009710115155983775,,
DTLZ1,NSGA3,3,7,7,1.261611933172929,0.01574465982294401,0.0009816107061705716,,
DTLZ1,NSGA3,3,7,8,1.2616113414882697,0.01574848314658557,0.0009862397981296963,,
DTLZ1,NSGA3,3,7,9,1.2616107409929938,0.015755079449782595,0.0009827195308611284,,
DTLZ1,NSGA3,3,7,10,1.2616119074118783,0.015746679236050675,0.000975839700305658,,
DTLZ1,NSGA3,3,7,11,1.2616117637375344,0.01574991953020474,0.0009871925259855405,,
DTLZ1,NSGA3,3,7,12,1.2616120586292219,0.01575014531667034,0.0009893695094533679,,
DTLZ1,NSGA3,3,7,13,1.2616116878964447,0.015745800178873597,0.0009879272782804792,,
DTLZ1,NSGA3,3,7,14,1.2616111326587116,0.015748188973359084,0.0009818338181008638,,
DTLZ1,NSGA3,3,7,15,1.26161163375356,0.01574780196045386,0.0009730053069123684,,
DTLZ1,NSGA3,3,7,16,1.2616013633135572,0.015767800544680747,0.0009821057998031326,,
DTLZ1,NSGA3,3,7,17,1.261611910354572,0.015747933144722278,0.0009793718835082552,,
DTLZ1,NSGA3,3,7,18,1.2616118343939196,0.015742966835662314,0.0009879006237066698,,
DTLZ1,NSGA3,3,7,19,1.2616116301792206,0.01574703222986422,0.0009827297484173358,,
DTLZ1,NSGA3,3,7,20,1.26161202180162,0.01575218479744592,0.0009883264562831238,,
DTLZ1,NSGA3,3,7,21,1.2616122445185645,0.015745540270825305,0.0009855783042245268,,
DTLZ1,NSGA3,3,7,22,1.2616119139094044,0.015745982310739204,0.0009886072000082125,,
DTLZ1,NSGA3,3,7,23,1.261611633323222,0.015750278566245043,0.0009807225102888987,,
DTLZ1,NSGA3,3,7,24,1.2616115693806134,0.01575464444579238,0.0009724699257817265,,
DTLZ1,NSGA3,3,7,25,1.2616118574282131,0.01574991839254624,0.0009781604631051697,,
DTLZ1,NSGA3,3,7,26,1.2616120908182402,0.015749590086942735,0.0009785300297565178,,
DTLZ1,NSGA3,3,7,27,1.2616114027482395,0.01574566343707448,0.000982162076285681,,
DTLZ1,NSGA3,3,7,28,1.2616118147975262,0.01575030385118248,0.00098222334257671,,
DTLZ1,NSGA3,3,7,29,1.2616121220354137,0.015751077962498833,0.0009884370162483516,,
DTLZ1,NSGA3,3,7,30,1.261611583687697,0.015748940081055908,0.0009864056465788145,,
DTLZ1,MEAMT,3,7,1,1.1668343647781618,0.15003667935313234,0.01504637228166502,,
DTLZ1,MEAMT,3,7,2,1.1668343647781618,0.15003667935313234,0.01504637228166502,,
DTLZ1,MEAMT,3,7,3,1.1668343647781618,0.15003667935313234,0.01504637228166502,,
DTLZ1,MEAMT,3,7,4,1.1668343647781618,0.15003667935313234,0.01504637228166502,,
DTLZ1,MEAMT,3,7,5,1.1668343647781618,0.15003667935313234,0.01504637228166502,,
DTLZ1,MEAMT,3,7,6,1.1668343647781618,0.15003667935313234,0.01504637228166502,,
DTLZ1,MEAMT,3,7,7,1.1668343647781618,0.15003667935313234,0.01504637228166502,,
DTLZ1,MEAMT,3,7,8,1.1668343647781618,0.15003667935313234,0.01504637228166502,,
DTLZ1,MEAMT,3,7,9,1.1668343647781618,0.15003667935313234,0.01504637228166502,,
DTLZ1,MEAMT,3,7,10,1.1668343647781618,0.15003667935313234,0.01504637228166502,,
DTLZ1,MEAMT,3,7,11,1.1668343647781618,0.15003667935313234,0.01504637228166502,,
DTLZ1,MEAMT,3,7,12,1.1668343647781618,0.15003667935313234,0.01504637228166502,,
DTLZ1,MEAMT,3,7,13,1.1668343647781618,0.15003667935313234,0.01504637228166502,,
DTLZ1,MEAMT,3,7,14,1.1668343647781618,0.15003667935313234,0.01504637228166502,,
DTLZ1,MEAMT,3,7,15,1.1668343647781618,0.15003667935313234,0.01504637228166502,,
DTLZ1,MEAMT,3,7,16,1.1668343647781618,0.15003667935313234,0.01504637228166502,,
DTLZ1,MEAMT,3,7,17,1.1668343647781618,0.15003667935313234,0.01504637228166502,,
DTLZ1,MEAMT,3,7,18,1.1668343647781618,0.15003667935313234,0.01504637228166502,,
DTLZ1,MEAMT,3,7,19,1.1668343647781618,0.15003667935313234,0.01504637228166502,,
DTLZ1,MEAMT,3,7,20,1.1668343647781618,0.15003667935313234,0.01504637228166502,,
DTLZ1,MEAMT,3,7,21,1.1668343647781618,0.15003667935313234,0.01504637228166502,,
DTLZ1,MEAMT,3,7,22,1.1668343647781618,0.15003667935313234,0.01504637228166502,,
DTLZ1,MEAMT,3,7,23,1.1668343647781618,0.15003667935313234,0.01504637228166502,,
DTLZ1,MEAMT,3,7,24,1.1668343647781618,0.15003667935313234,0.01504637228166502,,
DTLZ1,MEAMT,3,7,25,1.1668343647781618,0.15003667935313234,0.01504637228166502,,
DTLZ1,MEAMT,3,7,26,1.1668343647781618,0.15003667935313234,0.01504637228166502,,
DTLZ1,MEAMT,3,7,27,1.1668343647781618,0.15003667935313234,0.01504637228166502,,
DTLZ1,MEAMT,3,7,28,1.1668343647781618,0.15003667935313234,0.01504637228166502,,
DTLZ1,MEAMT,3,7,29,1.1668343647781618,0.15003667935313234,0.01504637228166502,,
DTLZ1,MEAMT,3,7,30,1.1668343647781618,0.15003667935313234,0.01504637228166502,,
DPF2,NSGA2deap,5,24,1,0.4202873228899537,0.0011198306341320026,0.030243711795557682,,
DPF2,NSGA2deap,5,24,2,0.42027050178833963,0.0011080593037445573,0.03154555396327474,,
DPF2,NSGA2deap,5,24,3,0.42028389006308,0.001141056762398935,0.029419924266301366,,
DPF2,NSGA2deap,5,24,4,0.4203879652128142,0.0011293259727280457,0.030174265081417,,
DPF2,NSGA2deap,5,24,5,0.4202687094593967,0.001110762949605481,0.026648675243350906,,
DPF2,NSGA2deap,5,24,6,0.42029424223355033,0.0011208485021057036,0.02784929136738624,,
DPF2,NSGA2deap,5,24,7,0.4201943571794966,0.00118856468151677,0.029641405932202346,,
DPF2,NSGA2deap,5,24,8,0.42028386234936665,0.0010436995398756597,0.031360117196398744,,
DPF2,NSGA2deap,5,24,9,0.42026128143034686,0.001135698910988265,0.025754076780964894,,
DPF2,NSGA2deap,5,24,10,0.4202146456863437,0.0011455913582804934,0.027267383929220214,,
DPF2,NSGA2deap,5,24,11,0.4202978252265249,0.0010466608460483306,0.0305053916015421,,
DPF2,NSGA2deap,5,24,12,0.42025505775163197,0.0011659844200776228,0.029203400779176162,,
DPF2,NSGA2deap,5,24,13,0.42017261842011455,0.0011413055286723373,0.032807905529643265,,
DPF2,NSGA2deap,5,24,14,0.42029169288020385,0.0011503433147523002,0.03348307162961991,,
DPF2,NSGA2deap,5,24,15,0.4203500767655115,0.00112094997708977,0.028830189709970946,,
DPF2,NSGA2deap,5,24,16,0.4202858323692973,0.0011419074625119415,0.027697843124610034,,
DPF2,NSGA2deap,5,24,17,0.42024812238157305,0.0011709073283545696,0.031991124331495396,,
DPF2,NSGA2deap,5,24,18,0.4202812073878872,0.0010382101923490305,0.02873381809731286,,
DPF2,NSGA2deap,5,24,19,0.42021031705886214,0.0011562727113647434,0.02859363443009288,,
DPF2,NSGA2deap,5,24,20,0.42027563791255806,0.0011535112664782692,0.028601893562645798,,
DPF2,NSGA2deap,5,24,21,0.4202116999119503,0.0011081096607002652,0.031764589208825515,,
DPF2,NSGA2deap,5,24,22,0.4202678929623314,0.0012054321080051285,0.0293938880361429,,
DPF2,NSGA2deap,5,24,23,0.4201243647604972,0.0012114848680259333,0.03002393276918741,,
DPF2,NSGA2deap,5,24,24,0.4202012326934833,0.0012887626036926665,0.02818227996886186,,
DPF2,NSGA2deap,5,24,25,0.42023180638912033,0.00114772751872323,0.0301184368960272,,
DPF2,NSGA2deap,5,24,26,0.4203945359422976,0.001114875166840878,0.027649623303554288,,
DPF2,NSGA2deap,5,24,27,0.4202876772148062,0.0010606503703540742,0.026300669785977532,,
DPF2,NSGA2deap,5,24,28,0.4202304085140326,0.0012043220888911484,0.02635643835740399,,
DPF2,NSGA2deap,5,24,29,0.42012633457190657,0.0011988339802828933,0.027693348983598307,,
DPF2,NSGA2deap,5,24,30,0.42026047732691524,0.0010843091123924294,0.031058401101911805,,
DPF2,NSGA3,5,24,1,0.3577394165690988,0.06638024172205896,2.1056510868787153,,
DPF2,NSGA3,5,24,2,0.35721600867811043,0.06716000696708666,2.080591541679071,,
DPF2,NSGA3,5,24,3,0.35719186409524006,0.0671640071563817,2.0741043157826513,,
DPF2,NSGA3,5,24,4,0.3577185646819019,0.06663884679454282,2.098241655938912,,
DPF2,NSGA3,5,24,5,0.35969832574062055,0.06562865213303759,1.23303551322154,,
DPF2,NSGA3,5,24,6,0.3602582847796669,0.06491539791839127,1.2094538338596408,,
DPF2,NSGA3,5,24,7,0.35985756638043753,0.06531031511520888,1.2427915359067632,,
DPF2,NSGA3,5,24,8,0.356854366481016,0.06725124844527307,2.07737044600194,,
DPF2,NSGA3,5,24,9,0.36051439271669894,0.06449962955492457,1.221147885246364,,
DPF2,NSGA3,5,24,10,0.3583851111189542,0.06546808261622841,2.0774616975622004,,
DPF2,NSGA3,5,24,11,0.35979749483302115,0.06557907682128546,1.2394134147423548,,
DPF2,NSGA3,5,24,12,0.3615918397892264,0.06324553611104901,1.3362881649037985,,
DPF2,NSGA3,5,24,13,0.35992121022550183,0.06525862290817616,1.2749707881440107,,
DPF2,NSGA3,5,24,14,0.36162167360078,0.0633914964927073,1.2942699694917004,,
DPF2,NSGA3,5,24,15,0.35699716728502606,0.06751005438146342,2.0765074168673614,,
DPF2,NSGA3,5,24,16,0.3572955466971228,0.0670354631895128,2.0883296940920353,,
DPF2,NSGA3,5,24,17,0.35760977712727504,0.0664078648903454,2.0838942793403534,,
DPF2,NSGA3,5,24,18,0.36134652417870416,0.06331347215732148,1.3058225308764204,,
DPF2,NSGA3,5,24,19,0.35678975048398875,0.06814514157579164,2.105618094364277,,
DPF2,NSGA3,5,24,20,0.35755156056855597,0.06660637010682102,2.077156071892524,,
DPF2,NSGA3,5,24,21,0.3573269905971994,0.06688565497476959,2.0789420569699115,,
DPF2,NSGA3,5,24,22,0.35746631309013166,0.0667811296728568,2.071968580659777,,
DPF2,NSGA3,5,24,23,0.3642445900923468,0.060233122057458406,1.3830859707413201,,
DPF2,NSGA3,5,24,24,0.3623886527589928,0.062087215929146476,1.1953855456400873,,
DPF2,NSGA3,5,24,25,0.35776859263259064,0.06647816190755108,2.1125394545529277,,
DPF2,NSGA3,5,24,26,0.35769153730815884,0.06641251308144785,2.076735392308403,,
DPF2,NSGA3,5,24,27,0.3575687179307243,0.06652036417068816,2.0816550639440417,,
DPF2,NSGA3,5,24,28,0.3571240701970053,0.06714686969951236,2.0774704640112507,,
DPF2,NSGA3,5,24,29,0.3577074383175378,0.06660449883345236,2.0970951871411883,,
DPF2,NSGA3,5,24,30,0.3568851805449831,0.06765518153272326,2.092135959092137,,
DPF2,MOEAD,5,24,1,0.20366651706551592,0.47286183545906685,0.003147345447306808,,
DPF2,MOEAD,5,24,2,0.2640118925445333,0.42952060578288564,0.042507461778917184,,
DPF2,MOEAD,5,24,3,0.2639271975267752,0.4295872772455066,0.04243922151360091,,
DPF2,MOEAD,5,24,4,0.2638937964635487,0.4296143340193534,0.04246234811888298,,
DPF2,MOEAD,5,24,5,0.26401102935070503,0.4295204404654648,0.04253393100293762,,
DPF2,MOEAD,5,24,6,0.26394644475488704,0.4295719520651076,0.04238948262734841,,
DPF2,MOEAD,5,24,7,0.2639013311934088,0.4296078993171187,0.042476633199666484,,
DPF2,MOEAD,5,24,8,0.26396195080852386,0.42956006525428625,0.042402481184984596,,
DPF2,MOEAD,5,24,9,0.26327410267357504,0.430106351769172,0.04169017643221028,,
DPF2,MOEAD,5,24,10,0.2640050556270824,0.42952643542594154,0.04249453702524415,,
DPF2,MOEAD,5,24,11,0.26396690474450774,0.42955588012362306,0.04241226249751999,,
DPF2,MOEAD,5,24,12,0.2638565309748842,0.42964339771520604,0.04236407315397907,,
DPF2,MOEAD,5,24,13,0.2640104429030354,0.4295204702778259,0.04248082069802742,,
DPF2,MOEAD,5,24,14,0.26394738375936555,0.4295713231220035,0.042395678011877394,,
DPF2,MOEAD,5,24,15,0.26341350413770087,0.4299950216931661,0.04198156025248113,,
DPF2,MOEAD,5,24,16,0.26401037242827835,0.4295215545041913,0.0424521289212502,,
DPF2,MOEAD,5,24,17,0.26376166881095664,0.42971813048095714,0.042340587515767254,,
DPF2,MOEAD,5,24,18,0.26369899774641214,0.42976902077130075,0.0421320666807094,,
DPF2,MOEAD,5,24,19,0.2637996054430313,0.4296886978339394,0.04229978472558805,,
DPF2,MOEAD,5,24,20,0.26391399216155564,0.42959841233776724,0.04242202599820878,,
DPF2,MOEAD,5,24,21,0.26398510884687804,0.4295415421119824,0.042497601190402724,,
DPF2,MOEAD,5,24,22,0.2638187295773139,0.4296727210455505,0.042346425902550555,,
DPF2,MOEAD,5,24,23,0.26400638702279106,0.4295237936870978,0.04254242089119444,,
DPF2,MOEAD,5,24,24,0.26386527710134094,0.42963716417757936,0.04229040233103019,,
DPF2,MOEAD,5,24,25,0.2639534035454331,0.4295667880787991,0.04247833764752909,,
DPF2,MOEAD,5,24,26,0.2633962305553904,0.4300093215240054,0.04194579689174385,,
DPF2,MOEAD,5,24,27,0.26393706306215325,0.4295793696774911,0.042390413354041,,
DPF2,MOEAD,5,24,28,0.26395040453022434,0.4295690804202366,0.04246627734176871,,
DPF2,MOEAD,5,24,29,0.26383152135152316,0.4296634866417435,0.04232685844508062,,
DPF2,MOEAD,5,24,30,0.26396037292379987,0.42956098036103096,0.04240847673099267,,
DPF2,MEAMT-ENXUTO,5,24,1,0.32615314810711465,0.1714338576489402,0.09923666328844737,,
DPF2,MEAMT-ENXUTO,5,24,2,0.32965667030052026,0.15198409403662838,0.24697238167598914,,
DPF2,MEAMT-ENXUTO,5,24,3,0.3332614021688405,0.1634166172098462,0.22792151016866427,,
DPF2,MEAMT-ENXUTO,5,24,4,0.29106269997275286,0.1633052247875353,0.11745244209964728,,
DPF2,MEAMT-ENXUTO,5,24,5,0.34133035216585506,0.14738101255533514,0.20398527499833435,,
DPF2,MEAMT-ENXUTO,5,24,6,0.3688482307081804,0.051709058023963944,0.2502386681490758,,
DPF2,MEAMT-ENXUTO,5,24,7,0.3180700164378799,0.1654702316856229,0.16922383741051858,,
DPF2,MEAMT-ENXUTO,5,24,8,0.3177292621900299,0.1450847924686935,0.21598666721991597,,
DPF2,MEAMT-ENXUTO,5,24,9,0.2898863178076888,0.18449241588826426,0.22787856585188662,,
DPF2,MEAMT-ENXUTO,5,24,10,0.2924956292210323,0.1780055678005205,0.46343146246201206,,
DPF2,MEAMT-ENXUTO,5,24,11,0.3498484615878774,0.07610145130321436,0.23331047940412758,,
DPF2,MEAMT-ENXUTO,5,24,12,0.345675362062721,0.11831509347354535,0.19343203658852376,,
DPF2,MEAMT-ENXUTO,5,24,13,0.3282489449590707,0.1677383265566925,0.1636370761698515,,
DPF2,MEAMT-ENXUTO,5,24,14,0.332599284186111,0.1582474549025434,0.17249361634920882,,
DPF2,MEAMT-ENXUTO,5,24,15,0.3345102056487025,0.16361673607131616,0.2058618375527404,,
DPF2,MEAMT-ENXUTO,5,24,16,0.3098915079696277,0.17202664605496235,0.20888924412947082,,
DPF2,MEAMT-ENXUTO,5,24,17,0.3339674684169105,0.16754537611128453,0.08605338215593268,,
DPF2,MEAMT-ENXUTO,5,24,18,0.3089163440807341,0.1771742688487638,0.04423348632082883,,
DPF2,MEAMT-ENXUTO,5,24,19,0.3196955400749447,0.16857769454625904,0.3767728042689458,,
DPF2,MEAMT-ENXUTO,5,24,20,0.31553823985157803,0.16623048222110215,0.23552180167408807,,
DPF2,MEAMT-ENXUTO,5,24,21,0.34005602490776393,0.15774107312134952,0.12760377963018732,,
DPF2,MEAMT-ENXUTO,5,24,22,0.32585635956416625,0.16386296042817883,0.10551770525710157,,
DPF2,MEAMT-ENXUTO,5,24,23,0.30104232491664196,0.1704949083940017,0.05879941707496727,,
DPF2,MEAMT-ENXUTO,5,24,24,0.3420708430926721,0.15186276876599425,0.17400755656417935,,
DPF2,MEAMT-ENXUTO,5,24,25,0.33770364230867056,0.10333342748102815,0.18600756446905317,,
DPF2,MEAMT-ENXUTO,5,24,26,0.33344041946974545,0.14574996007931124,0.21138026123114714,,
DPF2,MEAMT-ENXUTO,5,24,27,0.3406752102171065,0.15340950156999808,0.08555975282351613,,
DPF2,MEAMT-ENXUTO,5,24,28,0.37549909443579416,0.045214255025774426,0.16762272509863013,,
DPF2,MEAMT-ENXUTO,5,24,29,0.3431811701728432,0.1486958366807031,0.14818102065184247,,
DPF2,MEAMT-ENXUTO,5,24,30,0.3394570692102866,0.14313721823834616,0.09782122436881298,,
DPF2,MEAMT,5,24,1,0.32812505187881547,0.13777378405507967,0.11702995211185861,,
DPF2,MEAMT,5,24,2,0.32812505187881547,0.13777378405507967,0.11702995211185861,,
DPF2,MEAMT,5,24,3,0.32812505187881547,0.13777378405507967,0.11702995211185861,,
DPF2,MEAMT,5,24,4,0.32812505187881547,0.13777378405507967,0.11702995211185861,,
DPF2,MEAMT,5,24,5,0.32812505187881547,0.13777378405507967,0.11702995211185861,,
DPF2,MEAMT,5,24,6,0.32812505187881547,0.13777378405507967,0.11702995211185861,,
DPF2,MEAMT,5,24,7,0.32812505187881547,0.13777378405507967,0.11702995211185861,,
DPF2,MEAMT,5,24,8,0.32812505187881547,0.13777378405507967,0.11702995211185861,,
DPF2,MEAMT,5,24,9,0.32812505187881547,0.13777378405507967,0.11702995211185861,,
DPF2,MEAMT,5,24,10,0.32812505187881547,0.13777378405507967,0.11702995211185861,,
DPF2,MEAMT,5,24,11,0.32812505187881547,0.13777378405507967,0.11702995211185861,,
DPF2,MEAMT,5,24,12,0.32812505187881547,0.13777378405507967,0.11702995211185861,,
DPF2,MEAMT,5,24,13,0.32812505187881547,0.13777378405507967,0.11702995211185861,,
DPF2,MEAMT,5,24,14,0.32812505187881547,0.13777378405507967,0.11702995211185861,,
DPF2,MEAMT,5,24,15,0.32812505187881547,0.13777378405507967,0.11702995211185861,,
DPF2,MEAMT,5,24,16,0.32812505187881547,0.13777378405507967,0.11702995211185861,,
DPF2,MEAMT,5,24,17,0.32812505187881547,0.13777378405507967,0.11702995211185861,,
DPF2,MEAMT,5,24,18,0.32812505187881547,0.13777378405507967,0.11702995211185861,,
DPF2,MEAMT,5,24,19,0.32812505187881547,0.13777378405507967,0.11702995211185861,,
DPF2,MEAMT,5,24,20,0.32812505187881547,0.13777378405507967,0.11702995211185861,,
DPF2,MEAMT,5,24,21,0.32812505187881547,0.13777378405507967,0.11702995211185861,,
DPF2,MEAMT,5,24,22,0.32812505187881547,0.13777378405507967,0.11702995211185861,,
DPF2,MEAMT,5,24,23,0.32812505187881547,0.13777378405507967,0.11702995211185861,,
DPF2,MEAMT,5,24,24,0.32812505187881547,0.13777378405507967,0.11702995211185861,,
DPF2,MEAMT,5,24,25,0.32812505187881547,0.13777378405507967,0.11702995211185861,,
DPF2,MEAMT,5,24,26,0.32812505187881547,0.13777378405507967,0.11702995211185861,,
DPF2,MEAMT,5,24,27,0.32812505187881547,0.13777378405507967,0.11702995211185861,,
DPF2,MEAMT,5,24,28,0.32812505187881547,0.13777378405507967,0.11702995211185861,,
DPF2,MEAMT,5,24,29,0.32812505187881547,0.13777378405507967,0.11702995211185861,,
DPF2,MEAMT,5,24,30,0.32812505187881547,0.13777378405507967,0.11702995211185861,,
DPF1,NSGA3,7,26,1,,0.0,0.0,,
DPF1,NSGA3,7,26,2,,0.0,0.0,,
DPF1,NSGA3,7,26,3,,0.0,0.0,,
DPF1,NSGA3,7,26,4,,0.0,0.0,,
DPF1,NSGA3,7,26,5,,0.0,0.0,,
DPF1,NSGA3,7,26,6,,0.0,0.0,,
DPF1,NSGA3,7,26,7,,0.0,0.0,,
DPF1,NSGA3,7,26,8,,0.0,0.0,,
DPF1,NSGA3,7,26,9,,0.0,0.0,,
DPF1,NSGA3,7,26,10,,0.0,0.0,,
DPF1,NSGA3,7,26,11,,0.0,0.0,,
DPF1,NSGA3,7,26,12,,0.0,0.0,,
DPF1,NSGA3,7,26,13,,0.0,0.0,,
DPF1,NSGA3,7,26,14,,0.0,0.0,,
DPF1,NSGA3,7,26,15,,0.0,0.0,,
DPF1,NSGA3,7,26,16,,0.0,0.0,,
DPF1,NSGA3,7,26,17,,0.0,0.0,,
DPF1,NSGA3,7,26,18,,0.0,0.0,,
DPF1,NSGA3,7,26,19,,0.0,0.0,,
DPF1,NSGA3,7,26,20,,0.0,0.0,,
DPF1,NSGA3,7,26,21,,0.0,0.0,,
DPF1,NSGA3,7,26,22,,0.0,0.0,,
DPF1,NSGA3,7,26,23,,0.0,0.0,,
DPF1,NSGA3,7,26,24,,0.0,0.0,,
DPF1,NSGA3,7,26,25,,0.0,0.0,,
DPF1,NSGA3,7,26,26,,0.0,0.0,,
DPF1,NSGA3,7,26,27,,0.0,0.0,,
DPF1,NSGA3,7,26,28,,0.0,0.0,,
DPF1,NSGA3,7,26,29,,0.0,0.0,,
DPF1,NSGA3,7,26,30,,0.0,0.0,,
DPF1,MEAMT-ENXUTO,7,26,1,0.11949533257200008,0.11090692696753272,0.01852257704155021,,
DPF1,MEAMT-ENXUTO,7,26,2,0.11811174343100007,0.11090692696753272,0.01852257704155021,,
DPF1,MEAMT-ENXUTO,7,26,3,0.1198655888210001,0.11090692696753272,0.01852257704155021,,
DPF1,MEAMT-ENXUTO,7,26,4,0.11861840987700009,0.11090692696753272,0.01852257704155021,,
DPF1,MEAMT-ENXUTO,7,26,5,0.1223209723670001,0.11090692696753272,0.01852257704155021,,
DPF1,MEAMT-ENXUTO,7,26,6,0.12150251118500009,0.11090692696753272,0.01852257704155021,,
DPF1,MEAMT-ENXUTO,7,26,7,0.11951481974300009,0.11090692696753272,0.01852257704155021,,
DPF1,MEAMT-ENXUTO,7,26,8,0.11902764046800009,0.11090692696753272,0.01852257704155021,,
DPF1,MEAMT-ENXUTO,7,26,9,0.1216389213820001,0.11090692696753272,0.01852257704155021,,
DPF1,MEAMT-ENXUTO,7,26,10,0.11974866579500008,0.11090692696753272,0.01852257704155021,,
DPF1,MEAMT-ENXUTO,7,26,11,0.12362661282400009,0.11090692696753272,0.01852257704155021,,
DPF1,MEAMT-ENXUTO,7,26,12,0.11949533257200008,0.11090692696753272,0.01852257704155021,,
DPF1,MEAMT-ENXUTO,7,26,13,0.12070353717400009,0.11090692696753272,0.01852257704155021,,
DPF1,MEAMT-ENXUTO,7,26,14,0.1217558444080001,0.11090692696753272,0.01852257704155021,,
DPF1,MEAMT-ENXUTO,7,26,15,0.12070353717400009,0.11090692696753272,0.01852257704155021,,
DPF1,MEAMT-ENXUTO,7,26,16,0.12064507566100009,0.11090692696753272,0.01852257704155021,,
DPF1,MEAMT-ENXUTO,7,26,17,0.12124917796200009,0.11090692696753272,0.01852257704155021,,
DPF1,MEAMT-ENXUTO,7,26,18,0.11930046086200008,0.11090692696753272,0.01852257704155021,,
DPF1,MEAMT-ENXUTO,7,26,19,0.1181507177730001,0.11090692696753272,0.01852257704155021,,
DPF1,MEAMT-ENXUTO,7,26,20,0.12200917763100008,0.11090692696753272,0.01852257704155021,,
DPF1,MEAMT-ENXUTO,7,26,21,0.12159994704000009,0.11090692696753272,0.01852257704155021,,
DPF1,MEAMT-ENXUTO,7,26,22,0.1198655888210001,0.11090692696753272,0.01852257704155021,,
DPF1,MEAMT-ENXUTO,7,26,23,0.12352917696900009,0.11090692696753272,0.01852257704155021,,
DPF1,MEAMT-ENXUTO,7,26,24,0.12150251118500009,0.11090692696753272,0.01852257704155021,,
DPF1,MEAMT-ENXUTO,7,26,25,0.11756610264300009,0.11090692696753272,0.01852257704155021,,
DPF1,MEAMT-ENXUTO,7,26,26,0.12058661414800008,0.11090692696753272,0.01852257704155021,,
DPF1,MEAMT-ENXUTO,7,26,27,0.11916405066500009,0.11090692696753272,0.01852257704155021,,
DPF1,MEAMT-ENXUTO,7,26,28,0.12027481941200008,0.11090692696753272,0.01852257704155021,,
DPF1,MEAMT-ENXUTO,7,26,29,0.1221845621700001,0.11090692696753272,0.01852257704155021,,
DPF1,MEAMT-ENXUTO,7,26,30,0.12257430559000008,0.11090692696753272,0.01852257704155021,,
DPF1,NSGA2deap,7,26,1,0.18434863766000015,0.01784201794078613,0.0026231693666603764,,
DPF1,NSGA2deap,7,26,2,0.18152299786500012,0.02334985534909516,0.0028473933850584558,,
DPF1,NSGA2deap,7,26,3,0.17298761696700013,0.04820489829767888,0.0028369019411746436,,
DPF1,NSGA2deap,7,26,4,0.18185427977200014,0.029653191447174293,0.0024558296414145917,,
DPF1,NSGA2deap,7,26,5,0.17088300249900013,0.059804490835114334,0.0027072480157083424,,
DPF1,NSGA2deap,7,26,6,0.18045120346000013,0.03336840625459601,0.002471734945504013,,
DPF1,NSGA2deap,7,26,7,0.17388402683300014,0.04990616285717628,0.002645340389371078,,
DPF1,NSGA2deap,7,26,8,0.1795158192520001,0.03250652278581893,0.002617583523400153,,
DPF1,NSGA2deap,7,26,9,0.18319889457100014,0.017912538617482782,0.002837472272260956,,
DPF1,NSGA2deap,7,26,10,0.18181530543000013,0.02184603586655831,0.00259664045483418,,
DPF1,NSGA2deap,7,26,11,0.17953530642300014,0.02841604902714054,0.0029622146893452713,,
DPF1,NSGA2deap,7,26,12,0.17826864030800013,0.029887612380112217,0.0024364172681077332,,
DPF1,NSGA2deap,7,26,13,0.18039274194700014,0.03842209340732302,0.0026358490834417683,,
DPF1,NSGA2deap,7,26,14,0.1778204353750001,0.03401822620715274,0.0027965233489730752,,
DPF1,NSGA2deap,7,26,15,0.17994453701400015,0.023852054902212396,0.002839785246114273,,
DPF1,NSGA2deap,7,26,16,0.18243889490200013,0.0299923462827452,0.00288999101384404,,
DPF1,NSGA2deap,7,26,17,0.17285120677000013,0.05162383491971993,0.002949413915501923,,
DPF1,NSGA2deap,7,26,18,0.18275068963800015,0.01875440943297594,0.0029145983913438523,,
DPF1,NSGA2deap,7,26,19,0.17914556300300014,0.028579735722414592,0.0027001741012233653,,
DPF1,NSGA2deap,7,26,20,0.17824915313700013,0.039452456770809864,0.002642568744797694,,
DPF1,NSGA2deap,7,26,21,0.15932711009600012,0.11186684619864623,0.0024639980193019,,
DPF1,NSGA2deap,7,26,22,0.17218864295600012,0.05948310621697891,0.002732554060164038,,
DPF1,NSGA2deap,7,26,23,0.18029530609200015,0.024732077248906748,0.002658125801355308,,
DPF1,NSGA2deap,7,26,24,0.17394248834600015,0.041697985306191926,0.002654076732923822,,
DPF1,NSGA2deap,7,26,25,0.18247786924400014,0.0188028997291981,0.002902139467424482,,
DPF1,NSGA2deap,7,26,26,0.18666761100900015,0.012333941402575193,0.002720057188667356,,
DPF1,NSGA2deap,7,26,27,0.17988607550100014,0.025649707171257898,0.002735673695281618,,
DPF1,NSGA2deap,7,26,28,0.17450761630500014,0.05726746838086012,0.002810906639408003,,
DPF1,NSGA2deap,7,26,29,0.17616402584000013,0.04309161034757399,0.0026549469788029693,,
DPF1,NSGA2deap,7,26,30,0.18167889523300013,0.02462595378590369,0.002659658769377494,,
DPF1,MEAMT,7,26,1,0.13613737660600012,0.09982838604241329,0.012744081236288798,,
DPF1,MEAMT,7,26,2,0.1337599417440001,0.09982838604241329,0.012744081236288798,,
DPF1,MEAMT,7,26,3,0.1349291720040001,0.09982838604241329,0.012744081236288798,,
DPF1,MEAMT,7,26,4,0.1384563499550001,0.09982838604241329,0.012744081236288798,,
DPF1,MEAMT,7,26,5,0.13467583878100012,0.09982838604241329,0.012744081236288798,,
DPF1,MEAMT,7,26,6,0.13660506871000008,0.09982838604241329,0.012744081236288798,,
DPF1,MEAMT,7,26,7,0.1349096848330001,0.09982838604241329,0.012744081236288798,,
DPF1,MEAMT,7,26,8,0.13613737660600012,0.09982838604241329,0.012744081236288798,,
DPF1,MEAMT,7,26,9,0.1339743006250001,0.09982838604241329,0.012744081236288798,,
DPF1,MEAMT,7,26,10,0.13611788943500008,0.09982838604241329,0.012744081236288798,,
DPF1,MEAMT,7,26,11,0.1353384025950001,0.09982838604241329,0.012744081236288798,,
DPF1,MEAMT,7,26,12,0.13570865884400007,0.09982838604241329,0.012744081236288798,,
DPF1,MEAMT,7,26,13,0.1314994299080001,0.09982838604241329,0.012744081236288798,,
DPF1,MEAMT,7,26,14,0.1340912236510001,0.09982838604241329,0.012744081236288798,,
DPF1,MEAMT,7,26,15,0.1322204552350001,0.09982838604241329,0.012744081236288798,,
DPF1,MEAMT,7,26,16,0.13681942759100008,0.09982838604241329,0.012744081236288798,,
DPF1,MEAMT,7,26,17,0.1362348124610001,0.09982838604241329,0.012744081236288798,,
DPF1,MEAMT,7,26,18,0.1357281460150001,0.09982838604241329,0.012744081236288798,,
DPF1,MEAMT,7,26,19,0.13370148023100012,0.09982838604241329,0.012744081236288798,,
DPF1,MEAMT,7,26,20,0.13983993909600012,0.09982838604241329,0.012744081236288798,,
DPF1,MEAMT,7,26,21,0.1384953242970001,0.09982838604241329,0.012744081236288798,,
DPF1,MEAMT,7,26,22,0.1347927618070001,0.09982838604241329,0.012744081236288798,,
DPF1,MEAMT,7,26,23,0.1356112229890001,0.09982838604241329,0.012744081236288798,,
DPF1,MEAMT,7,26,24,0.1361568637770001,0.09982838604241329,0.012744081236288798,,
DPF1,MEAMT,7,26,25,0.13481224897800012,0.09982838604241329,0.012744081236288798,,
DPF1,MEAMT,7,26,26,0.13676096607800012,0.09982838604241329,0.012744081236288798,,
DPF1,MEAMT,7,26,27,0.1375014785760001,0.09982838604241329,0.012744081236288798,,
DPF1,MEAMT,7,26,28,0.13432506970300012,0.09982838604241329,0.012744081236288798,,
DPF1,MEAMT,7,26,29,0.1353189154240001,0.09982838604241329,0.012744081236288798,,
DPF1,MEAMT,7,26,30,0.1357476331860001,0.09982838604241329,0.012744081236288798,,
DPF1,MOEAD,7,26,1,,0.0,0.0,,
DPF1,MOEAD,7,26,2,,0.0,0.0,,
DPF1,MOEAD,7,26,3,,0.0,0.0,,
DPF1,MOEAD,7,26,4,,0.0,0.0,,
DPF1,MOEAD,7,26,5,,0.0,0.0,,
DPF1,MOEAD,7,26,6,,0.0,0.0,,
DPF1,MOEAD,7,26,7,,0.0,0.0,,
DPF1,MOEAD,7,26,8,,0.0,0.0,,
DPF1,MOEAD,7,26,9,,0.0,0.0,,
DPF1,MOEAD,7,26,10,,0.0,0.0,,
DPF1,MOEAD,7,26,11,,0.0,0.0,,
DPF1,MOEAD,7,26,12,,0.0,0.0,,
DPF1,MOEAD,7,26,13,,0.0,0.0,,
DPF1,MOEAD,7,26,14,,0.0,0.0,,
DPF1,MOEAD,7,26,15,,0.0,0.0,,
DPF1,MOEAD,7,26,16,,0.0,0.0,,
DPF1,MOEAD,7,26,17,,0.0,0.0,,
DPF1,MOEAD,7,26,18,,0.0,0.0,,
DPF1,MOEAD,7,26,19,,0.0,0.0,,
DPF1,MOEAD,7,26,20,,0.0,0.0,,
DPF1,MOEAD,7,26,21,,0.0,0.0,,
DPF1,MOEAD,7,26,22,,0.0,0.0,,
DPF1,MOEAD,7,26,23,,0.0,0.0,,
DPF1,MOEAD,7,26,24,,0.0,0.0,,
DPF1,MOEAD,7,26,25,,0.0,0.0,,
DPF1,MOEAD,7,26,26,,0.0,0.0,,
DPF1,MOEAD,7,26,27,,0.0,0.0,,
DPF1,MOEAD,7,26,28,,0.0,0.0,,
DPF1,MOEAD,7,26,29,,0.0,0.0,,
DPF1,MOEAD,7,26,30,,0.0,0.0,,
DTLZ3,NSGA3,3,12,1,1.1646266475185652,0.012316867565619633,0.02915541956992042,,
DTLZ3,NSGA3,3,12,2,1.1646341555489923,0.012300805895876852,0.028886562396710974,,
DTLZ3,NSGA3,3,12,3,0.17645073566938396,1.110150760944498,0.02080554592500706,,
DTLZ3,NSGA3,3,12,4,1.1646599959668138,0.012283274844822226,0.029239271573088633,,
DTLZ3,NSGA3,3,12,5,1.1646597972062946,0.012284440315666544,0.029258012661720487,,
DTLZ3,NSGA3,3,12,6,1.1646591240463415,0.012286789383938939,0.029275878437707462,,
DTLZ3,NSGA3,3,12,7,1.1646599990395021,0.01228472428607345,0.029243848586873587,,
DTLZ3,NSGA3,3,12,8,1.1645931208978797,0.01232836897320596,0.02865144805839728,,
DTLZ3,NSGA3,3,12,9,1.1646490763972843,0.012302174299290064,0.02926851702822128,,
DTLZ3,NSGA3,3,12,10,1.1646584435595306,0.012284169971539196,0.029224263064820545,,
DTLZ3,NSGA3,3,12,11,0.17643903239490974,1.1101402336103332,0.020806929434718246,,
DTLZ3,NSGA3,3,12,12,1.1645562274273176,0.01244827349544868,0.029192730132851494,,
DTLZ3,NSGA3,3,12,13,1.1646588934955686,0.01228939757340266,0.02925207799244996,,
DTLZ3,NSGA3,3,12,14,1.1646481265624598,0.01228703317430438,0.02908687124461099,,
DTLZ3,NSGA3,3,12,15,1.1646529001389752,0.012286681122539948,0.029323653756949997,,
DTLZ3,NSGA3,3,12,16,1.164656610960042,0.012288509154968576,0.02925442984006866,,
DTLZ3,NSGA3,3,12,17,1.1645858845135373,0.012404996326592808,0.02926309149353775,,
DTLZ3,NSGA3,3,12,18,0.17424033233199362,1.10735314988961,0.025446757162455723,,
DTLZ3,NSGA3,3,12,19,1.1646544024024057,0.012298327075364256,0.029243722060689478,,
DTLZ3,NSGA3,3,12,20,1.160207079991224,0.01944582168473634,0.0303839461098262,,
DTLZ3,NSGA3,3,12,21,1.1644689727273088,0.012589288314725373,0.029259168923263724,,
DTLZ3,NSGA3,3,12,22,1.1642103111684146,0.013018070568142512,0.02928381096637378,,
DTLZ3,NSGA3,3,12,23,1.1645475104992804,0.012466221654429788,0.02927306130504842,,
DTLZ3,NSGA3,3,12,24,1.1646565133207685,0.012287611263782798,0.029240277545918274,,
DTLZ3,NSGA3,3,12,25,1.164658994576302,0.01229082860632449,0.02927844775768511,,
DTLZ3,NSGA3,3,12,26,1.1644004293586194,0.012656395866737169,0.028679284660692087,,
DTLZ3,NSGA3,3,12,27,1.1632827540382933,0.014515777044851073,0.029325354207124,,
DTLZ3,NSGA3,3,12,28,1.1646531263159559,0.012299994881779635,0.029279461311446636,,
DTLZ3,NSGA3,3,12,29,1.164659166962204,0.012296012916856204,0.029276906177328275,,
DTLZ3,NSGA3,3,12,30,1.1646141356980113,0.012389445495809157,0.029318596125344747,,
DTLZ3,MEAMT-ENXUTO,3,12,1,0.9491050411942139,0.11353432927986709,0.04343322513741525,,
DTLZ3,MEAMT-ENXUTO,3,12,2,0.9569466948252987,0.1373424780592231,0.04393358534975824,,
DTLZ3,MEAMT-ENXUTO,3,12,3,0.9131891583114125,0.16430404492330986,0.016170071978518483,,
DTLZ3,MEAMT-ENXUTO,3,12,4,0.9837153590245343,0.11679807646828122,0.027950890413815446,,
DTLZ3,MEAMT-ENXUTO,3,12,5,1.0310467709016504,0.10121783589168133,0.09868255241707524,,
DTLZ3,MEAMT-ENXUTO,3,12,6,0.9835193508601907,0.1322686993446284,0.08529774409918675,,
DTLZ3,MEAMT-ENXUTO,3,12,7,0.8959125413305675,0.15449374249388417,0.019219066174535247,,
DTLZ3,MEAMT-ENXUTO,3,12,8,0.795341254952846,0.17369343957328623,0.044736243342238725,,
DTLZ3,MEAMT-ENXUTO,3,12,9,0.9501293253184229,0.14021532708444304,0.03975234962841754,,
DTLZ3,MEAMT-ENXUTO,3,12,10,0.9481893543659622,0.13594118099710445,0.03397869434378579,,
DTLZ3,MEAMT-ENXUTO,3,12,11,0.7789264635566036,0.20469759241942495,0.14096325567803783,,
DTLZ3,MEAMT-ENXUTO,3,12,12,1.040861176068935,0.05991073580909225,0.04006467552810933,,
DTLZ3,MEAMT-ENXUTO,3,12,13,0.615650561561403,0.28477179888210513,0.010455528865928468,,
DTLZ3,MEAMT-ENXUTO,3,12,14,0.926474051816325,0.16549097696927423,0.02059971788663046,,
DTLZ3,MEAMT-ENXUTO,3,12,15,0.9517499956048362,0.14001206883937614,0.03758292318743152,,
DTLZ3,MEAMT-ENXUTO,3,12,16,1.0115385681606641,0.12965789671710934,0.1322801083403088,,
DTLZ3,MEAMT-ENXUTO,3,12,17,0.6045856733600797,0.29535254898144586,0.008395815258061263,,
DTLZ3,MEAMT-ENXUTO,3,12,18,1.0831190432862896,0.07305658188594837,0.043537301580333074,,
DTLZ3,MEAMT-ENXUTO,3,12,19,1.0654622166346501,0.08251648233676351,0.03813076350209381,,
DTLZ3,MEAMT-ENXUTO,3,12,20,0.8837186275295492,0.18269157503562636,0.024035974604238668,,
DTLZ3,MEAMT-ENXUTO,3,12,21,0.9468598538733288,0.13962253907029754,0.030914944503068597,,
DTLZ3,MEAMT-ENXUTO,3,12,22,0.9340037640303867,0.15745098767400226,0.029275079721340413,,
DTLZ3,MEAMT-ENXUTO,3,12,23,0.9214323380634141,0.15134988697472637,0.027034003862144555,,
DTLZ3,MEAMT-ENXUTO,3,12,24,0.9662172797352999,0.12964658633296577,0.028909891308348073,,
DTLZ3,MEAMT-ENXUTO,3,12,25,1.066702796084149,0.08334890538986545,0.10948974208640003,,
DTLZ3,MEAMT-ENXUTO,3,12,26,0.9557354145490022,0.13434920671503486,0.014853352949529832,,
DTLZ3,MEAMT-ENXUTO,3,12,27,0.9733282869152342,0.11200793955768824,0.040479820278466326,,
DTLZ3,MEAMT-ENXUTO,3,12,28,0.6724897620150483,0.2449868234922345,0.024926333346929903,,
DTLZ3,MEAMT-ENXUTO,3,12,29,0.7695714815579923,0.19797015540986004,0.0683414155695135,,
DTLZ3,MEAMT-ENXUTO,3,12,30,1.1026923777456412,0.05107164549347681,0.03515359715949258,,
DTLZ3,MOEAD,3,12,1,1.1548065847787061,0.018046695302888074,0.04447019151510816,,
DTLZ3,MOEAD,3,12,2,1.1646002333242906,0.012337392594325385,0.02925361507259841,,
DTLZ3,MOEAD,3,12,3,1.1646113329187369,0.012350356845170354,0.029277968575267398,,
DTLZ3,MOEAD,3,12,4,1.1644794910396623,0.012295531326328931,0.02940770102502175,,
DTLZ3,MOEAD,3,12,5,1.1609091026387204,0.01841515351576126,0.029489072798218982,,
DTLZ3,MOEAD,3,12,6,1.1631554503205461,0.014701954586472875,0.02935596423933652,,
DTLZ3,MOEAD,3,12,7,1.164654966246993,0.012286370429261728,0.029262767332500245,,
DTLZ3,MOEAD,3,12,8,1.1645486756702135,0.012413744060995114,0.02928681231042891,,
DTLZ3,MOEAD,3,12,9,1.1497490513803337,0.03937698214881283,0.031469465068236044,,
DTLZ3,MOEAD,3,12,10,1.1646336471095875,0.012283344230208245,0.029295340292349713,,
DTLZ3,MOEAD,3,12,11,1.1645322131130036,0.012483460974478293,0.029264548874345677,,
DTLZ3,MOEAD,3,12,12,1.1646113016931818,0.012346283206902859,0.029274060968420213,,
DTLZ3,MOEAD,3,12,13,1.1646437047074896,0.012286470031248086,0.029269140531431898,,
DTLZ3,MOEAD,3,12,14,1.1601382291503746,0.015172811459886434,0.02896572590420803,,
DTLZ3,MOEAD,3,12,15,1.1645604173220716,0.01229771608936715,0.029270698601124374,,
DTLZ3,MOEAD,3,12,16,1.156236718340821,0.027657504093806864,0.030089504757349443,,
DTLZ3,MOEAD,3,12,17,1.1641585607126184,0.013082023395409332,0.029304126622972708,,
DTLZ3,MOEAD,3,12,18,1.1645709755034495,0.012349841584586452,0.029270586179551035,,
DTLZ3,MOEAD,3,12,19,,0.0,0.0,,
DTLZ3,MOEAD,3,12,20,1.1640564161182376,0.012908689557138028,0.029631632708859375,,
DTLZ3,MOEAD,3,12,21,1.1600208272297508,0.01988944585783487,0.029535700553947216,,
DTLZ3,MOEAD,3,12,22,1.1640903521643038,0.013179551267952073,0.02930361792349904,,
DTLZ3,MOEAD,3,12,23,1.1626131103927047,0.01558626394784378,0.029374682574178367,,
DTLZ3,MOEAD,3,12,24,1.1506574390467814,0.01480889146609497,0.03078225733610983,,
DTLZ3,MOEAD,3,12,25,1.1644524421359095,0.012605466866145384,0.02927231187606118,,
DTLZ3,MOEAD,3,12,26,1.164634279152543,0.012293140145741267,0.02927454429256263,,
DTLZ3,MOEAD,3,12,27,0.1760447547253163,1.1107993123932478,0.020695312851228,,
DTLZ3,MOEAD,3,12,28,1.164637115077599,0.012283948081913661,0.02923267704681171,,
DTLZ3,MOEAD,3,12,29,1.1543406660505147,0.029486432750713755,0.02986076445915216,,
DTLZ3,MOEAD,3,12,30,1.164648150521001,0.012287858640436767,0.029285032453755157,,
DTLZ3,MEAMT,3,12,1,0.8844769002792912,0.1915216035726922,0.011597789725954795,,
DTLZ3,MEAMT,3,12,2,0.8844769002792912,0.1915216035726922,0.011597789725954795,,
DTLZ3,MEAMT,3,12,3,0.8844769002792912,0.1915216035726922,0.011597789725954795,,
DTLZ3,MEAMT,3,12,4,0.8844769002792912,0.1915216035726922,0.011597789725954795,,
DTLZ3,MEAMT,3,12,5,0.8844769002792912,0.1915216035726922,0.011597789725954795,,
DTLZ3,MEAMT,3,12,6,0.8844769002792912,0.1915216035726922,0.011597789725954795,,
DTLZ3,MEAMT,3,12,7,0.8844769002792912,0.1915216035726922,0.011597789725954795,,
DTLZ3,MEAMT,3,12,8,0.8844769002792912,0.1915216035726922,0.011597789725954795,,
DTLZ3,MEAMT,3,12,9,0.8844769002792912,0.1915216035726922,0.011597789725954795,,
DTLZ3,MEAMT,3,12,10,0.8844769002792912,0.1915216035726922,0.011597789725954795,,
DTLZ3,MEAMT,3,12,11,0.8844769002792912,0.1915216035726922,0.011597789725954795,,
DTLZ3,MEAMT,3,12,12,0.8844769002792912,0.1915216035726922,0.011597789725954795,,
DTLZ3,MEAMT,3,12,13,0.8844769002792912,0.1915216035726922,0.011597789725954795,,
DTLZ3,MEAMT,3,12,14,0.8844769002792912,0.1915216035726922,0.011597789725954795,,
DTLZ3,MEAMT,3,12,15,0.8844769002792912,0.1915216035726922,0.011597789725954795,,
DTLZ3,MEAMT,3,12,16,0.8844769002792912,0.1915216035726922,0.011597789725954795,,
DTLZ3,MEAMT,3,12,17,0.8844769002792912,0.1915216035726922,0.011597789725954795,,
DTLZ3,MEAMT,3,12,18,0.8844769002792912,0.1915216035726922,0.011597789725954795,,
DTLZ3,MEAMT,3,12,19,0.8844769002792912,0.1915216035726922,0.011597789725954795,,
DTLZ3,MEAMT,3,12,20,0.8844769002792912,0.1915216035726922,0.011597789725954795,,
DTLZ3,MEAMT,3,12,21,0.8844769002792912,0.1915216035726922,0.011597789725954795,,
DTLZ3,MEAMT,3,12,22,0.8844769002792912,0.1915216035726922,0.011597789725954795,,
DTLZ3,MEAMT,3,12,23,0.8844769002792912,0.1915216035726922,0.011597789725954795,,
DTLZ3,MEAMT,3,12,24,0.8844769002792912,0.1915216035726922,0.011597789725954795,,
DTLZ3,MEAMT,3,12,25,0.8844769002792912,0.1915216035726922,0.011597789725954795,,
DTLZ3,MEAMT,3,12,26,0.8844769002792912,0.1915216035726922,0.011597789725954795,,
DTLZ3,MEAMT,3,12,27,0.8844769002792912,0.1915216035726922,0.011597789725954795,,
DTLZ3,MEAMT,3,12,28,0.8844769002792912,0.1915216035726922,0.011597789725954795,,
DTLZ3,MEAMT,3,12,29,0.8844769002792912,0.1915216035726922,0.011597789725954795,,
DTLZ3,MEAMT,3,12,30,0.8844769002792912,0.1915216035726922,0.011597789725954795,,
DTLZ3,NSGA2deap,3,12,1,1.1585395143354482,0.017392888104683122,0.032856673527426807,,
DTLZ3,NSGA2deap,3,12,2,1.1584254899968025,0.01749379706433457,0.03128310366037909,,
DTLZ3,NSGA2deap,3,12,3,1.1583618519990648,0.01758064665211015,0.032078001595433864,,
DTLZ3,NSGA2deap,3,12,4,1.1598973578247562,0.016114878417128716,0.03280578009222949,,
DTLZ3,NSGA2deap,3,12,5,1.1591368330507072,0.016096788071805094,0.034004267243871976,,
DTLZ3,NSGA2deap,3,12,6,1.1584651415613154,0.017369728495633393,0.03342926813604832,,
DTLZ3,NSGA2deap,3,12,7,1.1581330837710917,0.018209587039555417,0.031658282370071206,,
DTLZ3,NSGA2deap,3,12,8,1.1580231763642153,0.017967943091647735,0.034382950360694775,,
DTLZ3,NSGA2deap,3,12,9,1.1572873024000532,0.018038468186197035,0.03258315789380085,,
DTLZ3,NSGA2deap,3,12,10,1.158740131895309,0.01779689110764805,0.0342076852844719,,
DTLZ3,NSGA2deap,3,12,11,1.1580152284552452,0.017798898136547257,0.03292642462532246,,
DTLZ3,NSGA2deap,3,12,12,1.1566882461055865,0.01893289707368207,0.0308574674620885,,
DTLZ3,NSGA2deap,3,12,13,1.1585046562820545,0.01696165884284119,0.032502102376932886,,
DTLZ3,NSGA2deap,3,12,14,1.159017680764956,0.01680059110426376,0.030764310665832774,,
DTLZ3,NSGA2deap,3,12,15,1.1572515212119496,0.018433592648612374,0.031228236936135752,,
DTLZ3,NSGA2deap,3,12,16,1.158980613427918,0.017730755651569854,0.034252932659551885,,
DTLZ3,NSGA2deap,3,12,17,1.1598602773853628,0.01682229845260963,0.03510620694956761,,
DTLZ3,NSGA2deap,3,12,18,1.160069959732316,0.016578786860214027,0.03522828932954441,,
DTLZ3,NSGA2deap,3,12,19,1.1585688507232406,0.01740686208466005,0.0325618125358704,,
DTLZ3,NSGA2deap,3,12,20,1.1592611065221412,0.016482656955785838,0.03315578243754974,,
DTLZ3,NSGA2deap,3,12,21,1.1591635179354425,0.01666895578691329,0.03227310971115263,,
DTLZ3,NSGA2deap,3,12,22,1.1583184906969137,0.01797545148702567,0.029084994520960823,,
DTLZ3,NSGA2deap,3,12,23,1.1580138736440715,0.01693228112790405,0.03224384464093673,,
DTLZ3,NSGA2deap,3,12,24,1.1591341635561028,0.016815542908954585,0.031611305163681984,,
DTLZ3,NSGA2deap,3,12,25,1.1579120661219315,0.017274960657980946,0.029831385335700962,,
DTLZ3,NSGA2deap,3,12,26,1.1583750758633857,0.017006155123583763,0.03242886355604564,,
DTLZ3,NSGA2deap,3,12,27,1.1584511715504888,0.017598530433217685,0.03129545050227117,,
DTLZ3,NSGA2deap,3,12,28,1.1588663780274449,0.017685794506659865,0.0342886567966064,,
DTLZ3,NSGA2deap,3,12,29,1.1570749878962243,0.018931145340613215,0.02997866861540751,,
DTLZ3,NSGA2deap,3,12,30,1.1572731505515526,0.018363431877980844,0.03107432458077946,,
DPF2,MEAMT-ENXUTO,7,26,1,0.17199377124600013,0.13026625430728805,0.22666551892525602,,
DPF2,MEAMT-ENXUTO,7,26,2,0.17222761729800012,0.13026625430728805,0.22666551892525602,,
DPF2,MEAMT-ENXUTO,7,26,3,0.17257838637600012,0.13026625430728805,0.22666551892525602,,
DPF2,MEAMT-ENXUTO,7,26,4,0.17349428341300013,0.13026625430728805,0.22666551892525602,,
DPF2,MEAMT-ENXUTO,7,26,5,0.17277325808600014,0.13026625430728805,0.22666551892525602,,
DPF2,MEAMT-ENXUTO,7,26,6,0.1725394120340001,0.13026625430728805,0.22666551892525602,,
DPF2,MEAMT-ENXUTO,7,26,7,0.17366966795200015,0.13026625430728805,0.22666551892525602,,
DPF2,MEAMT-ENXUTO,7,26,8,0.17579376959100013,0.13026625430728805,0.22666551892525602,,
DPF2,MEAMT-ENXUTO,7,26,9,0.17066864361800013,0.13026625430728805,0.22666551892525602,,
DPF2,MEAMT-ENXUTO,7,26,10,0.17277325808600014,0.13026625430728805,0.22666551892525602,,
DPF2,MEAMT-ENXUTO,7,26,11,0.17343582190000012,0.13026625430728805,0.22666551892525602,,
DPF2,MEAMT-ENXUTO,7,26,12,0.17429325742400015,0.13026625430728805,0.22666551892525602,,
DPF2,MEAMT-ENXUTO,7,26,13,0.17329941170300012,0.13026625430728805,0.22666551892525602,,
DPF2,MEAMT-ENXUTO,7,26,14,0.17550146202600014,0.13026625430728805,0.22666551892525602,,
DPF2,MEAMT-ENXUTO,7,26,15,0.17479992387000012,0.13026625430728805,0.22666551892525602,,
DPF2,MEAMT-ENXUTO,7,26,16,0.17314351433500014,0.13026625430728805,0.22666551892525602,,
DPF2,MEAMT-ENXUTO,7,26,17,0.1737671038070001,0.13026625430728805,0.22666551892525602,,
DPF2,MEAMT-ENXUTO,7,26,18,0.1757353080780001,0.13026625430728805,0.22666551892525602,,
DPF2,MEAMT-ENXUTO,7,26,19,0.17142864328700014,0.13026625430728805,0.22666551892525602,,
DPF2,MEAMT-ENXUTO,7,26,20,0.17561838505200014,0.13026625430728805,0.22666551892525602,,
DPF2,MEAMT-ENXUTO,7,26,21,0.17277325808600014,0.13026625430728805,0.22666551892525602,,
DPF2,MEAMT-ENXUTO,7,26,22,0.1715455663130001,0.13026625430728805,0.22666551892525602,,
DPF2,MEAMT-ENXUTO,7,26,23,0.17250043769200013,0.13026625430728805,0.22666551892525602,,
DPF2,MEAMT-ENXUTO,7,26,24,0.17326043736100014,0.13026625430728805,0.22666551892525602,,
DPF2,MEAMT-ENXUTO,7,26,25,0.17384505249100013,0.13026625430728805,0.22666551892525602,,
DPF2,MEAMT-ENXUTO,7,26,26,0.17446864196300013,0.13026625430728805,0.22666551892525602,,
DPF2,MEAMT-ENXUTO,7,26,27,0.17066864361800013,0.13026625430728805,0.22666551892525602,,
DPF2,MEAMT-ENXUTO,7,26,28,0.17287069394100013,0.13026625430728805,0.22666551892525602,,
DPF2,MEAMT-ENXUTO,7,26,29,0.16914864428000012,0.13026625430728805,0.22666551892525602,,
DPF2,MEAMT-ENXUTO,7,26,30,0.1715455663130001,0.13026625430728805,0.22666551892525602,,
DPF2,MOEAD,7,26,1,0.11713738488100008,0.5551298332936946,0.0017416082091427061,,
DPF2,MOEAD,7,26,2,0.13882660620400009,0.5296810899311475,0.016856443562277293,,
DPF2,MOEAD,7,26,3,0.1407948104750001,0.5296810899311475,0.016856443562277293,,
DPF2,MOEAD,7,26,4,0.13997634929300012,0.5296810899311475,0.016856443562277293,,
DPF2,MOEAD,7,26,5,0.1397425032410001,0.5296810899311475,0.016856443562277293,,
DPF2,MOEAD,7,26,6,0.14338660421800012,0.5296810899311475,0.016856443562277293,,
DPF2,MOEAD,7,26,7,0.1379691706800001,0.5296810899311475,0.016856443562277293,,
DPF2,MOEAD,7,26,8,0.1418471177090001,0.5296810899311475,0.016856443562277293,,
DPF2,MOEAD,7,26,9,0.1397230160700001,0.5296810899311475,0.016856443562277293,,
DPF2,MOEAD,7,26,10,0.1373845555500001,0.5296810899311475,0.016856443562277293,,
DPF2,MOEAD,7,26,11,0.1396645545570001,0.5296810899311475,0.016856443562277293,,
DPF2,MOEAD,7,26,12,0.1406194259360001,0.5296810899311475,0.016856443562277293,,
DPF2,MOEAD,7,26,13,0.1388850677170001,0.5296810899311475,0.016856443562277293,,
DPF2,MOEAD,7,26,14,0.1408532719880001,0.5296810899311475,0.016856443562277293,,
DPF2,MOEAD,7,26,15,0.13757942726000008,0.5296810899311475,0.016856443562277293,,
DPF2,MOEAD,7,26,16,0.14176916902500009,0.5296810899311475,0.016856443562277293,,
DPF2,MOEAD,7,26,17,0.1359035305540001,0.5296810899311475,0.016856443562277293,,
DPF2,MOEAD,7,26,18,0.1431137838240001,0.5296810899311475,0.016856443562277293,,
DPF2,MOEAD,7,26,19,0.1402881440290001,0.5296810899311475,0.016856443562277293,,
DPF2,MOEAD,7,26,20,0.1398984006090001,0.5296810899311475,0.016856443562277293,,
DPF2,MOEAD,7,26,21,0.1420030150770001,0.5296810899311475,0.016856443562277293,,
DPF2,MOEAD,7,26,22,0.14278250191700012,0.5296810899311475,0.016856443562277293,,
DPF2,MOEAD,7,26,23,0.1412625025790001,0.5296810899311475,0.016856443562277293,,
DPF2,MOEAD,7,26,24,0.1382614782450001,0.5296810899311475,0.016856443562277293,,
DPF2,MOEAD,7,26,25,0.14046352856800012,0.5296810899311475,0.016856443562277293,,
DPF2,MOEAD,7,26,26,0.1417496818540001,0.5296810899311475,0.016856443562277293,,
DPF2,MOEAD,7,26,27,0.1389240420590001,0.5296810899311475,0.016856443562277293,,
DPF2,MOEAD,7,26,28,0.1396255802150001,0.5296810899311475,0.016856443562277293,,
DPF2,MOEAD,7,26,29,0.1401322466610001,0.5296810899311475,0.016856443562277293,,
DPF2,MOEAD,7,26,30,0.1399958364640001,0.5296810899311475,0.016856443562277293,,
DPF2,NSGA3,7,26,1,0.17010351565900014,0.0745287207914409,2.0835686857851803,,
DPF2,NSGA3,7,26,2,0.17329941170300012,0.0745287207914409,2.0835686857851803,,
DPF2,NSGA3,7,26,3,0.16951890052900012,0.0745287207914409,2.0835686857851803,,
DPF2,NSGA3,7,26,4,0.17172095085200012,0.0745287207914409,2.0835686857851803,,
DPF2,NSGA3,7,26,5,0.1730265913090001,0.0745287207914409,2.0835686857851803,,
DPF2,NSGA3,7,26,6,0.17055172059200013,0.0745287207914409,2.0835686857851803,,
DPF2,NSGA3,7,26,7,0.1666542863920001,0.0745287207914409,2.0835686857851803,,
DPF2,NSGA3,7,26,8,0.17121428440600012,0.0745287207914409,2.0835686857851803,,
DPF2,NSGA3,7,26,9,0.17164300216800013,0.0745287207914409,2.0835686857851803,,
DPF2,NSGA3,7,26,10,0.17339684755800014,0.0745287207914409,2.0835686857851803,,
DPF2,NSGA3,7,26,11,0.16907069559600013,0.0745287207914409,2.0835686857851803,,
DPF2,NSGA3,7,26,12,0.17479992387000012,0.0745287207914409,2.0835686857851803,,
DPF2,NSGA3,7,26,13,0.17213018144300013,0.0745287207914409,2.0835686857851803,,
DPF2,NSGA3,7,26,14,0.16963582355500012,0.0745287207914409,2.0835686857851803,,
DPF2,NSGA3,7,26,15,0.17000607980400012,0.0745287207914409,2.0835686857851803,,
DPF2,NSGA3,7,26,16,0.17160402782600012,0.0745287207914409,2.0835686857851803,,
DPF2,NSGA3,7,26,17,0.17324095019000013,0.0745287207914409,2.0835686857851803,,
DPF2,NSGA3,7,26,18,0.17251992486300013,0.0745287207914409,2.0835686857851803,,
DPF2,NSGA3,7,26,19,0.17101941269600013,0.0745287207914409,2.0835686857851803,,
DPF2,NSGA3,7,26,20,0.17172095085200012,0.0745287207914409,2.0835686857851803,,
DPF2,NSGA3,7,26,21,0.17031787454000014,0.0745287207914409,2.0835686857851803,,
DPF2,NSGA3,7,26,22,0.17292915545400012,0.0745287207914409,2.0835686857851803,,
DPF2,NSGA3,7,26,23,0.16743377323200012,0.0745287207914409,2.0835686857851803,,
DPF2,NSGA3,7,26,24,0.17324095019000013,0.0745287207914409,2.0835686857851803,,
DPF2,NSGA3,7,26,25,0.16926556730600015,0.0745287207914409,2.0835686857851803,,
DPF2,NSGA3,7,26,26,0.17164300216800013,0.0745287207914409,2.0835686857851803,,
DPF2,NSGA3,7,26,27,0.17324095019000013,0.0745287207914409,2.0835686857851803,,
DPF2,NSGA3,7,26,28,0.17450761630500014,0.0745287207914409,2.0835686857851803,,
DPF2,NSGA3,7,26,29,0.17466351367300012,0.0745287207914409,2.0835686857851803,,
DPF2,NSGA3,7,26,30,0.1726563350600001,0.0745287207914409,2.0835686857851803,,
DPF2,MEAMT,7,26,1,0.17142864328700014,0.11967849941710118,0.16057607600333834,,
DPF2,MEAMT,7,26,2,0.17187684822000013,0.11967849941710118,0.16057607600333834,,
DPF2,MEAMT,7,26,3,0.16988915677800012,0.11967849941710118,0.16057607600333834,,
DPF2,MEAMT,7,26,4,0.17170146368100012,0.11967849941710118,0.16057607600333834,,
DPF2,MEAMT,7,26,5,0.17138966894500013,0.11967849941710118,0.16057607600333834,,
DPF2,MEAMT,7,26,6,0.17094146401200014,0.11967849941710118,0.16057607600333834,,
DPF2,MEAMT,7,26,7,0.17135069460300012,0.11967849941710118,0.16057607600333834,,
DPF2,MEAMT,7,26,8,0.17049325907900012,0.11967849941710118,0.16057607600333834,,
DPF2,MEAMT,7,26,9,0.16996710546200014,0.11967849941710118,0.16057607600333834,,
DPF2,MEAMT,7,26,10,0.16963582355500012,0.11967849941710118,0.16057607600333834,,
DPF2,MEAMT,7,26,11,0.17355274492600012,0.11967849941710118,0.16057607600333834,,
DPF2,MEAMT,7,26,12,0.17298761696700013,0.11967849941710118,0.16057607600333834,,
DPF2,MEAMT,7,26,13,0.17084402815700012,0.11967849941710118,0.16057607600333834,,
DPF2,MEAMT,7,26,14,0.17339684755800014,0.11967849941710118,0.16057607600333834,,
DPF2,MEAMT,7,26,15,0.17059069493400014,0.11967849941710118,0.16057607600333834,,
DPF2,MEAMT,7,26,16,0.16747274757400013,0.11967849941710118,0.16057607600333834,,
DPF2,MEAMT,7,26,17,0.17115582289300013,0.11967849941710118,0.16057607600333834,,
DPF2,MEAMT,7,26,18,0.17177941236500013,0.11967849941710118,0.16057607600333834,,
DPF2,MEAMT,7,26,19,0.16992813112000013,0.11967849941710118,0.16057607600333834,,
DPF2,MEAMT,7,26,20,0.16912915710900014,0.11967849941710118,0.16057607600333834,,
DPF2,MEAMT,7,26,21,0.16755069625800012,0.11967849941710118,0.16057607600333834,,
DPF2,MEAMT,7,26,22,0.1715455663130001,0.11967849941710118,0.16057607600333834,,
DPF2,MEAMT,7,26,23,0.16971377223900014,0.11967849941710118,0.16057607600333834,,
DPF2,MEAMT,7,26,24,0.16965531072600012,0.11967849941710118,0.16057607600333834,,
DPF2,MEAMT,7,26,25,0.17232505315300012,0.11967849941710118,0.16057607600333834,,
DPF2,MEAMT,7,26,26,0.1667517222470001,0.11967849941710118,0.16057607600333834,,
DPF2,MEAMT,7,26,27,0.17224710446900013,0.11967849941710118,0.16057607600333834,,
DPF2,MEAMT,7,26,28,0.17074659230200012,0.11967849941710118,0.16057607600333834,,
DPF2,MEAMT,7,26,29,0.17074659230200012,0.11967849941710118,0.16057607600333834,,
DPF2,MEAMT,7,26,30,0.1675117219160001,0.11967849941710118,0.16057607600333834,,
DPF2,NSGA2deap,7,26,1,0.22495990202400015,0.0012843488540353418,0.03401490445195044,,
DPF2,NSGA2deap,7,26,2,0.22593426057400018,0.0013956466621463737,0.03598302241431606,,
DPF2,NSGA2deap,7,26,3,0.22381015893500014,0.001271957503696894,0.03437296618642589,,
DPF2,NSGA2deap,7,26,4,0.22355682571200017,0.0012797390397477752,0.029848820650913238,,
DPF2,NSGA2deap,7,26,5,0.21790554612200017,0.0013500879131411426,0.0346523043139536,,
DPF2,NSGA2deap,7,26,6,0.22215374940000018,0.0014315117290608459,0.03365949529224748,,
DPF2,NSGA2deap,7,26,7,0.22184195466400017,0.0013907535965983317,0.03600486366879848,,
DPF2,NSGA2deap,7,26,8,0.22032195532600016,0.0012315992372191862,0.03194290753858843,,
DPF2,NSGA2deap,7,26,9,0.22139374973100018,0.0013775823919101036,0.035479605210343275,,
DPF2,NSGA2deap,7,26,10,0.21946451980200016,0.0012821577644538792,0.03199629293831312,,
DPF2,NSGA2deap,7,26,11,0.22055580137800015,0.0012466765876936803,0.03701056896613722,,
DPF2,NSGA2deap,7,26,12,0.22030246815500015,0.0013733270403595776,0.03446900918786693,,
DPF2,NSGA2deap,7,26,13,0.22014657078700017,0.0013550303876256047,0.0316820556253767,,
DPF2,NSGA2deap,7,26,14,0.22195887769000017,0.0013621823817238886,0.03259123022927646,,
DPF2,NSGA2deap,7,26,15,0.21722349513700015,0.0012303321704269555,0.033369752245334026,,
DPF2,NSGA2deap,7,26,16,0.22297221058200015,0.0013158275947973922,0.03738443040953602,,
DPF2,NSGA2deap,7,26,17,0.22597323491600016,0.001261295593982312,0.032605968383569814,,
DPF2,NSGA2deap,7,26,18,0.22137426256000017,0.0012881574415186492,0.03486809812091312,,
DPF2,NSGA2deap,7,26,19,0.21813939217400016,0.0012324927137301932,0.03589993398590607,,
DPF2,NSGA2deap,7,26,20,0.22242656979400016,0.0013175632559406928,0.03505241333475467,,
DPF2,NSGA2deap,7,26,21,0.22299169775300018,0.0012915366198563468,0.035384581034775764,,
DPF2,NSGA2deap,7,26,22,0.22114041650800015,0.00144738434512663,0.035879207097433585,,
DPF2,NSGA2deap,7,26,23,0.22110144216600017,0.001274175740281338,0.032424256237442675,,
DPF2,NSGA2deap,7,26,24,0.22443374840700014,0.0013552339274659367,0.03255150801532373,,
DPF2,NSGA2deap,7,26,25,0.22328400531800016,0.0013484159590316023,0.03228345913034271,,
DPF2,NSGA2deap,7,26,26,0.22158862144100017,0.001221823478219442,0.03382138228889256,,
DPF2,NSGA2deap,7,26,27,0.22324503097600015,0.0014068359858637463,0.03594083709978746,,
DPF2,NSGA2deap,7,26,28,0.21999067341900017,0.0012487854767298692,0.03314936116661645,,
DPF2,NSGA2deap,7,26,29,0.22394656913200015,0.001265328123074369,0.03119874684926343,,
DPF2,NSGA2deap,7,26,30,0.22055580137800015,0.001225707503805305,0.03530691345169427,,
DPF4,NSGA2deap,5,24,1,1.4653216222058305,0.0010243587730204187,0.0037259235138660876,,
DPF4,NSGA2deap,5,24,2,1.4649099829905095,0.0011981404894273583,0.003982522289619912,,
DPF4,NSGA2deap,5,24,3,1.4649015732516366,0.0012015776365407978,0.003911319839159346,,
DPF4,NSGA2deap,5,24,4,1.4628795469544384,0.001961900238531341,0.0038953110627484404,,
DPF4,NSGA2deap,5,24,5,1.465593414460967,0.0009784750806819372,0.003982977359213454,,
DPF4,NSGA2deap,5,24,6,1.4653829188399725,0.001008945627678197,0.003807661064719958,,
DPF4,NSGA2deap,5,24,7,1.4648813381978627,0.0012044772399830584,0.0037958310773572325,,
DPF4,NSGA2deap,5,24,8,1.465580503190504,0.0009728012996038755,0.0037227063642884107,,
DPF4,NSGA2deap,5,24,9,1.465198479072835,0.0011153824683567451,0.0037842974988664554,,
DPF4,NSGA2deap,5,24,10,1.4651025433044342,0.0011072709068026016,0.003975460001962739,,
DPF4,NSGA2deap,5,24,11,1.4648932569807984,0.0011892713607735595,0.003945875835402938,,
DPF4,NSGA2deap,5,24,12,1.4648904709859727,0.0012162397329898743,0.004113964874193718,,
DPF4,NSGA2deap,5,24,13,1.4648266272468153,0.0012354586411752278,0.003642358748364657,,
DPF4,NSGA2deap,5,24,14,1.4643316231459886,0.0014358965778881606,0.00380598856998826,,
DPF4,NSGA2deap,5,24,15,1.4650122577236897,0.0011795766879825508,0.0039046164992139728,,
DPF4,NSGA2deap,5,24,16,1.4651010669772802,0.0011215397867624449,0.004197940135852557,,
DPF4,NSGA2deap,5,24,17,1.4647562580313593,0.0012640373116774555,0.0038303941250413653,,
DPF4,NSGA2deap,5,24,18,1.4656213169354781,0.000972047888414179,0.004000836509473649,,
DPF4,NSGA2deap,5,24,19,1.4649148266467003,0.0011917530865812474,0.003926588315305227,,
DPF4,NSGA2deap,5,24,20,1.4641960947363861,0.0014741018869543832,0.003878610258479057,,
DPF4,NSGA2deap,5,24,21,1.4650383049943179,0.0011395563883770236,0.003702077526846611,,
DPF4,NSGA2deap,5,24,22,1.4654336652422726,0.0010244766655116999,0.003963371231975753,,
DPF4,NSGA2deap,5,24,23,1.4659012064756611,0.0008454323774023227,0.0037030287288860567,,
DPF4,NSGA2deap,5,24,24,1.4637911863642286,0.0016251237786339345,0.003919066936802828,,
DPF4,NSGA2deap,5,24,25,1.4654905020792297,0.0009925771496987013,0.004034716306123156,,
DPF4,NSGA2deap,5,24,26,1.465065847552605,0.0011368028301377807,0.003964155604923209,,
DPF4,NSGA2deap,5,24,27,1.4654306175320768,0.0010446682712344146,0.004122342052465076,,
DPF4,NSGA2deap,5,24,28,1.4650397347200736,0.0011646715248558222,0.0038740765178410528,,
DPF4,NSGA2deap,5,24,29,1.46512049982698,0.0011294093145355296,0.004105634127474494,,
DPF4,NSGA2deap,5,24,30,1.4639295834154304,0.001580341907374817,0.004225330592677311,,
DPF4,NSGA3,5,24,1,,0.0,0.0,,
DPF4,NSGA3,5,24,2,,0.0,0.0,,
DPF4,NSGA3,5,24,3,0.00030747991723273783,2.0916765403221107,0.0,,
DPF4,NSGA3,5,24,4,0.00032754025199093807,2.081750304046491,0.0,,
DPF4,NSGA3,5,24,5,,0.0,0.0,,
DPF4,NSGA3,5,24,6,,0.0,0.0,,
DPF4,NSGA3,5,24,7,,0.0,0.0,,
DPF4,NSGA3,5,24,8,,0.0,0.0,,
DPF4,NSGA3,5,24,9,,0.0,0.0,,
DPF4,NSGA3,5,24,10,,0.0,0.0,,
DPF4,NSGA3,5,24,11,0.02140635196891764,1.1938002269744568,0.3077026632689853,,
DPF4,NSGA3,5,24,12,,0.0,0.0,,
DPF4,NSGA3,5,24,13,0.02093017818823467,1.1862924152779422,0.0889432262352098,,
DPF4,NSGA3,5,24,14,,0.0,0.0,,
DPF4,NSGA3,5,24,15,,0.0,0.0,,
DPF4,NSGA3,5,24,16,0.4085627771239061,0.5244549208958116,0.3549097475025402,,
DPF4,NSGA3,5,24,17,,0.0,0.0,,
DPF4,NSGA3,5,24,18,,0.0,0.0,,
DPF4,NSGA3,5,24,19,,0.0,0.0,,
DPF4,NSGA3,5,24,20,,0.0,0.0,,
DPF4,NSGA3,5,24,21,,0.0,0.0,,
DPF4,NSGA3,5,24,22,0.03130726892136026,1.1527120583278603,0.17240328075681569,,
DPF4,NSGA3,5,24,23,,0.0,0.0,,
DPF4,NSGA3,5,24,24,0.4083005927475857,0.5246030876688432,0.3536123680344429,,
DPF4,NSGA3,5,24,25,,0.0,0.0,,
DPF4,NSGA3,5,24,26,,0.0,0.0,,
DPF4,NSGA3,5,24,27,,0.0,0.0,,
DPF4,NSGA3,5,24,28,,0.0,0.0,,
DPF4,NSGA3,5,24,29,,0.0,0.0,,
DPF4,NSGA3,5,24,30,,0.0,0.0,,
DPF4,MEAMT-ENXUTO,5,24,1,,0.0,0.0,,
DPF4,MEAMT-ENXUTO,5,24,2,,0.0,0.0,,
DPF4,MEAMT-ENXUTO,5,24,3,,0.0,0.0,,
DPF4,MEAMT-ENXUTO,5,24,4,,0.0,0.0,,
DPF4,MEAMT-ENXUTO,5,24,5,,0.0,0.0,,
DPF4,MEAMT-ENXUTO,5,24,6,0.0012721719460684613,1.7707894040176362,0.0,,
DPF4,MEAMT-ENXUTO,5,24,7,,0.0,0.0,,
DPF4,MEAMT-ENXUTO,5,24,8,,0.0,0.0,,
DPF4,MEAMT-ENXUTO,5,24,9,,0.0,0.0,,
DPF4,MEAMT-ENXUTO,5,24,10,0.0025275488221445843,1.678406897059937,0.028262318340769303,,
DPF4,MEAMT-ENXUTO,5,24,11,0.0004026193840569451,2.0433668852385014,0.0,,
DPF4,MEAMT-ENXUTO,5,24,12,,0.0,0.0,,
DPF4,MEAMT-ENXUTO,5,24,13,,0.0,0.0,,
DPF4,MEAMT-ENXUTO,5,24,14,,0.0,0.0,,
DPF4,MEAMT-ENXUTO,5,24,15,,0.0,0.0,,
DPF4,MEAMT-ENXUTO,5,24,16,,0.0,0.0,,
DPF4,MEAMT-ENXUTO,5,24,17,0.024937359353663438,0.9755403536398995,0.0,,
DPF4,MEAMT-ENXUTO,5,24,18,0.08028743491416168,0.7817586317454528,0.03966411447193763,,
DPF4,MEAMT-ENXUTO,5,24,19,,0.0,0.0,,
DPF4,MEAMT-ENXUTO,5,24,20,0.013972683641915198,1.338599915968856,0.16534304652201415,,
DPF4,MEAMT-ENXUTO,5,24,21,,0.0,0.0,,
DPF4,MEAMT-ENXUTO,5,24,22,,0.0,0.0,,
DPF4,MEAMT-ENXUTO,5,24,23,0.0017879458797043547,1.688593207604415,0.0,,
DPF4,MEAMT-ENXUTO,5,24,24,0.0016603253540526494,1.7019257582927634,0.0,,
DPF4,MEAMT-ENXUTO,5,24,25,0.0027256170764204733,1.6546677035485478,0.04193797270332363,,
DPF4,MEAMT-ENXUTO,5,24,26,0.0012077486060267264,1.7012876981078298,0.0,,
DPF4,MEAMT-ENXUTO,5,24,27,,0.0,0.0,,
DPF4,MEAMT-ENXUTO,5,24,28,,0.0,0.0,,
DPF4,MEAMT-ENXUTO,5,24,29,,0.0,0.0,,
DPF4,MEAMT-ENXUTO,5,24,30,,0.0,0.0,,
DPF4,MEAMT,5,24,1,1.4014264220963621,0.020832736956365096,0.050892151750911545,,
DPF4,MEAMT,5,24,2,1.4014264220963621,0.020832736956365096,0.050892151750911545,,
DPF4,MEAMT,5,24,3,1.4014264220963621,0.020832736956365096,0.050892151750911545,,
DPF4,MEAMT,5,24,4,1.4014264220963621,0.020832736956365096,0.050892151750911545,,
DPF4,MEAMT,5,24,5,1.4014264220963621,0.020832736956365096,0.050892151750911545,,
DPF4,MEAMT,5,24,6,1.4014264220963621,0.020832736956365096,0.050892151750911545,,
DPF4,MEAMT,5,24,7,1.4014264220963621,0.020832736956365096,0.050892151750911545,,
DPF4,MEAMT,5,24,8,1.4014264220963621,0.020832736956365096,0.050892151750911545,,
DPF4,MEAMT,5,24,9,1.4014264220963621,0.020832736956365096,0.050892151750911545,,
DPF4,MEAMT,5,24,10,1.4014264220963621,0.020832736956365096,0.050892151750911545,,
DPF4,MEAMT,5,24,11,1.4014264220963621,0.020832736956365096,0.050892151750911545,,
DPF4,MEAMT,5,24,12,1.4014264220963621,0.020832736956365096,0.050892151750911545,,
DPF4,MEAMT,5,24,13,1.4014264220963621,0.020832736956365096,0.050892151750911545,,
DPF4,MEAMT,5,24,14,1.4014264220963621,0.020832736956365096,0.050892151750911545,,
DPF4,MEAMT,5,24,15,1.4014264220963621,0.020832736956365096,0.050892151750911545,,
DPF4,MEAMT,5,24,16,1.4014264220963621,0.020832736956365096,0.050892151750911545,,
DPF4,MEAMT,5,24,17,1.4014264220963621,0.020832736956365096,0.050892151750911545,,
DPF4,MEAMT,5,24,18,1.4014264220963621,0.020832736956365096,0.050892151750911545,,
DPF4,MEAMT,5,24,19,1.4014264220963621,0.020832736956365096,0.050892151750911545,,
DPF4,MEAMT,5,24,20,1.4014264220963621,0.020832736956365096,0.050892151750911545,,
DPF4,MEAMT,5,24,21,1.4014264220963621,0.020832736956365096,0.050892151750911545,,
DPF4,MEAMT,5,24,22,1.4014264220963621,0.020832736956365096,0.050892151750911545,,
DPF4,MEAMT,5,24,23,1.4014264220963621,0.020832736956365096,0.050892151750911545,,
DPF4,MEAMT,5,24,24,1.4014264220963621,0.020832736956365096,0.050892151750911545,,
DPF4,MEAMT,5,24,25,1.4014264220963621,0.020832736956365096,0.050892151750911545,,
DPF4,MEAMT,5,24,26,1.4014264220963621,0.020832736956365096,0.050892151750911545,,
DPF4,MEAMT,5,24,27,1.4014264220963621,0.020832736956365096,0.050892151750911545,,
DPF4,MEAMT,5,24,28,1.4014264220963621,0.020832736956365096,0.050892151750911545,,
DPF4,MEAMT,5,24,29,1.4014264220963621,0.020832736956365096,0.050892151750911545,,
DPF4,MEAMT,5,24,30,1.4014264220963621,0.020832736956365096,0.050892151750911545,,
DPF4,MOEAD,5,24,1,,0.0,0.0,,
DPF4,MOEAD,5,24,2,,0.0,0.0,,
DPF4,MOEAD,5,24,3,,0.0,0.0,,
DPF4,MOEAD,5,24,4,,0.0,0.0,,
DPF4,MOEAD,5,24,5,,0.0,0.0,,
DPF4,MOEAD,5,24,6,,0.0,0.0,,
DPF4,MOEAD,5,24,7,,0.0,0.0,,
DPF4,MOEAD,5,24,8,,0.0,0.0,,
DPF4,MOEAD,5,24,9,,0.0,0.0,,
DPF4,MOEAD,5,24,10,,0.0,0.0,,
DPF4,MOEAD,5,24,11,,0.0,0.0,,
DPF4,MOEAD,5,24,12,,0.0,0.0,,
DPF4,MOEAD,5,24,13,,0.0,0.0,,
DPF4,MOEAD,5,24,14,,0.0,0.0,,
DPF4,MOEAD,5,24,15,,0.0,0.0,,
DPF4,MOEAD,5,24,16,,0.0,0.0,,
DPF4,MOEAD,5,24,17,,0.0,0.0,,
DPF4,MOEAD,5,24,18,,0.0,0.0,,
DPF4,MOEAD,5,24,19,,0.0,0.0,,
DPF4,MOEAD,5,24,20,,0.0,0.0,,
DPF4,MOEAD,5,24,21,,0.0,0.0,,
DPF4,MOEAD,5,24,22,,0.0,0.0,,
DPF4,MOEAD,5,24,23,,0.0,0.0,,
DPF4,MOEAD,5,24,24,,0.0,0.0,,
DPF4,MOEAD,5,24,25,,0.0,0.0,,
DPF4,MOEAD,5,24,26,,0.0,0.0,,
DPF4,MOEAD,5,24,27,,0.0,0.0,,
DPF4,MOEAD,5,24,28,,0.0,0.0,,
DPF4,MOEAD,5,24,29,,0.0,0.0,,
DPF4,MOEAD,5,24,30,,0.0,0.0,,
DTLZ3,MEAMT-ENXUTO,5,14,1,1.046745282224106,0.19447645269961344,0.010780565347875517,,
DTLZ3,MEAMT-ENXUTO,5,14,2,1.1889229441233855,0.14823428405598502,0.04734923772095978,,
DTLZ3,MEAMT-ENXUTO,5,14,3,1.3518603793709754,0.13678789015232432,0.029611230432295223,,
DTLZ3,MEAMT-ENXUTO,5,14,4,1.3177193606394972,0.1512575875107973,0.035733368411356985,,
DTLZ3,MEAMT-ENXUTO,5,14,5,,0.0,0.0,,
DTLZ3,MEAMT-ENXUTO,5,14,6,0.7150621415339382,0.2985386220095499,0.018604059231720926,,
DTLZ3,MEAMT-ENXUTO,5,14,7,0.6875913896098202,0.31793339327124287,0.006190548960491462,,
DTLZ3,MEAMT-ENXUTO,5,14,8,1.12652510608432,0.16351177146896598,0.02184971437785605,,
DTLZ3,MEAMT-ENXUTO,5,14,9,1.2485009959428754,0.19673149181480137,0.11000422156869252,,
DTLZ3,MEAMT-ENXUTO,5,14,10,1.0255357202728466,0.21261488904827225,0.10655240162154375,,
DTLZ3,MEAMT-ENXUTO,5,14,11,0.9821886894024578,0.22956707138346094,0.10502679836614365,,
DTLZ3,MEAMT-ENXUTO,5,14,12,1.0514488025970887,0.18166272579864787,0.06988734400415812,,
DTLZ3,MEAMT-ENXUTO,5,14,13,1.1399972706687196,0.19302182715748661,0.3298304646110306,,
DTLZ3,MEAMT-ENXUTO,5,14,14,1.0479462620132678,0.19009544055312178,0.03840623704655961,,
DTLZ3,MEAMT-ENXUTO,5,14,15,0.668350766904522,0.3345406587554834,0.010656518062763748,,
DTLZ3,MEAMT-ENXUTO,5,14,16,,0.0,0.0,,
DTLZ3,MEAMT-ENXUTO,5,14,17,1.2601162666520285,0.16627545491089563,0.042078081188521195,,
DTLZ3,MEAMT-ENXUTO,5,14,18,1.4645027755142594,0.1330531628962849,0.05352305385194882,,
DTLZ3,MEAMT-ENXUTO,5,14,19,1.2405987554517515,0.16988140646976754,0.10696808167845404,,
DTLZ3,MEAMT-ENXUTO,5,14,20,0.4708248125223463,0.60555712748832,0.032860767417980885,,
DTLZ3,MEAMT-ENXUTO,5,14,21,,0.0,0.0,,
DTLZ3,MEAMT-ENXUTO,5,14,22,0.786646832258608,0.2551615116584757,0.036019934545378905,,
DTLZ3,MEAMT-ENXUTO,5,14,23,0.6481269155400025,0.34747485261462757,0.00481786754460422,,
DTLZ3,MEAMT-ENXUTO,5,14,24,1.2940001483143793,0.14210726209195784,0.033628312967767436,,
DTLZ3,MEAMT-ENXUTO,5,14,25,0.6624608101730476,0.3370828065416322,0.011750508544591769,,
DTLZ3,MEAMT-ENXUTO,5,14,26,1.3565163986778375,0.15115690276856553,0.05784628592064926,,
DTLZ3,MEAMT-ENXUTO,5,14,27,0.6857838527835819,0.3194712329345586,0.021191077576897362,,
DTLZ3,MEAMT-ENXUTO,5,14,28,,0.0,0.0,,
DTLZ3,MEAMT-ENXUTO,5,14,29,1.0647398651631765,0.18499205455542903,0.028376719682049547,,
DTLZ3,MEAMT-ENXUTO,5,14,30,1.4025558876371427,0.13163478860979472,0.04364640587445373,,
DTLZ3,MEAMT,5,14,1,1.4899647088682202,0.13876515068595882,0.02632313343047053,,
DTLZ3,MEAMT,5,14,2,1.4899647088682202,0.13876515068595882,0.02632313343047053,,
DTLZ3,MEAMT,5,14,3,1.4899647088682202,0.13876515068595882,0.02632313343047053,,
DTLZ3,MEAMT,5,14,4,1.4899647088682202,0.13876515068595882,0.02632313343047053,,
DTLZ3,MEAMT,5,14,5,1.4899647088682202,0.13876515068595882,0.02632313343047053,,
DTLZ3,MEAMT,5,14,6,1.4899647088682202,0.13876515068595882,0.02632313343047053,,
DTLZ3,MEAMT,5,14,7,1.4899647088682202,0.13876515068595882,0.02632313343047053,,
DTLZ3,MEAMT,5,14,8,1.4899647088682202,0.13876515068595882,0.02632313343047053,,
DTLZ3,MEAMT,5,14,9,1.4899647088682202,0.13876515068595882,0.02632313343047053,,
DTLZ3,MEAMT,5,14,10,1.4899647088682202,0.13876515068595882,0.02632313343047053,,
DTLZ3,MEAMT,5,14,11,1.4899647088682202,0.13876515068595882,0.02632313343047053,,
DTLZ3,MEAMT,5,14,12,1.4899647088682202,0.13876515068595882,0.02632313343047053,,
DTLZ3,MEAMT,5,14,13,1.4899647088682202,0.13876515068595882,0.02632313343047053,,
DTLZ3,MEAMT,5,14,14,1.4899647088682202,0.13876515068595882,0.02632313343047053,,
DTLZ3,MEAMT,5,14,15,1.4899647088682202,0.13876515068595882,0.02632313343047053,,
DTLZ3,MEAMT,5,14,16,1.4899647088682202,0.13876515068595882,0.02632313343047053,,
DTLZ3,MEAMT,5,14,17,1.4899647088682202,0.13876515068595882,0.02632313343047053,,
DTLZ3,MEAMT,5,14,18,1.4899647088682202,0.13876515068595882,0.02632313343047053,,
DTLZ3,MEAMT,5,14,19,1.4899647088682202,0.13876515068595882,0.02632313343047053,,
DTLZ3,MEAMT,5,14,20,1.4899647088682202,0.13876515068595882,0.02632313343047053,,
DTLZ3,MEAMT,5,14,21,1.4899647088682202,0.13876515068595882,0.02632313343047053,,
DTLZ3,MEAMT,5,14,22,1.4899647088682202,0.13876515068595882,0.02632313343047053,,
DTLZ3,MEAMT,5,14,23,1.4899647088682202,0.13876515068595882,0.02632313343047053,,
DTLZ3,MEAMT,5,14,24,1.4899647088682202,0.13876515068595882,0.02632313343047053,,
DTLZ3,MEAMT,5,14,25,1.4899647088682202,0.13876515068595882,0.02632313343047053,,
DTLZ3,MEAMT,5,14,26,1.4899647088682202,0.13876515068595882,0.02632313343047053,,
DTLZ3,MEAMT,5,14,27,1.4899647088682202,0.13876515068595882,0.02632313343047053,,
DTLZ3,MEAMT,5,14,28,1.4899647088682202,0.13876515068595882,0.02632313343047053,,
DTLZ3,MEAMT,5,14,29,1.4899647088682202,0.13876515068595882,0.02632313343047053,,
DTLZ3,MEAMT,5,14,30,1.4899647088682202,0.13876515068595882,0.02632313343047053,,
DTLZ3,NSGA2deap,5,14,1,,0.0,0.0,,
DTLZ3,NSGA2deap,5,14,2,,0.0,0.0,,
DTLZ3,NSGA2deap,5,14,3,,0.0,0.0,,
DTLZ3,NSGA2deap,5,14,4,,0.0,0.0,,
DTLZ3,NSGA2deap,5,14,5,,0.0,0.0,,
DTLZ3,NSGA2deap,5,14,6,,0.0,0.0,,
DTLZ3,NSGA2deap,5,14,7,,0.0,0.0,,
DTLZ3,NSGA2deap,5,14,8,,0.0,0.0,,
DTLZ3,NSGA2deap,5,14,9,,0.0,0.0,,
DTLZ3,NSGA2deap,5,14,10,,0.0,0.0,,
DTLZ3,NSGA2deap,5,14,11,,0.0,0.0,,
DTLZ3,NSGA2deap,5,14,12,,0.0,0.0,,
DTLZ3,NSGA2deap,5,14,13,,0.0,0.0,,
DTLZ3,NSGA2deap,5,14,14,,0.0,0.0,,
DTLZ3,NSGA2deap,5,14,15,,0.0,0.0,,
DTLZ3,NSGA2deap,5,14,16,,0.0,0.0,,
DTLZ3,NSGA2deap,5,14,17,,0.0,0.0,,
DTLZ3,NSGA2deap,5,14,18,,0.0,0.0,,
DTLZ3,NSGA2deap,5,14,19,,0.0,0.0,,
DTLZ3,NSGA2deap,5,14,20,,0.0,0.0,,
DTLZ3,NSGA2deap,5,14,21,,0.0,0.0,,
DTLZ3,NSGA2deap,5,14,22,,0.0,0.0,,
DTLZ3,NSGA2deap,5,14,23,,0.0,0.0,,
DTLZ3,NSGA2deap,5,14,24,,0.0,0.0,,
DTLZ3,NSGA2deap,5,14,25,,0.0,0.0,,
DTLZ3,NSGA2deap,5,14,26,,0.0,0.0,,
DTLZ3,NSGA2deap,5,14,27,,0.0,0.0,,
DTLZ3,NSGA2deap,5,14,28,,0.0,0.0,,
DTLZ3,NSGA2deap,5,14,29,,0.0,0.0,,
DTLZ3,NSGA2deap,5,14,30,,0.0,0.0,,
DTLZ3,MOEAD,5,14,1,,0.0,0.0,,
DTLZ3,MOEAD,5,14,2,,0.0,0.0,,
DTLZ3,MOEAD,5,14,3,,0.0,0.0,,
DTLZ3,MOEAD,5,14,4,,0.0,0.0,,
DTLZ3,MOEAD,5,14,5,,0.0,0.0,,
DTLZ3,MOEAD,5,14,6,,0.0,0.0,,
DTLZ3,MOEAD,5,14,7,,0.0,0.0,,
DTLZ3,MOEAD,5,14,8,,0.0,0.0,,
DTLZ3,MOEAD,5,14,9,,0.0,0.0,,
DTLZ3,MOEAD,5,14,10,,0.0,0.0,,
DTLZ3,MOEAD,5,14,11,,0.0,0.0,,
DTLZ3,MOEAD,5,14,12,,0.0,0.0,,
DTLZ3,MOEAD,5,14,13,0.39359366277498936,1.1590627552390986,0.2059555582511549,,
DTLZ3,MOEAD,5,14,14,,0.0,0.0,,
DTLZ3,MOEAD,5,14,15,,0.0,0.0,,
DTLZ3,MOEAD,5,14,16,,0.0,0.0,,
DTLZ3,MOEAD,5,14,17,0.020587947914094646,1.6049552602732204,0.0,,
DTLZ3,MOEAD,5,14,18,,0.0,0.0,,
DTLZ3,MOEAD,5,14,19,,0.0,0.0,,
DTLZ3,MOEAD,5,14,20,1.541198835594104,0.09225642997515351,0.13585988530425847,,
DTLZ3,MOEAD,5,14,21,,0.0,0.0,,
DTLZ3,MOEAD,5,14,22,,0.0,0.0,,
DTLZ3,MOEAD,5,14,23,,0.0,0.0,,
DTLZ3,MOEAD,5,14,24,,0.0,0.0,,
DTLZ3,MOEAD,5,14,25,,0.0,0.0,,
DTLZ3,MOEAD,5,14,26,,0.0,0.0,,
DTLZ3,MOEAD,5,14,27,,0.0,0.0,,
DTLZ3,MOEAD,5,14,28,,0.0,0.0,,
DTLZ3,MOEAD,5,14,29,,0.0,0.0,,
DTLZ3,MOEAD,5,14,30,,0.0,0.0,,
DTLZ3,NSGA3,5,14,1,0.43942150977155864,1.1474224377278022,0.14578823437833846,,
DTLZ3,NSGA3,5,14,2,1.5674968467296495,0.04945925032393137,0.08887819405278627,,
DTLZ3,NSGA3,5,14,3,1.568447196832401,0.049188729430627555,0.10978483479070618,,
DTLZ3,NSGA3,5,14,4,1.5683580298972761,0.04915467297508059,0.10703418674527904,,
DTLZ3,NSGA3,5,14,5,1.5684373076201097,0.049210426363448294,0.10961654957278832,,
DTLZ3,NSGA3,5,14,6,,0.0,0.0,,
DTLZ3,NSGA3,5,14,7,1.5680850009861045,0.04974934669381541,0.1017397445107674,,
DTLZ3,NSGA3,5,14,8,0.44103338100818384,1.1471837994576914,0.14892845499511614,,
DTLZ3,NSGA3,5,14,9,,0.0,0.0,,
DTLZ3,NSGA3,5,14,10,1.5684549553627125,0.04917331174232122,0.10970595160796752,,
DTLZ3,NSGA3,5,14,11,0.42475615702119274,1.143368286313626,0.14186982121768046,,
DTLZ3,NSGA3,5,14,12,1.5684189961930355,0.049308625231974115,0.10988279780528958,,
DTLZ3,NSGA3,5,14,13,,0.0,0.0,,
DTLZ3,NSGA3,5,14,14,1.5684557054127626,0.04918330240872865,0.10943146997618713,,
DTLZ3,NSGA3,5,14,15,1.5684150854558156,0.04923259448110087,0.109613194976508,,
DTLZ3,NSGA3,5,14,16,1.5666335321327258,0.052202295071137814,0.10240439756805286,,
DTLZ3,NSGA3,5,14,17,0.43975083552340083,1.1444528816233834,0.13621102267943094,,
DTLZ3,NSGA3,5,14,18,1.568450946328944,0.04919497567152492,0.10976710822582088,,
DTLZ3,NSGA3,5,14,19,1.5683371589617476,0.04926284010331927,0.10550787395507237,,
DTLZ3,NSGA3,5,14,20,0.436654613434261,1.1492314061032214,0.14878677716990185,,
DTLZ3,NSGA3,5,14,21,,0.0,0.0,,
DTLZ3,NSGA3,5,14,22,0.43751236474497457,1.146614097023463,0.15301009479291702,,
DTLZ3,NSGA3,5,14,23,0.43943076471051223,1.1474584748961503,0.14838773114775328,,
DTLZ3,NSGA3,5,14,24,1.5684356289962955,0.049211941083980255,0.1098126027356014,,
DTLZ3,NSGA3,5,14,25,,0.0,0.0,,
DTLZ3,NSGA3,5,14,26,1.5684413070447085,0.049215745203518166,0.10974650121109765,,
DTLZ3,NSGA3,5,14,27,0.43510748493354645,1.1464562186505491,0.13934645550026598,,
DTLZ3,NSGA3,5,14,28,,0.0,0.0,,
DTLZ3,NSGA3,5,14,29,1.5677913285750964,0.04950956612372328,0.09544799982778972,,
DTLZ3,NSGA3,5,14,30,0.43426314614347883,1.146388867311083,0.14636593522710845,,
DTLZ4,NSGA2deap,7,16,1,,0.0,0.0,,
DTLZ4,NSGA2deap,7,16,2,,0.0,0.0,,
DTLZ4,NSGA2deap,7,16,3,,0.0,0.0,,
DTLZ4,NSGA2deap,7,16,4,,0.0,0.0,,
DTLZ4,NSGA2deap,7,16,5,,0.0,0.0,,
DTLZ4,NSGA2deap,7,16,6,,0.0,0.0,,
DTLZ4,NSGA2deap,7,16,7,,0.0,0.0,,
DTLZ4,NSGA2deap,7,16,8,,0.0,0.0,,
DTLZ4,NSGA2deap,7,16,9,,0.0,0.0,,
DTLZ4,NSGA2deap,7,16,10,0.0007405124980000005,2.4108486649843828,0.0,,
DTLZ4,NSGA2deap,7,16,11,0.0011302559180000008,2.2282107195769796,0.15382877383715846,,
DTLZ4,NSGA2deap,7,16,12,0.004462562159000003,2.1373070653741175,0.821223417463625,,
DTLZ4,NSGA2deap,7,16,13,,0.0,0.0,,
DTLZ4,NSGA2deap,7,16,14,0.0009938457210000007,2.3668484166943684,0.23565253594418875,,
DTLZ4,NSGA2deap,7,16,15,0.0006820509850000005,2.304960402681902,0.9767842178465748,,
DTLZ4,NSGA2deap,7,16,16,7.794868400000007e-05,2.6964673773855328,0.0,,
DTLZ4,NSGA2deap,7,16,17,,0.0,0.0,,
DTLZ4,NSGA2deap,7,16,18,0.01911691475100001,1.7794237050803294,0.49546381024341546,,
DTLZ4,NSGA2deap,7,16,19,,0.0,0.0,,
DTLZ4,NSGA2deap,7,16,20,,0.0,0.0,,
DTLZ4,NSGA2deap,7,16,21,0.002416409204000002,2.1758607181843543,0.5595946425567833,,
DTLZ4,NSGA2deap,7,16,22,,0.0,0.0,,
DTLZ4,NSGA2deap,7,16,23,,0.0,0.0,,
DTLZ4,NSGA2deap,7,16,24,,0.0,0.0,,
DTLZ4,NSGA2deap,7,16,25,0.0013835891410000011,2.2935944584622963,0.0486152049556623,,
DTLZ4,NSGA2deap,7,16,26,,0.0,0.0,,
DTLZ4,NSGA2deap,7,16,27,0.0007794868400000006,2.375620763315509,0.0,,
DTLZ4,NSGA2deap,7,16,28,,0.0,0.0,,
DTLZ4,NSGA2deap,7,16,29,0.00013641019700000008,2.5300027350267715,0.0,,
DTLZ4,NSGA2deap,7,16,30,,0.0,0.0,,
DTLZ4,MEAMT,7,16,1,1.9048319909080014,0.12134260204167789,0.09514265120198742,,
DTLZ4,MEAMT,7,16,2,1.9032535300570015,0.12134260204167789,0.09514265120198742,,
DTLZ4,MEAMT,7,16,3,1.9030391711760013,0.12134260204167789,0.09514265120198742,,
DTLZ4,MEAMT,7,16,4,1.9029027609790012,0.12134260204167789,0.09514265120198742,,
DTLZ4,MEAMT,7,16,5,1.9039355810420013,0.12134260204167789,0.09514265120198742,,
DTLZ4,MEAMT,7,16,6,1.9050073754470014,0.12134260204167789,0.09514265120198742,,
DTLZ4,MEAMT,7,16,7,1.9024350688750014,0.12134260204167789,0.09514265120198742,,
DTLZ4,MEAMT,7,16,8,1.9034678889380015,0.12134260204167789,0.09514265120198742,,
DTLZ4,MEAMT,7,16,9,1.9026494277560013,0.12134260204167789,0.09514265120198742,,
DTLZ4,MEAMT,7,16,10,1.9038576323580012,0.12134260204167789,0.09514265120198742,,
DTLZ4,MEAMT,7,16,11,1.9043448116330015,0.12134260204167789,0.09514265120198742,,
DTLZ4,MEAMT,7,16,12,1.9022986586780015,0.12134260204167789,0.09514265120198742,,
DTLZ4,MEAMT,7,16,13,1.9041694270940015,0.12134260204167789,0.09514265120198742,,
DTLZ4,MEAMT,7,16,14,1.9050073754470014,0.12134260204167789,0.09514265120198742,,
DTLZ4,MEAMT,7,16,15,1.9034873761090014,0.12134260204167789,0.09514265120198742,,
DTLZ4,MEAMT,7,16,16,1.9037991708450013,0.12134260204167789,0.09514265120198742,,
DTLZ4,MEAMT,7,16,17,1.9043448116330015,0.12134260204167789,0.09514265120198742,,
DTLZ4,MEAMT,7,16,18,1.9053971188670014,0.12134260204167789,0.09514265120198742,,
DTLZ4,MEAMT,7,16,19,1.9036042991350013,0.12134260204167789,0.09514265120198742,,
DTLZ4,MEAMT,7,16,20,1.9041304527520013,0.12134260204167789,0.09514265120198742,,
DTLZ4,MEAMT,7,16,21,1.9042278886070014,0.12134260204167789,0.09514265120198742,,
DTLZ4,MEAMT,7,16,22,1.9035848119640015,0.12134260204167789,0.09514265120198742,,
DTLZ4,MEAMT,7,16,23,1.9022791715070013,0.12134260204167789,0.09514265120198742,,
DTLZ4,MEAMT,7,16,24,1.9049294267630015,0.12134260204167789,0.09514265120198742,,
DTLZ4,MEAMT,7,16,25,1.9040135297260015,0.12134260204167789,0.09514265120198742,,
DTLZ4,MEAMT,7,16,26,1.9033119915700014,0.12134260204167789,0.09514265120198742,,
DTLZ4,MEAMT,7,16,27,1.9045396833430015,0.12134260204167789,0.09514265120198742,,
DTLZ4,MEAMT,7,16,28,1.9028248122950016,0.12134260204167789,0.09514265120198742,,
DTLZ4,MEAMT,7,16,29,1.9058648109710015,0.12134260204167789,0.09514265120198742,,
DTLZ4,MEAMT,7,16,30,1.9034484017670015,0.12134260204167789,0.09514265120198742,,
DTLZ4,MOEAD,7,16,1,1.414573742890001,0.6811869460636157,0.08210356156512252,,
DTLZ4,MOEAD,7,16,2,1.587619821370001,0.5204780472265922,0.04853035175970154,,
DTLZ4,MOEAD,7,16,3,1.5887500772880012,0.5204780472265922,0.04853035175970154,,
DTLZ4,MOEAD,7,16,4,1.5889839233400012,0.5204780472265922,0.04853035175970154,,
DTLZ4,MOEAD,7,16,5,1.5914198197150011,0.5204780472265922,0.04853035175970154,,
DTLZ4,MOEAD,7,16,6,1.5907377687300013,0.5204780472265922,0.04853035175970154,,
DTLZ4,MOEAD,7,16,7,1.586996231898001,0.5204780472265922,0.04853035175970154,,
DTLZ4,MOEAD,7,16,8,1.5888085388010011,0.5204780472265922,0.04853035175970154,,
DTLZ4,MOEAD,7,16,9,1.5900167434030013,0.5204780472265922,0.04853035175970154,,
DTLZ4,MOEAD,7,16,10,1.5899193075480011,0.5204780472265922,0.04853035175970154,,
DTLZ4,MOEAD,7,16,11,1.593699818722001,0.5204780472265922,0.04853035175970154,,
DTLZ4,MOEAD,7,16,12,1.590153153600001,0.5204780472265922,0.04853035175970154,,
DTLZ4,MOEAD,7,16,13,1.5902116151130012,0.5204780472265922,0.04853035175970154,,
DTLZ4,MOEAD,7,16,14,1.5904844355070011,0.5204780472265922,0.04853035175970154,,
DTLZ4,MOEAD,7,16,15,1.5900167434030013,0.5204780472265922,0.04853035175970154,,
DTLZ4,MOEAD,7,16,16,1.5885746927490012,0.5204780472265922,0.04853035175970154,,
DTLZ4,MOEAD,7,16,17,1.5910690506370013,0.5204780472265922,0.04853035175970154,,
DTLZ4,MOEAD,7,16,18,1.5908352045850012,0.5204780472265922,0.04853035175970154,,
DTLZ4,MOEAD,7,16,19,1.5939726391160012,0.5204780472265922,0.04853035175970154,,
DTLZ4,MOEAD,7,16,20,1.5868403345300013,0.5204780472265922,0.04853035175970154,,
DTLZ4,MOEAD,7,16,21,1.593758280235001,0.5204780472265922,0.04853035175970154,,
DTLZ4,MOEAD,7,16,22,1.5917705887930012,0.5204780472265922,0.04853035175970154,,
DTLZ4,MOEAD,7,16,23,1.5920239220160013,0.5204780472265922,0.04853035175970154,,
DTLZ4,MOEAD,7,16,24,1.5902895637970011,0.5204780472265922,0.04853035175970154,,
DTLZ4,MOEAD,7,16,25,1.590562384191001,0.5204780472265922,0.04853035175970154,,
DTLZ4,MOEAD,7,16,26,1.5888085388010011,0.5204780472265922,0.04853035175970154,,
DTLZ4,MOEAD,7,16,27,1.5957849460190012,0.5204780472265922,0.04853035175970154,,
DTLZ4,MOEAD,7,16,28,1.5918680246480013,0.5204780472265922,0.04853035175970154,,
DTLZ4,MOEAD,7,16,29,1.5847941815750013,0.5204780472265922,0.04853035175970154,,
DTLZ4,MOEAD,7,16,30,1.5902311022840012,0.5204780472265922,0.04853035175970154,,
DTLZ4,MEAMT-ENXUTO,7,16,1,1.7431469331210012,0.47166254942222774,0.3099870661921564,,
DTLZ4,MEAMT-ENXUTO,7,16,2,1.7500259044840012,0.47166254942222774,0.3099870661921564,,
DTLZ4,MEAMT-ENXUTO,7,16,3,1.7492659048150012,0.47166254942222774,0.3099870661921564,,
DTLZ4,MEAMT-ENXUTO,7,16,4,1.7467520597560013,0.47166254942222774,0.3099870661921564,,
DTLZ4,MEAMT-ENXUTO,7,16,5,1.7488371870530013,0.47166254942222774,0.3099870661921564,,
DTLZ4,MEAMT-ENXUTO,7,16,6,1.7461479574550014,0.47166254942222774,0.3099870661921564,,
DTLZ4,MEAMT-ENXUTO,7,16,7,1.7473561620570013,0.47166254942222774,0.3099870661921564,,
DTLZ4,MEAMT-ENXUTO,7,16,8,1.7460700087710013,0.47166254942222774,0.3099870661921564,,
DTLZ4,MEAMT-ENXUTO,7,16,9,1.7455438551540012,0.47166254942222774,0.3099870661921564,,
DTLZ4,MEAMT-ENXUTO,7,16,10,1.7477264183060013,0.47166254942222774,0.3099870661921564,,
DTLZ4,MEAMT-ENXUTO,7,16,11,1.7398925755640011,0.47166254942222774,0.3099870661921564,,
DTLZ4,MEAMT-ENXUTO,7,16,12,1.7456023166670012,0.47166254942222774,0.3099870661921564,,
DTLZ4,MEAMT-ENXUTO,7,16,13,1.7491489817890014,0.47166254942222774,0.3099870661921564,,
DTLZ4,MEAMT-ENXUTO,7,16,14,1.7434392406860013,0.47166254942222774,0.3099870661921564,,
DTLZ4,MEAMT-ENXUTO,7,16,15,1.7473756492280013,0.47166254942222774,0.3099870661921564,,
DTLZ4,MEAMT-ENXUTO,7,16,16,1.7446669324590014,0.47166254942222774,0.3099870661921564,,
DTLZ4,MEAMT-ENXUTO,7,16,17,1.7444525735780012,0.47166254942222774,0.3099870661921564,,
DTLZ4,MEAMT-ENXUTO,7,16,18,1.7462648804810013,0.47166254942222774,0.3099870661921564,,
DTLZ4,MEAMT-ENXUTO,7,16,19,1.7420361643740012,0.47166254942222774,0.3099870661921564,,
DTLZ4,MEAMT-ENXUTO,7,16,20,1.7485838538300011,0.47166254942222774,0.3099870661921564,,
DTLZ4,MEAMT-ENXUTO,7,16,21,1.7467130854140014,0.47166254942222774,0.3099870661921564,,
DTLZ4,MEAMT-ENXUTO,7,16,22,1.7463038548230012,0.47166254942222774,0.3099870661921564,,
DTLZ4,MEAMT-ENXUTO,7,16,23,1.7471028288340014,0.47166254942222774,0.3099870661921564,,
DTLZ4,MEAMT-ENXUTO,7,16,24,1.7482330847520013,0.47166254942222774,0.3099870661921564,,
DTLZ4,MEAMT-ENXUTO,7,16,25,1.7473366748860013,0.47166254942222774,0.3099870661921564,,
DTLZ4,MEAMT-ENXUTO,7,16,26,1.7464207778490013,0.47166254942222774,0.3099870661921564,,
DTLZ4,MEAMT-ENXUTO,7,16,27,1.7461479574550014,0.47166254942222774,0.3099870661921564,,
DTLZ4,MEAMT-ENXUTO,7,16,28,1.7451930860760012,0.47166254942222774,0.3099870661921564,,
DTLZ4,MEAMT-ENXUTO,7,16,29,1.7430494972660013,0.47166254942222774,0.3099870661921564,,
DTLZ4,MEAMT-ENXUTO,7,16,30,1.7451930860760012,0.47166254942222774,0.3099870661921564,,
DTLZ4,NSGA3,7,16,1,1.9333612092520014,0.07193993505548898,0.16205331058559155,,
DTLZ4,NSGA3,7,16,2,1.9330104401740016,0.07193993505548898,0.16205331058559155,,
DTLZ4,NSGA3,7,16,3,1.9332247990550013,0.07193993505548898,0.16205331058559155,,
DTLZ4,NSGA3,7,16,4,1.9328935171480013,0.07193993505548898,0.16205331058559155,,
DTLZ4,NSGA3,7,16,5,1.9335950553040013,0.07193993505548898,0.16205331058559155,,
DTLZ4,NSGA3,7,16,6,1.9337704398430016,0.07193993505548898,0.16205331058559155,,
DTLZ4,NSGA3,7,16,7,1.9336340296460015,0.07193993505548898,0.16205331058559155,,
DTLZ4,NSGA3,7,16,8,1.9331468503710012,0.07193993505548898,0.16205331058559155,,
DTLZ4,NSGA3,7,16,9,1.9325037737280015,0.07193993505548898,0.16205331058559155,,
DTLZ4,NSGA3,7,16,10,1.9330883888580013,0.07193993505548898,0.16205331058559155,,
DTLZ4,NSGA3,7,16,11,1.9335171066200014,0.07193993505548898,0.16205331058559155,,
DTLZ4,NSGA3,7,16,12,1.9331858247130014,0.07193993505548898,0.16205331058559155,,
DTLZ4,NSGA3,7,16,13,1.9331663375420014,0.07193993505548898,0.16205331058559155,,
DTLZ4,NSGA3,7,16,14,1.9329324914900015,0.07193993505548898,0.16205331058559155,,
DTLZ4,NSGA3,7,16,15,1.9331858247130014,0.07193993505548898,0.16205331058559155,,
DTLZ4,NSGA3,7,16,16,1.9336730039880015,0.07193993505548898,0.16205331058559155,,
DTLZ4,NSGA3,7,16,17,1.9329324914900015,0.07193993505548898,0.16205331058559155,,
DTLZ4,NSGA3,7,16,18,1.9333806964230014,0.07193993505548898,0.16205331058559155,,
DTLZ4,NSGA3,7,16,19,1.9329519786610014,0.07193993505548898,0.16205331058559155,,
DTLZ4,NSGA3,7,16,20,1.9333027477390015,0.07193993505548898,0.16205331058559155,,
DTLZ4,NSGA3,7,16,21,1.9318606970850014,0.07193993505548898,0.16205331058559155,,
DTLZ4,NSGA3,7,16,22,1.9337314655010014,0.07193993505548898,0.16205331058559155,,
DTLZ4,NSGA3,7,16,23,1.9334976194490014,0.07193993505548898,0.16205331058559155,,
DTLZ4,NSGA3,7,16,24,1.9329130043190015,0.07193993505548898,0.16205331058559155,,
DTLZ4,NSGA3,7,16,25,1.9338873628690014,0.07193993505548898,0.16205331058559155,,
DTLZ4,NSGA3,7,16,26,1.9329909530030014,0.07193993505548898,0.16205331058559155,,
DTLZ4,NSGA3,7,16,27,1.9336924911590014,0.07193993505548898,0.16205331058559155,,
DTLZ4,NSGA3,7,16,28,1.9334001835940016,0.07193993505548898,0.16205331058559155,,
DTLZ4,NSGA3,7,16,29,1.9335560809620014,0.07193993505548898,0.16205331058559155,,
DTLZ4,NSGA3,7,16,30,1.9329324914900015,0.07193993505548898,0.16205331058559155,,
DPF3,MEAMT,3,22,1,0.9619370015539844,0.001877454141793912,0.02554026320586922,,
DPF3,MEAMT,3,22,2,0.9619370015539844,0.001877454141793912,0.02554026320586922,,
DPF3,MEAMT,3,22,3,0.9619370015539844,0.001877454141793912,0.02554026320586922,,
DPF3,MEAMT,3,22,4,0.9619370015539844,0.001877454141793912,0.02554026320586922,,
DPF3,MEAMT,3,22,5,0.9619370015539844,0.001877454141793912,0.02554026320586922,,
DPF3,MEAMT,3,22,6,0.9619370015539844,0.001877454141793912,0.02554026320586922,,
DPF3,MEAMT,3,22,7,0.9619370015539844,0.001877454141793912,0.02554026320586922,,
DPF3,MEAMT,3,22,8,0.9619370015539844,0.001877454141793912,0.02554026320586922,,
DPF3,MEAMT,3,22,9,0.9619370015539844,0.001877454141793912,0.02554026320586922,,
DPF3,MEAMT,3,22,10,0.9619370015539844,0.001877454141793912,0.02554026320586922,,
DPF3,MEAMT,3,22,11,0.9619370015539844,0.001877454141793912,0.02554026320586922,,
DPF3,MEAMT,3,22,12,0.9619370015539844,0.001877454141793912,0.02554026320586922,,
DPF3,MEAMT,3,22,13,0.9619370015539844,0.001877454141793912,0.02554026320586922,,
DPF3,MEAMT,3,22,14,0.9619370015539844,0.001877454141793912,0.02554026320586922,,
DPF3,MEAMT,3,22,15,0.9619370015539844,0.001877454141793912,0.02554026320586922,,
DPF3,MEAMT,3,22,16,0.9619370015539844,0.001877454141793912,0.02554026320586922,,
DPF3,MEAMT,3,22,17,0.9619370015539844,0.001877454141793912,0.02554026320586922,,
DPF3,MEAMT,3,22,18,0.9619370015539844,0.001877454141793912,0.02554026320586922,,
DPF3,MEAMT,3,22,19,0.9619370015539844,0.001877454141793912,0.02554026320586922,,
DPF3,MEAMT,3,22,20,0.9619370015539844,0.001877454141793912,0.02554026320586922,,
DPF3,MEAMT,3,22,21,0.9619370015539844,0.001877454141793912,0.02554026320586922,,
DPF3,MEAMT,3,22,22,0.9619370015539844,0.001877454141793912,0.02554026320586922,,
DPF3,MEAMT,3,22,23,0.9619370015539844,0.001877454141793912,0.02554026320586922,,
DPF3,MEAMT,3,22,24,0.9619370015539844,0.001877454141793912,0.02554026320586922,,
DPF3,MEAMT,3,22,25,0.9619370015539844,0.001877454141793912,0.02554026320586922,,
DPF3,MEAMT,3,22,26,0.9619370015539844,0.001877454141793912,0.02554026320586922,,
DPF3,MEAMT,3,22,27,0.9619370015539844,0.001877454141793912,0.02554026320586922,,
DPF3,MEAMT,3,22,28,0.9619370015539844,0.001877454141793912,0.02554026320586922,,
DPF3,MEAMT,3,22,29,0.9619370015539844,0.001877454141793912,0.02554026320586922,,
DPF3,MEAMT,3,22,30,0.9619370015539844,0.001877454141793912,0.02554026320586922,,
DPF3,MEAMT-ENXUTO,3,22,1,0.9689796303158582,0.0004129094247838922,0.004876802993814061,,
DPF3,MEAMT-ENXUTO,3,22,2,0.9701886169758582,0.0005607203022177564,0.004901651008348752,,
DPF3,MEAMT-ENXUTO,3,22,3,0.9695812168782834,0.0005464776303271844,0.0050416657757257665,,
DPF3,MEAMT-ENXUTO,3,22,4,0.9698767021302379,0.0005049480644145373,0.014243274955208707,,
DPF3,MEAMT-ENXUTO,3,22,5,0.9664621601954176,0.0006659107333394436,0.003872407998174229,,
DPF3,MEAMT-ENXUTO,3,22,6,0.9694264393585996,0.0008733132588161053,0.0050913767563400825,,
DPF3,MEAMT-ENXUTO,3,22,7,0.9702514611688717,0.0005961321613703091,0.004057267433692148,,
DPF3,MEAMT-ENXUTO,3,22,8,0.9701335962566783,0.0004979713931540967,0.004638322045592353,,
DPF3,MEAMT-ENXUTO,3,22,9,0.9692911503586142,0.00070123924826172,0.008184289190505565,,
DPF3,MEAMT-ENXUTO,3,22,10,0.970392838050368,0.00045918033824999784,0.005322724453453672,,
DPF3,MEAMT-ENXUTO,3,22,11,0.9696983247226907,0.0007841899729075495,0.004573295741884802,,
DPF3,MEAMT-ENXUTO,3,22,12,0.969299665922112,0.0005235847151293368,0.004518374817839323,,
DPF3,MEAMT-ENXUTO,3,22,13,0.9695580951761751,0.0007041682633303265,0.0032541640028932325,,
DPF3,MEAMT-ENXUTO,3,22,14,0.970263917624077,0.0005736108603613524,0.003972266641126483,,
DPF3,MEAMT-ENXUTO,3,22,15,0.9695500871033602,0.0005409386118074847,0.00411680267523546,,
DPF3,MEAMT-ENXUTO,3,22,16,0.9691566417519175,0.0006376989982085469,0.0041407938513342134,,
DPF3,MEAMT-ENXUTO,3,22,17,0.9685956268871623,0.0005086609306493974,0.003693935860837366,,
DPF3,MEAMT-ENXUTO,3,22,18,0.9678212386767414,0.0005461565581065794,0.005211916695396724,,
DPF3,MEAMT-ENXUTO,3,22,19,0.9667813506189632,0.0007019222213136406,0.007467229031758677,,
DPF3,MEAMT-ENXUTO,3,22,20,0.9685469349710443,0.0005762152761249388,0.0052899213070849195,,
DPF3,MEAMT-ENXUTO,3,22,21,0.9690084776191388,0.0005316108385943051,0.0036786909588274316,,
DPF3,MEAMT-ENXUTO,3,22,22,0.9696708943132828,0.0005320441432053268,0.0049909111079289225,,
DPF3,MEAMT-ENXUTO,3,22,23,0.9692972608237753,0.000713842690859501,0.0042450074275151494,,
DPF3,MEAMT-ENXUTO,3,22,24,0.9702397569263749,0.0004937233564703943,0.011075890675600318,,
DPF3,MEAMT-ENXUTO,3,22,25,0.9690045787593353,0.00048691542911545957,0.00415134837423167,,
DPF3,MEAMT-ENXUTO,3,22,26,0.9707284085405354,0.0007742567099448058,0.007495213728562571,,
DPF3,MEAMT-ENXUTO,3,22,27,0.9638938179932641,0.0009561258317459297,0.004046642078645427,,
DPF3,MEAMT-ENXUTO,3,22,28,0.9691321121158702,0.0008179222690115178,0.0037982111558224263,,
DPF3,MEAMT-ENXUTO,3,22,29,0.969275117027479,0.0007781962725758643,0.0034529772610329998,,
DPF3,MEAMT-ENXUTO,3,22,30,0.9681017186208105,0.000538725528365689,0.0049726168758734545,,
DPF3,NSGA3,3,22,1,0.9588887338998138,0.004359649429186804,0.043380306706943726,,
DPF3,NSGA3,3,22,2,0.9590114072283159,0.0041631307217707145,0.03713709582194901,,
DPF3,NSGA3,3,22,3,0.958879053514746,0.0043278632258761775,0.042961240388678136,,
DPF3,NSGA3,3,22,4,0.9590288139583536,0.004335108626040939,0.03912050953789894,,
DPF3,NSGA3,3,22,5,0.9590227274573258,0.004236547478921334,0.037692617197616185,,
DPF3,NSGA3,3,22,6,0.9590219768466167,0.004227433511287948,0.037744610810173315,,
DPF3,NSGA3,3,22,7,0.9588781182176556,0.00432707884798351,0.04300780817851689,,
DPF3,NSGA3,3,22,8,0.9590343196893731,0.0043652932963719185,0.0392958677324696,,
DPF3,NSGA3,3,22,9,0.9590200150315336,0.004208572100507632,0.03750898169262885,,
DPF3,NSGA3,3,22,10,0.9590173273096241,0.004171159925703721,0.03696809789281833,,
DPF3,NSGA3,3,22,11,0.9590226802674912,0.004200241725101342,0.03701139495187432,,
DPF3,NSGA3,3,22,12,0.9588859756963787,0.004350528086615642,0.043270995206456817,,
DPF3,NSGA3,3,22,13,0.9588826160803234,0.004341942168776353,0.04315280819437079,,
DPF3,NSGA3,3,22,14,0.9588759411667425,0.004329274476941165,0.04276006661205793,,
DPF3,NSGA3,3,22,15,0.9590197361434312,0.004191011894434812,0.03721283308873174,,
DPF3,NSGA3,3,22,16,0.95917079083424,0.003861115741567059,0.035806908133317134,,
DPF3,NSGA3,3,22,17,0.9588745570372764,0.004331685176253739,0.04271770923397505,,
DPF3,NSGA3,3,22,18,0.9588827734869395,0.00433582633920061,0.043116139167631254,,
DPF3,NSGA3,3,22,19,0.9588782115118407,0.004327429867064523,0.04299643955829457,,
DPF3,NSGA3,3,22,20,0.9590149560024324,0.004172551338284229,0.037143052874390334,,
DPF3,NSGA3,3,22,21,0.9588793476183812,0.004325750810881578,0.043053997913341926,,
DPF3,NSGA3,3,22,22,0.9588780408227623,0.004324999686837975,0.043012024743408955,,
DPF3,NSGA3,3,22,23,0.959013972431703,0.004154389829230546,0.036702611515855174,,
DPF3,NSGA3,3,22,24,0.9590316631436427,0.004311673898609124,0.038669844043395185,,
DPF3,NSGA3,3,22,25,0.9591710851173686,0.003953033368008318,0.03615684572546543,,
DPF3,NSGA3,3,22,26,0.95888613815523,0.00434935301057746,0.043243700093145696,,
DPF3,NSGA3,3,22,27,0.9590245517687703,0.004245593877689422,0.03762219042064522,,
DPF3,NSGA3,3,22,28,0.9590162535653071,0.004174848572906106,0.037141816004602264,,
DPF3,NSGA3,3,22,29,0.9588779199283264,0.004325936942547254,0.04303391156696994,,
DPF3,NSGA3,3,22,30,0.9588760037510651,0.004342971896181448,0.043609149271263394,,
DPF3,NSGA2deap,3,22,1,0.9727822374949913,0.00025543701732546573,0.002496336610732372,,
DPF3,NSGA2deap,3,22,2,0.972725546766728,0.0002121659915113706,0.0024324383192892733,,
DPF3,NSGA2deap,3,22,3,0.9727711411961362,0.00020225169106750636,0.0024752998095429243,,
DPF3,NSGA2deap,3,22,4,0.9727823262361018,0.00024147900210733965,0.0024196834468866234,,
DPF3,NSGA2deap,3,22,5,0.9726736132767833,0.00020373219282635146,0.002555620153434016,,
DPF3,NSGA2deap,3,22,6,0.9727490589164342,0.000344467045299387,0.002463148737729309,,
DPF3,NSGA2deap,3,22,7,0.9727105315959427,0.00023768674312281242,0.0025455097639477476,,
DPF3,NSGA2deap,3,22,8,0.9725911576175945,0.00019558053069296813,0.0023964266886266996,,
DPF3,NSGA2deap,3,22,9,0.9727006975998336,0.000196706632044039,0.002228109902092425,,
DPF3,NSGA2deap,3,22,10,0.9727376666239131,0.00020069922643375704,0.002495603662423914,,
DPF3,NSGA2deap,3,22,11,0.9726211856601958,0.00023992656360023704,0.0025415702969466517,,
DPF3,NSGA2deap,3,22,12,0.9727528099558123,0.00020564595208105968,0.002469756002220306,,
DPF3,NSGA2deap,3,22,13,0.972605723614027,0.00021413335851989547,0.0025788374080445782,,
DPF3,NSGA2deap,3,22,14,0.9728641969755261,0.0002312642361838004,0.0022345979682250184,,
DPF3,NSGA2deap,3,22,15,0.97274339314835,0.0002723153733783416,0.0024375322381955315,,
DPF3,NSGA2deap,3,22,16,0.9726359266899477,0.000235115098144668,0.0023445768171943917,,
DPF3,NSGA2deap,3,22,17,0.9726636274305911,0.00021487213348045828,0.0023087361437147936,,
DPF3,NSGA2deap,3,22,18,0.9728076103693086,0.00023501668610779398,0.002287557897020927,,
DPF3,NSGA2deap,3,22,19,0.9726875798600203,0.00021821724055315646,0.002427939982413092,,
DPF3,NSGA2deap,3,22,20,0.972708249623416,0.00018279328008411004,0.0023663984232507596,,
DPF3,NSGA2deap,3,22,21,0.9726063731344794,0.00023663729299273217,0.0025790973849305425,,
DPF3,NSGA2deap,3,22,22,0.9726290861761646,0.00024289662784729495,0.00239564152890523,,
DPF3,NSGA2deap,3,22,23,0.9726667079424687,0.00018491940524218448,0.002538828816429055,,
DPF3,NSGA2deap,3,22,24,0.9727017348588044,0.0002600251854226964,0.002402979786701874,,
DPF3,NSGA2deap,3,22,25,0.9726470327438299,0.0002084869495082691,0.0025222455012282497,,
DPF3,NSGA2deap,3,22,26,0.9726523901660045,0.00024036007010585784,0.0024098854288763607,,
DPF3,NSGA2deap,3,22,27,0.9727516372434948,0.0002110446403512737,0.0021610950462809466,,
DPF3,NSGA2deap,3,22,28,0.972745097247389,0.00024823115242020077,0.0024758190617404437,,
DPF3,NSGA2deap,3,22,29,0.9726525585706567,0.00023757185396841964,0.002387055071100084,,
DPF3,NSGA2deap,3,22,30,0.9726344834248066,0.00022585416116858477,0.002465460728187956,,
DPF3,MOEAD,3,22,1,0.9593500933235899,0.01850549191103457,0.003267792718232705,,
DPF3,MOEAD,3,22,2,0.9359969999281844,0.002269909345754954,0.017233276261364085,,
DPF3,MOEAD,3,22,3,0.9360232132137846,0.003636535838643015,0.017279263845465725,,
DPF3,MOEAD,3,22,4,0.9360035876101205,0.002522166263228845,0.017233575675017092,,
DPF3,MOEAD,3,22,5,0.9362419312892676,0.0017428029746206321,0.021342706598336182,,
DPF3,MOEAD,3,22,6,0.9359808701954435,0.002396089449080163,0.017145285815748607,,
DPF3,MOEAD,3,22,7,0.9360273755859093,0.004336100233803096,0.017350546571744993,,
DPF3,MOEAD,3,22,8,0.93601538933477,0.0016656450247407625,0.014538610165875208,,
DPF3,MOEAD,3,22,9,0.9359899309150508,0.0035084689548704156,0.017249522203049667,,
DPF3,MOEAD,3,22,10,0.9360195278077751,0.0026679029691160146,0.01725200892700062,,
DPF3,MOEAD,3,22,11,0.9359024160251588,0.0028611103107662817,0.01735469902064183,,
DPF3,MOEAD,3,22,12,0.936011951220412,0.0023224180022939113,0.021288098174484193,,
DPF3,MOEAD,3,22,13,0.9360557876983675,0.0047703920121399245,0.021281699749550253,,
DPF3,MOEAD,3,22,14,0.9360148398188868,0.0019864713881997714,0.017189039528109937,,
DPF3,MOEAD,3,22,15,0.9360259873811216,0.0020114880490908695,0.017159794347072075,,
DPF3,MOEAD,3,22,16,0.9359604694535031,0.001851696533018776,0.02141086375715876,,
DPF3,MOEAD,3,22,17,0.9360218815615753,0.00180575167400922,0.017243661098788537,,
DPF3,MOEAD,3,22,18,0.9359297080744247,0.0019999840542142735,0.01720481196815938,,
DPF3,MOEAD,3,22,19,0.9359394733107633,0.005769431976792936,0.0212522469731945,,
DPF3,MOEAD,3,22,20,0.9360430168665002,0.0016605492605569424,0.021378567056687628,,
DPF3,MOEAD,3,22,21,0.9361059671693059,0.003845387538762682,0.021260807515740995,,
DPF3,MOEAD,3,22,22,0.9360426329626141,0.0016651187614048887,0.021309902222383534,,
DPF3,MOEAD,3,22,23,0.9360086505134034,0.00229556591529919,0.017250144934055665,,
DPF3,MOEAD,3,22,24,0.9360151951474107,0.0020706014549797874,0.021252555510850465,,
DPF3,MOEAD,3,22,25,0.9359974221132371,0.005584179368311982,0.01728930287714693,,
DPF3,MOEAD,3,22,26,0.9359883827644786,0.007196298401517507,0.021342854213826878,,
DPF3,MOEAD,3,22,27,0.9358503672073153,0.0018890230901321137,0.017192301756383654,,
DPF3,MOEAD,3,22,28,0.9360242378100861,0.0030370542673690253,0.021333598518440768,,
DPF3,MOEAD,3,22,29,0.936228924870552,0.0016733511909798515,0.017226827408821827,,
DPF3,MOEAD,3,22,30,0.9360420852643878,0.0016911069423990776,0.017189246396647102,,
MochilaMultiobjetivo,NSGA3,7,100,1,0.8408714286500006,0.05112626249587625,0.07814260919005651,0.9622641509433962,0.037735849056603765
MochilaMultiobjetivo,NSGA3,7,100,2,0.8480037332360006,0.05112626249587625,0.07814260919005651,0.9622641509433962,0.037735849056603765
MochilaMultiobjetivo,NSGA3,7,100,3,0.8483155279720006,0.05112626249587625,0.07814260919005651,0.9622641509433962,0.037735849056603765
MochilaMultiobjetivo,NSGA3,7,100,4,0.8452170677830007,0.05112626249587625,0.07814260919005651,0.9622641509433962,0.037735849056603765
MochilaMultiobjetivo,NSGA3,7,100,5,0.8435801454190006,0.05112626249587625,0.07814260919005651,0.9622641509433962,0.037735849056603765
MochilaMultiobjetivo,NSGA3,7,100,6,0.8479062973810007,0.05112626249587625,0.07814260919005651,0.9622641509433962,0.037735849056603765
MochilaMultiobjetivo,NSGA3,7,100,7,0.8469124516600006,0.05112626249587625,0.07814260919005651,0.9622641509433962,0.037735849056603765
MochilaMultiobjetivo,NSGA3,7,100,8,0.8454119394930006,0.05112626249587625,0.07814260919005651,0.9622641509433962,0.037735849056603765
MochilaMultiobjetivo,NSGA3,7,100,9,0.8464642467270006,0.05112626249587625,0.07814260919005651,0.9622641509433962,0.037735849056603765
MochilaMultiobjetivo,NSGA3,7,100,10,0.8449247602180007,0.05112626249587625,0.07814260919005651,0.9622641509433962,0.037735849056603765
MochilaMultiobjetivo,NSGA3,7,100,11,0.8497380914550006,0.05112626249587625,0.07814260919005651,0.9622641509433962,0.037735849056603765
MochilaMultiobjetivo,NSGA3,7,100,12,0.8470683490280007,0.05112626249587625,0.07814260919005651,0.9622641509433962,0.037735849056603765
MochilaMultiobjetivo,NSGA3,7,100,13,0.8532068078930006,0.05112626249587625,0.07814260919005651,0.9622641509433962,0.037735849056603765
MochilaMultiobjetivo,NSGA3,7,100,14,0.8522714236850006,0.05112626249587625,0.07814260919005651,0.9622641509433962,0.037735849056603765
MochilaMultiobjetivo,NSGA3,7,100,15,0.8471462977120006,0.05112626249587625,0.07814260919005651,0.9622641509433962,0.037735849056603765
MochilaMultiobjetivo,NSGA3,7,100,16,0.8478673230390006,0.05112626249587625,0.07814260919005651,0.9622641509433962,0.037735849056603765
MochilaMultiobjetivo,NSGA3,7,100,17,0.8477698871840006,0.05112626249587625,0.07814260919005651,0.9622641509433962,0.037735849056603765
MochilaMultiobjetivo,NSGA3,7,100,18,0.8448468115340005,0.05112626249587625,0.07814260919005651,0.9622641509433962,0.037735849056603765
MochilaMultiobjetivo,NSGA3,7,100,19,0.8460939904780006,0.05112626249587625,0.07814260919005651,0.9622641509433962,0.037735849056603765
MochilaMultiobjetivo,NSGA3,7,100,20,0.8481206562620006,0.05112626249587625,0.07814260919005651,0.9622641509433962,0.037735849056603765
MochilaMultiobjetivo,NSGA3,7,100,21,0.8429760431180007,0.05112626249587625,0.07814260919005651,0.9622641509433962,0.037735849056603765
MochilaMultiobjetivo,NSGA3,7,100,22,0.8555257812420006,0.05112626249587625,0.07814260919005651,0.9622641509433962,0.037735849056603765
MochilaMultiobjetivo,NSGA3,7,100,23,0.8495627069160007,0.05112626249587625,0.07814260919005651,0.9622641509433962,0.037735849056603765
MochilaMultiobjetivo,NSGA3,7,100,24,0.8427616842370007,0.05112626249587625,0.07814260919005651,0.9622641509433962,0.037735849056603765
MochilaMultiobjetivo,NSGA3,7,100,25,0.8456457855450006,0.05112626249587625,0.07814260919005651,0.9622641509433962,0.037735849056603765
MochilaMultiobjetivo,NSGA3,7,100,26,0.8476334769870006,0.05112626249587625,0.07814260919005651,0.9622641509433962,0.037735849056603765
MochilaMultiobjetivo,NSGA3,7,100,27,0.8456457855450006,0.05112626249587625,0.07814260919005651,0.9622641509433962,0.037735849056603765
MochilaMultiobjetivo,NSGA3,7,100,28,0.8487247585630006,0.05112626249587625,0.07814260919005651,0.9622641509433962,0.037735849056603765
MochilaMultiobjetivo,NSGA3,7,100,29,0.8528560388150006,0.05112626249587625,0.07814260919005651,0.9622641509433962,0.037735849056603765
MochilaMultiobjetivo,NSGA3,7,100,30,0.8450221960730007,0.05112626249587625,0.07814260919005651,0.9622641509433962,0.037735849056603765
MochilaMultiobjetivo,MEAMT-ENXUTO,7,100,1,0.8016632405980006,0.08078600923690589,0.11816934706933581,0.944,0.05600000000000005
MochilaMultiobjetivo,MEAMT-ENXUTO,7,100,2,0.8031052912520006,0.08078600923690589,0.11816934706933581,0.944,0.05600000000000005
MochilaMultiobjetivo,MEAMT-ENXUTO,7,100,3,0.8026181119770006,0.08078600923690589,0.11816934706933581,0.944,0.05600000000000005
MochilaMultiobjetivo,MEAMT-ENXUTO,7,100,4,0.7984478573830005,0.08078600923690589,0.11816934706933581,0.944,0.05600000000000005
MochilaMultiobjetivo,MEAMT-ENXUTO,7,100,5,0.8030858040810005,0.08078600923690589,0.11816934706933581,0.944,0.05600000000000005
MochilaMultiobjetivo,MEAMT-ENXUTO,7,100,6,0.8034365731590005,0.08078600923690589,0.11816934706933581,0.944,0.05600000000000005
MochilaMultiobjetivo,MEAMT-ENXUTO,7,100,7,0.8048786238130006,0.08078600923690589,0.11816934706933581,0.944,0.05600000000000005
MochilaMultiobjetivo,MEAMT-ENXUTO,7,100,8,0.7999483695500005,0.08078600923690589,0.11816934706933581,0.944,0.05600000000000005
MochilaMultiobjetivo,MEAMT-ENXUTO,7,100,9,0.8058334951920005,0.08078600923690589,0.11816934706933581,0.944,0.05600000000000005
MochilaMultiobjetivo,MEAMT-ENXUTO,7,100,10,0.8041575984860007,0.08078600923690589,0.11816934706933581,0.944,0.05600000000000005
MochilaMultiobjetivo,MEAMT-ENXUTO,7,100,11,0.7996365748140005,0.08078600923690589,0.11816934706933581,0.944,0.05600000000000005
MochilaMultiobjetivo,MEAMT-ENXUTO,7,100,12,0.8022088813860007,0.08078600923690589,0.11816934706933581,0.944,0.05600000000000005
MochilaMultiobjetivo,MEAMT-ENXUTO,7,100,13,0.7994027287620006,0.08078600923690589,0.11816934706933581,0.944,0.05600000000000005
MochilaMultiobjetivo,MEAMT-ENXUTO,7,100,14,0.8068858024260006,0.08078600923690589,0.11816934706933581,0.944,0.05600000000000005
MochilaMultiobjetivo,MEAMT-ENXUTO,7,100,15,0.8027934965160006,0.08078600923690589,0.11816934706933581,0.944,0.05600000000000005
MochilaMultiobjetivo,MEAMT-ENXUTO,7,100,16,0.8045668290770006,0.08078600923690589,0.11816934706933581,0.944,0.05600000000000005
MochilaMultiobjetivo,MEAMT-ENXUTO,7,100,17,0.8013904202040005,0.08078600923690589,0.11816934706933581,0.944,0.05600000000000005
MochilaMultiobjetivo,MEAMT-ENXUTO,7,100,18,0.8034170859880005,0.08078600923690589,0.11816934706933581,0.944,0.05600000000000005
MochilaMultiobjetivo,MEAMT-ENXUTO,7,100,19,0.7983504215280005,0.08078600923690589,0.11816934706933581,0.944,0.05600000000000005
MochilaMultiobjetivo,MEAMT-ENXUTO,7,100,20,0.8089319553810006,0.08078600923690589,0.11816934706933581,0.944,0.05600000000000005
MochilaMultiobjetivo,MEAMT-ENXUTO,7,100,21,0.7998314465240006,0.08078600923690589,0.11816934706933581,0.944,0.05600000000000005
MochilaMultiobjetivo,MEAMT-ENXUTO,7,100,22,0.8017801636240005,0.08078600923690589,0.11816934706933581,0.944,0.05600000000000005
MochilaMultiobjetivo,MEAMT-ENXUTO,7,100,23,0.8059309310470005,0.08078600923690589,0.11816934706933581,0.944,0.05600000000000005
MochilaMultiobjetivo,MEAMT-ENXUTO,7,100,24,0.8003770873120005,0.08078600923690589,0.11816934706933581,0.944,0.05600000000000005
MochilaMultiobjetivo,MEAMT-ENXUTO,7,100,25,0.8010591382970006,0.08078600923690589,0.11816934706933581,0.944,0.05600000000000005
MochilaMultiobjetivo,MEAMT-ENXUTO,7,100,26,0.8022868300700006,0.08078600923690589,0.11816934706933581,0.944,0.05600000000000005
MochilaMultiobjetivo,MEAMT-ENXUTO,7,100,27,0.8017996507950006,0.08078600923690589,0.11816934706933581,0.944,0.05600000000000005
MochilaMultiobjetivo,MEAMT-ENXUTO,7,100,28,0.7993637544200006,0.08078600923690589,0.11816934706933581,0.944,0.05600000000000005
MochilaMultiobjetivo,MEAMT-ENXUTO,7,100,29,0.8032027271070006,0.08078600923690589,0.11816934706933581,0.944,0.05600000000000005
MochilaMultiobjetivo,MEAMT-ENXUTO,7,100,30,0.7978827294240006,0.08078600923690589,0.11816934706933581,0.944,0.05600000000000005
MochilaMultiobjetivo,MOEAD,7,100,1,0.6326120321730004,0.0920286709088886,0.01497196088910058,1.0,0.0
MochilaMultiobjetivo,MOEAD,7,100,2,0.6319104940170005,0.0920286709088886,0.01497196088910058,1.0,0.0
MochilaMultiobjetivo,MOEAD,7,100,3,0.6329043397380005,0.0920286709088886,0.01497196088910058,1.0,0.0
MochilaMultiobjetivo,MOEAD,7,100,4,0.6348725440090005,0.0920286709088886,0.01497196088910058,1.0,0.0
MochilaMultiobjetivo,MOEAD,7,100,5,0.6265125476500005,0.0920286709088886,0.01497196088910058,1.0,0.0
MochilaMultiobjetivo,MOEAD,7,100,6,0.6315402377680004,0.0920286709088886,0.01497196088910058,1.0,0.0
MochilaMultiobjetivo,MOEAD,7,100,7,0.6295915206680004,0.0920286709088886,0.01497196088910058,1.0,0.0
MochilaMultiobjetivo,MOEAD,7,100,8,0.6297669052070005,0.0920286709088886,0.01497196088910058,1.0,0.0
MochilaMultiobjetivo,MOEAD,7,100,9,0.6319104940170005,0.0920286709088886,0.01497196088910058,1.0,0.0
MochilaMultiobjetivo,MOEAD,7,100,10,0.6309751098090005,0.0920286709088886,0.01497196088910058,1.0,0.0
MochilaMultiobjetivo,MOEAD,7,100,11,0.6297669052070005,0.0920286709088886,0.01497196088910058,1.0,0.0
MochilaMultiobjetivo,MOEAD,7,100,12,0.6238817795650005,0.0920286709088886,0.01497196088910058,1.0,0.0
MochilaMultiobjetivo,MOEAD,7,100,13,0.6328263910540004,0.0920286709088886,0.01497196088910058,1.0,0.0
MochilaMultiobjetivo,MOEAD,7,100,14,0.6364510048600005,0.0920286709088886,0.01497196088910058,1.0,0.0
MochilaMultiobjetivo,MOEAD,7,100,15,0.6322612630950005,0.0920286709088886,0.01497196088910058,1.0,0.0
MochilaMultiobjetivo,MOEAD,7,100,16,0.6260838298880005,0.0920286709088886,0.01497196088910058,1.0,0.0
MochilaMultiobjetivo,MOEAD,7,100,17,0.6293771617870004,0.0920286709088886,0.01497196088910058,1.0,0.0
MochilaMultiobjetivo,MOEAD,7,100,18,0.6377566453170005,0.0920286709088886,0.01497196088910058,1.0,0.0
MochilaMultiobjetivo,MOEAD,7,100,19,0.6326315193440004,0.0920286709088886,0.01497196088910058,1.0,0.0
MochilaMultiobjetivo,MOEAD,7,100,20,0.6301761357980005,0.0920286709088886,0.01497196088910058,1.0,0.0
MochilaMultiobjetivo,MOEAD,7,100,21,0.6299228025750004,0.0920286709088886,0.01497196088910058,1.0,0.0
MochilaMultiobjetivo,MOEAD,7,100,22,0.6327484423700004,0.0920286709088886,0.01497196088910058,1.0,0.0
MochilaMultiobjetivo,MOEAD,7,100,23,0.6283443417240004,0.0920286709088886,0.01497196088910058,1.0,0.0
MochilaMultiobjetivo,MOEAD,7,100,24,0.6309945969800004,0.0920286709088886,0.01497196088910058,1.0,0.0
MochilaMultiobjetivo,MOEAD,7,100,25,0.6258304966650005,0.0920286709088886,0.01497196088910058,1.0,0.0
MochilaMultiobjetivo,MOEAD,7,100,26,0.6296304950100005,0.0920286709088886,0.01497196088910058,1.0,0.0
MochilaMultiobjetivo,MOEAD,7,100,27,0.6331186986190005,0.0920286709088886,0.01497196088910058,1.0,0.0
MochilaMultiobjetivo,MOEAD,7,100,28,0.6318520325040005,0.0920286709088886,0.01497196088910058,1.0,0.0
MochilaMultiobjetivo,MOEAD,7,100,29,0.6274479318580004,0.0920286709088886,0.01497196088910058,1.0,0.0
MochilaMultiobjetivo,MOEAD,7,100,30,0.6312479302030004,0.0920286709088886,0.01497196088910058,1.0,0.0
MochilaMultiobjetivo,NSGA2deap,7,100,1,0.7342571161090006,0.09335507492014092,0.13161581454949303,0.38,0.62
MochilaMultiobjetivo,NSGA2deap,7,100,2,0.7573299265730005,0.09570778352529045,0.13051075545232999,0.47333333333333333,0.5266666666666666
MochilaMultiobjetivo,NSGA2deap,7,100,3,0.7360499358410005,0.09090660447399287,0.13225231416614253,0.3933333333333333,0.6066666666666667
MochilaMultiobjetivo,NSGA2deap,7,100,4,0.7609545403790006,0.07532128222507732,0.1309040563267462,0.36666666666666664,0.6333333333333333
MochilaMultiobjetivo,NSGA2deap,7,100,5,0.7959534994950005,0.07015058599704112,0.12327528024936886,0.4633333333333333,0.5366666666666666
MochilaMultiobjetivo,NSGA2deap,7,100,6,0.7406878825390005,0.08391965109427088,0.12188178972599965,0.29333333333333333,0.7066666666666667
MochilaMultiobjetivo,NSGA2deap,7,100,7,0.7434940351630005,0.08790202144370464,0.13972151672579233,0.2,0.8
MochilaMultiobjetivo,NSGA2deap,7,100,8,0.7516981341540006,0.08208827291603903,0.1271421090690738,0.37,0.63
MochilaMultiobjetivo,NSGA2deap,7,100,9,0.7370242943910005,0.08899409698324177,0.13764000285298186,0.2966666666666667,0.7033333333333334
MochilaMultiobjetivo,NSGA2deap,7,100,10,0.7419350614830006,0.09131448245992799,0.13077220818040253,0.4666666666666667,0.5333333333333333
MochilaMultiobjetivo,NSGA2deap,7,100,11,0.7848847863670007,0.07698098637171846,0.13304423987179861,0.33666666666666667,0.6633333333333333
MochilaMultiobjetivo,NSGA2deap,7,100,12,0.7378427555730006,0.084675321218522,0.11295280585421585,0.27666666666666667,0.7233333333333334
MochilaMultiobjetivo,NSGA2deap,7,100,13,0.7748488933020005,0.08079683659974576,0.13390699256793404,0.39666666666666667,0.6033333333333333
MochilaMultiobjetivo,NSGA2deap,7,100,14,0.7692171008830007,0.07443122494678296,0.1327079335149666,0.29,0.71
MochilaMultiobjetivo,NSGA2deap,7,100,15,0.7241043000180005,0.1120944068258486,0.1371597801858628,0.3333333333333333,0.6666666666666667
MochilaMultiobjetivo,NSGA2deap,7,100,16,0.7683012038460005,0.08236617751828335,0.13259324459848998,0.27666666666666667,0.7233333333333334
MochilaMultiobjetivo,NSGA2deap,7,100,17,0.7536078769120006,0.08431218143116523,0.12909856611020745,0.38333333333333336,0.6166666666666667
MochilaMultiobjetivo,NSGA2deap,7,100,18,0.6956140560160005,0.10208652631012627,0.1454184581011815,0.22,0.78
MochilaMultiobjetivo,NSGA2deap,7,100,19,0.7234027618620005,0.09215662488846282,0.12443877277019602,0.44333333333333336,0.5566666666666666
MochilaMultiobjetivo,NSGA2deap,7,100,20,0.7516396726410005,0.07546575358566648,0.1250864673385258,0.3,0.7
MochilaMultiobjetivo,NSGA2deap,7,100,21,0.7160755855660006,0.09808570902826655,0.1341592803911259,0.31666666666666665,0.6833333333333333
MochilaMultiobjetivo,NSGA2deap,7,100,22,0.7500612117900006,0.07888460918142362,0.13262431802981636,0.49666666666666665,0.5033333333333334
MochilaMultiobjetivo,NSGA2deap,7,100,23,0.7614417196540005,0.07878262851887441,0.12145550061566382,0.5166666666666667,0.4833333333333333
MochilaMultiobjetivo,NSGA2deap,7,100,24,0.7683791525300006,0.08133796628811245,0.13146455619935118,0.41,0.5900000000000001
MochilaMultiobjetivo,NSGA2deap,7,100,25,0.8228457954750006,0.06362782105055458,0.12829219131090175,0.30666666666666664,0.6933333333333334
MochilaMultiobjetivo,NSGA2deap,7,100,26,0.7518345443510005,0.0833728690557565,0.12914946734675964,0.30333333333333334,0.6966666666666667
MochilaMultiobjetivo,NSGA2deap,7,100,27,0.7330878858490005,0.08138693890408709,0.1305813186394491,0.41,0.5900000000000001
MochilaMultiobjetivo,NSGA2deap,7,100,28,0.8117186208340006,0.06780452096708414,0.13195964291062454,0.34,0.6599999999999999
MochilaMultiobjetivo,NSGA2deap,7,100,29,0.7333996805850006,0.07940157221202052,0.130095262739808,0.44333333333333336,0.5566666666666666
MochilaMultiobjetivo,NSGA2deap,7,100,30,0.7281381444150005,0.08958308100484742,0.12575386627000204,0.25666666666666665,0.7433333333333334
MochilaMultiobjetivo,MEAMT,7,100,1,1.0148723785090006,0.022404893149183258,0.052346365073108074,0.9893175074183976,0.010682492581602365
MochilaMultiobjetivo,MEAMT,7,100,2,1.0172887877130008,0.022404893149183258,0.052346365073108074,0.9893175074183976,0.010682492581602365
MochilaMultiobjetivo,MEAMT,7,100,3,1.018321607776001,0.022404893149183258,0.052346365073108074,0.9893175074183976,0.010682492581602365
MochilaMultiobjetivo,MEAMT,7,100,4,1.0194713508650008,0.022404893149183258,0.052346365073108074,0.9893175074183976,0.010682492581602365
MochilaMultiobjetivo,MEAMT,7,100,5,1.0146580196280008,0.022404893149183258,0.052346365073108074,0.9893175074183976,0.010682492581602365
MochilaMultiobjetivo,MEAMT,7,100,6,1.0099226370750007,0.022404893149183258,0.052346365073108074,0.9893175074183976,0.010682492581602365
MochilaMultiobjetivo,MEAMT,7,100,7,1.0152816091000008,0.022404893149183258,0.052346365073108074,0.9893175074183976,0.010682492581602365
MochilaMultiobjetivo,MEAMT,7,100,8,1.0154569936390008,0.022404893149183258,0.052346365073108074,0.9893175074183976,0.010682492581602365
MochilaMultiobjetivo,MEAMT,7,100,9,1.014229301866001,0.022404893149183258,0.052346365073108074,0.9893175074183976,0.010682492581602365
MochilaMultiobjetivo,MEAMT,7,100,10,1.016645711070001,0.022404893149183258,0.052346365073108074,0.9893175074183976,0.010682492581602365
MochilaMultiobjetivo,MEAMT,7,100,11,1.0172887877130008,0.022404893149183258,0.052346365073108074,0.9893175074183976,0.010682492581602365
MochilaMultiobjetivo,MEAMT,7,100,12,1.0161000702820007,0.022404893149183258,0.052346365073108074,0.9893175074183976,0.010682492581602365
MochilaMultiobjetivo,MEAMT,7,100,13,1.0158467370590007,0.022404893149183258,0.052346365073108074,0.9893175074183976,0.010682492581602365
MochilaMultiobjetivo,MEAMT,7,100,14,1.0118908413460008,0.022404893149183258,0.052346365073108074,0.9893175074183976,0.010682492581602365
MochilaMultiobjetivo,MEAMT,7,100,15,1.0178344285010008,0.022404893149183258,0.052346365073108074,0.9893175074183976,0.010682492581602365
MochilaMultiobjetivo,MEAMT,7,100,16,1.0200949403370008,0.022404893149183258,0.052346365073108074,0.9893175074183976,0.010682492581602365
MochilaMultiobjetivo,MEAMT,7,100,17,1.0202898120470008,0.022404893149183258,0.052346365073108074,0.9893175074183976,0.010682492581602365
MochilaMultiobjetivo,MEAMT,7,100,18,1.0139175071300006,0.022404893149183258,0.052346365073108074,0.9893175074183976,0.010682492581602365
MochilaMultiobjetivo,MEAMT,7,100,19,1.0138395584460007,0.022404893149183258,0.052346365073108074,0.9893175074183976,0.010682492581602365
MochilaMultiobjetivo,MEAMT,7,100,20,1.0158467370590007,0.022404893149183258,0.052346365073108074,0.9893175074183976,0.010682492581602365
MochilaMultiobjetivo,MEAMT,7,100,21,1.0182436590920008,0.022404893149183258,0.052346365073108074,0.9893175074183976,0.010682492581602365
MochilaMultiobjetivo,MEAMT,7,100,22,1.009240586090001,0.022404893149183258,0.052346365073108074,0.9893175074183976,0.010682492581602365
MochilaMultiobjetivo,MEAMT,7,100,23,1.0159636600850006,0.022404893149183258,0.052346365073108074,0.9893175074183976,0.010682492581602365
MochilaMultiobjetivo,MEAMT,7,100,24,1.0043493061690008,0.022404893149183258,0.052346365073108074,0.9893175074183976,0.010682492581602365
MochilaMultiobjetivo,MEAMT,7,100,25,1.0086169966180007,0.022404893149183258,0.052346365073108074,0.9893175074183976,0.010682492581602365
MochilaMultiobjetivo,MEAMT,7,100,26,1.0146190452860007,0.022404893149183258,0.052346365073108074,0.9893175074183976,0.010682492581602365
MochilaMultiobjetivo,MEAMT,7,100,27,1.0128457127250008,0.022404893149183258,0.052346365073108074,0.9893175074183976,0.010682492581602365
MochilaMultiobjetivo,MEAMT,7,100,28,1.0103318676660007,0.022404893149183258,0.052346365073108074,0.9893175074183976,0.010682492581602365
MochilaMultiobjetivo,MEAMT,7,100,29,1.0173667363970007,0.022404893149183258,0.052346365073108074,0.9893175074183976,0.010682492581602365
MochilaMultiobjetivo,MEAMT,7,100,30,1.0118128926620007,0.022404893149183258,0.052346365073108074,0.9893175074183976,0.010682492581602365
DTLZ2,NSGA3,7,16,1,1.9324647993860014,0.07199534570973161,0.16230723059678115,,
DTLZ2,NSGA3,7,16,2,1.9325037737280015,0.07199534570973161,0.16230723059678115,,
DTLZ2,NSGA3,7,16,3,1.9324842865570016,0.07199534570973161,0.16230723059678115,,
DTLZ2,NSGA3,7,16,4,1.9329324914900015,0.07199534570973161,0.16230723059678115,,
DTLZ2,NSGA3,7,16,5,1.9318801842560014,0.07199534570973161,0.16230723059678115,,
DTLZ2,NSGA3,7,16,6,1.9329909530030014,0.07199534570973161,0.16230723059678115,,
DTLZ2,NSGA3,7,16,7,1.9320945431370014,0.07199534570973161,0.16230723059678115,,
DTLZ2,NSGA3,7,16,8,1.9330494145160013,0.07199534570973161,0.16230723059678115,,
DTLZ2,NSGA3,7,16,9,1.9324258250440014,0.07199534570973161,0.16230723059678115,,
DTLZ2,NSGA3,7,16,10,1.9317437740590013,0.07199534570973161,0.16230723059678115,,
DTLZ2,NSGA3,7,16,11,1.9327765941220014,0.07199534570973161,0.16230723059678115,,
DTLZ2,NSGA3,7,16,12,1.9325232608990013,0.07199534570973161,0.16230723059678115,,
DTLZ2,NSGA3,7,16,13,1.9317437740590013,0.07199534570973161,0.16230723059678115,,
DTLZ2,NSGA3,7,16,14,1.9320945431370014,0.07199534570973161,0.16230723059678115,,
DTLZ2,NSGA3,7,16,15,1.9326012095830014,0.07199534570973161,0.16230723059678115,,
DTLZ2,NSGA3,7,16,16,1.9335755681330014,0.07199534570973161,0.16230723059678115,,
DTLZ2,NSGA3,7,16,17,1.9326986454380013,0.07199534570973161,0.16230723059678115,,
DTLZ2,NSGA3,7,16,18,1.9320165944530014,0.07199534570973161,0.16230723059678115,,
DTLZ2,NSGA3,7,16,19,1.9321140303080016,0.07199534570973161,0.16230723059678115,,
DTLZ2,NSGA3,7,16,20,1.9323478763600015,0.07199534570973161,0.16230723059678115,,
DTLZ2,NSGA3,7,16,21,1.9329519786610014,0.07199534570973161,0.16230723059678115,,
DTLZ2,NSGA3,7,16,22,1.9327181326090013,0.07199534570973161,0.16230723059678115,,
DTLZ2,NSGA3,7,16,23,1.9330299273450013,0.07199534570973161,0.16230723059678115,,
DTLZ2,NSGA3,7,16,24,1.9330494145160013,0.07199534570973161,0.16230723059678115,,
DTLZ2,NSGA3,7,16,25,1.9326401839250014,0.07199534570973161,0.16230723059678115,,
DTLZ2,NSGA3,7,16,26,1.9327960812930014,0.07199534570973161,0.16230723059678115,,
DTLZ2,NSGA3,7,16,27,1.9324842865570016,0.07199534570973161,0.16230723059678115,,
DTLZ2,NSGA3,7,16,28,1.9323089020180015,0.07199534570973161,0.16230723059678115,,
DTLZ2,NSGA3,7,16,29,1.9320555687950016,0.07199534570973161,0.16230723059678115,,
DTLZ2,NSGA3,7,16,30,1.9315489023490013,0.07199534570973161,0.16230723059678115,,
DTLZ2,MEAMT,7,16,1,1.8640063676630014,0.1405393929789956,0.024950040255588123,,
DTLZ2,MEAMT,7,16,2,1.8647079058190015,0.1405393929789956,0.024950040255588123,,
DTLZ2,MEAMT,7,16,3,1.8652730337780015,0.1405393929789956,0.024950040255588123,,
DTLZ2,MEAMT,7,16,4,1.8637530344400015,0.1405393929789956,0.024950040255588123,,
DTLZ2,MEAMT,7,16,5,1.8639868804920015,0.1405393929789956,0.024950040255588123,,
DTLZ2,MEAMT,7,16,6,1.8618822660240013,0.1405393929789956,0.024950040255588123,,
DTLZ2,MEAMT,7,16,7,1.8647273929900012,0.1405393929789956,0.024950040255588123,,
DTLZ2,MEAMT,7,16,8,1.8642597008860013,0.1405393929789956,0.024950040255588123,,
DTLZ2,MEAMT,7,16,9,1.8641427778600013,0.1405393929789956,0.024950040255588123,,
DTLZ2,MEAMT,7,16,10,1.8634607268750014,0.1405393929789956,0.024950040255588123,,
DTLZ2,MEAMT,7,16,11,1.8642402137150014,0.1405393929789956,0.024950040255588123,,
DTLZ2,MEAMT,7,16,12,1.8633438038490013,0.1405393929789956,0.024950040255588123,,
DTLZ2,MEAMT,7,16,13,1.8650391877260013,0.1405393929789956,0.024950040255588123,,
DTLZ2,MEAMT,7,16,14,1.8652925209490014,0.1405393929789956,0.024950040255588123,,
DTLZ2,MEAMT,7,16,15,1.8673191867330015,0.1405393929789956,0.024950040255588123,,
DTLZ2,MEAMT,7,16,16,1.8645909827930012,0.1405393929789956,0.024950040255588123,,
DTLZ2,MEAMT,7,16,17,1.8680596992310012,0.1405393929789956,0.024950040255588123,,
DTLZ2,MEAMT,7,16,18,1.8649612390420014,0.1405393929789956,0.024950040255588123,,
DTLZ2,MEAMT,7,16,19,1.8626617528640015,0.1405393929789956,0.024950040255588123,,
DTLZ2,MEAMT,7,16,20,1.8659940591050015,0.1405393929789956,0.024950040255588123,,
DTLZ2,MEAMT,7,16,21,1.8630904706260014,0.1405393929789956,0.024950040255588123,,
DTLZ2,MEAMT,7,16,22,1.8640648291760014,0.1405393929789956,0.024950040255588123,,
DTLZ2,MEAMT,7,16,23,1.8637725216110013,0.1405393929789956,0.024950040255588123,,
DTLZ2,MEAMT,7,16,24,1.8642791880570013,0.1405393929789956,0.024950040255588123,,
DTLZ2,MEAMT,7,16,25,1.8626227785220013,0.1405393929789956,0.024950040255588123,,
DTLZ2,MEAMT,7,16,26,1.8668709818000013,0.1405393929789956,0.024950040255588123,,
DTLZ2,MEAMT,7,16,27,1.8646104699640014,0.1405393929789956,0.024950040255588123,,
DTLZ2,MEAMT,7,16,28,1.8636750857560014,0.1405393929789956,0.024950040255588123,,
DTLZ2,MEAMT,7,16,29,1.8649222647000012,0.1405393929789956,0.024950040255588123,,
DTLZ2,MEAMT,7,16,30,1.8642597008860013,0.1405393929789956,0.024950040255588123,,
DTLZ2,MEAMT-ENXUTO,7,16,1,1.6816843957870014,0.14296571000201652,0.046172786684263,,
DTLZ2,MEAMT-ENXUTO,7,16,2,1.6827172158500012,0.14296571000201652,0.046172786684263,,
DTLZ2,MEAMT-ENXUTO,7,16,3,1.6840618306490012,0.14296571000201652,0.046172786684263,,
DTLZ2,MEAMT-ENXUTO,7,16,4,1.6825613184820012,0.14296571000201652,0.046172786684263,,
DTLZ2,MEAMT-ENXUTO,7,16,5,1.685601317158001,0.14296571000201652,0.046172786684263,,
DTLZ2,MEAMT-ENXUTO,7,16,6,1.6833797796640013,0.14296571000201652,0.046172786684263,,
DTLZ2,MEAMT-ENXUTO,7,16,7,1.6835356770320014,0.14296571000201652,0.046172786684263,,
DTLZ2,MEAMT-ENXUTO,7,16,8,1.6885828543210013,0.14296571000201652,0.046172786684263,,
DTLZ2,MEAMT-ENXUTO,7,16,9,1.6874720855740013,0.14296571000201652,0.046172786684263,,
DTLZ2,MEAMT-ENXUTO,7,16,10,1.6873941368900012,0.14296571000201652,0.046172786684263,,
DTLZ2,MEAMT-ENXUTO,7,16,11,1.6866341372210012,0.14296571000201652,0.046172786684263,,
DTLZ2,MEAMT-ENXUTO,7,16,12,1.6871018293250013,0.14296571000201652,0.046172786684263,,
DTLZ2,MEAMT-ENXUTO,7,16,13,1.6806710628950012,0.14296571000201652,0.046172786684263,,
DTLZ2,MEAMT-ENXUTO,7,16,14,1.6852115737380011,0.14296571000201652,0.046172786684263,,
DTLZ2,MEAMT-ENXUTO,7,16,15,1.6851725993960012,0.14296571000201652,0.046172786684263,,
DTLZ2,MEAMT-ENXUTO,7,16,16,1.6832823438090012,0.14296571000201652,0.046172786684263,,
DTLZ2,MEAMT-ENXUTO,7,16,17,1.6900833664880013,0.14296571000201652,0.046172786684263,,
DTLZ2,MEAMT-ENXUTO,7,16,18,1.682522344140001,0.14296571000201652,0.046172786684263,,
DTLZ2,MEAMT-ENXUTO,7,16,19,1.6849387533440012,0.14296571000201652,0.046172786684263,,
DTLZ2,MEAMT-ENXUTO,7,16,20,1.6834577283480012,0.14296571000201652,0.046172786684263,,
DTLZ2,MEAMT-ENXUTO,7,16,21,1.685796188868001,0.14296571000201652,0.046172786684263,,
DTLZ2,MEAMT-ENXUTO,7,16,22,1.6859520862360013,0.14296571000201652,0.046172786684263,,
DTLZ2,MEAMT-ENXUTO,7,16,23,1.6849777276860012,0.14296571000201652,0.046172786684263,,
DTLZ2,MEAMT-ENXUTO,7,16,24,1.6817818316420012,0.14296571000201652,0.046172786684263,,
DTLZ2,MEAMT-ENXUTO,7,16,25,1.6840228563070012,0.14296571000201652,0.046172786684263,,
DTLZ2,MEAMT-ENXUTO,7,16,26,1.6883490082690011,0.14296571000201652,0.046172786684263,,
DTLZ2,MEAMT-ENXUTO,7,16,27,1.6831654207830011,0.14296571000201652,0.046172786684263,,
DTLZ2,MEAMT-ENXUTO,7,16,28,1.6860690092620012,0.14296571000201652,0.046172786684263,,
DTLZ2,MEAMT-ENXUTO,7,16,29,1.6844320868980014,0.14296571000201652,0.046172786684263,,
DTLZ2,MEAMT-ENXUTO,7,16,30,1.6846854201210013,0.14296571000201652,0.046172786684263,,
DTLZ2,MOEAD,7,16,1,1.9318412099140014,0.07193423678322305,0.16225657463184262,,
DTLZ2,MOEAD,7,16,2,1.9334781322780012,0.07193423678322305,0.16225657463184262,,
DTLZ2,MOEAD,7,16,3,1.9330299273450013,0.07193423678322305,0.16225657463184262,,
DTLZ2,MOEAD,7,16,4,1.9325817224120014,0.07193423678322305,0.16225657463184262,,
DTLZ2,MOEAD,7,16,5,1.9326596710960013,0.07193423678322305,0.16225657463184262,,
DTLZ2,MOEAD,7,16,6,1.9333027477390015,0.07193423678322305,0.16225657463184262,,
DTLZ2,MOEAD,7,16,7,1.9323478763600015,0.07193423678322305,0.16225657463184262,,
DTLZ2,MOEAD,7,16,8,1.9324842865570016,0.07193423678322305,0.16225657463184262,,
DTLZ2,MOEAD,7,16,9,1.9320555687950016,0.07193423678322305,0.16225657463184262,,
DTLZ2,MOEAD,7,16,10,1.9323089020180015,0.07193423678322305,0.16225657463184262,,
DTLZ2,MOEAD,7,16,11,1.9308473641930013,0.07193423678322305,0.16225657463184262,,
DTLZ2,MOEAD,7,16,12,1.9328545428060013,0.07193423678322305,0.16225657463184262,,
DTLZ2,MOEAD,7,16,13,1.9324647993860014,0.07193423678322305,0.16225657463184262,,
DTLZ2,MOEAD,7,16,14,1.9330104401740016,0.07193423678322305,0.16225657463184262,,
DTLZ2,MOEAD,7,16,15,1.9321724918210015,0.07193423678322305,0.16225657463184262,,
DTLZ2,MOEAD,7,16,16,1.9316853125460014,0.07193423678322305,0.16225657463184262,,
DTLZ2,MOEAD,7,16,17,1.9324258250440014,0.07193423678322305,0.16225657463184262,,
DTLZ2,MOEAD,7,16,18,1.9331078760290015,0.07193423678322305,0.16225657463184262,,
DTLZ2,MOEAD,7,16,19,1.9323283891890013,0.07193423678322305,0.16225657463184262,,
DTLZ2,MOEAD,7,16,20,1.9325232608990013,0.07193423678322305,0.16225657463184262,,
DTLZ2,MOEAD,7,16,21,1.9324647993860014,0.07193423678322305,0.16225657463184262,,
DTLZ2,MOEAD,7,16,22,1.9336145424750013,0.07193423678322305,0.16225657463184262,,
DTLZ2,MOEAD,7,16,23,1.9329519786610014,0.07193423678322305,0.16225657463184262,,
DTLZ2,MOEAD,7,16,24,1.9330883888580013,0.07193423678322305,0.16225657463184262,,
DTLZ2,MOEAD,7,16,25,1.9326012095830014,0.07193423678322305,0.16225657463184262,,
DTLZ2,MOEAD,7,16,26,1.9326986454380013,0.07193423678322305,0.16225657463184262,,
DTLZ2,MOEAD,7,16,27,1.9327765941220014,0.07193423678322305,0.16225657463184262,,
DTLZ2,MOEAD,7,16,28,1.9324453122150014,0.07193423678322305,0.16225657463184262,,
DTLZ2,MOEAD,7,16,29,1.9326012095830014,0.07193423678322305,0.16225657463184262,,
DTLZ2,MOEAD,7,16,30,1.9331663375420014,0.07193423678322305,0.16225657463184262,,
DTLZ2,NSGA2deap,7,16,1,,0.0,0.0,,
DTLZ2,NSGA2deap,7,16,2,0.3856316269190003,0.6684897675408774,1.4008643888810208,,
DTLZ2,NSGA2deap,7,16,3,0.5615033451940005,0.6366824522176583,2.1042658462468653,,
DTLZ2,NSGA2deap,7,16,4,0.12117122927800009,1.3060133930562465,0.6561710691889676,,
DTLZ2,NSGA2deap,7,16,5,0.23472297469500017,0.7731092865429607,0.0,,
DTLZ2,NSGA2deap,7,16,6,,0.0,0.0,,
DTLZ2,NSGA2deap,7,16,7,0.7942776027890006,0.4630140403634106,0.7256072417748396,,
DTLZ2,NSGA2deap,7,16,8,0.00023384605200000018,2.3589326265471073,0.0,,
DTLZ2,NSGA2deap,7,16,9,,0.0,0.0,,
DTLZ2,NSGA2deap,7,16,10,,0.0,0.0,,
DTLZ2,NSGA2deap,7,16,11,,0.0,0.0,,
DTLZ2,NSGA2deap,7,16,12,0.34757318195600023,0.6925027964327646,0.0,,
DTLZ2,NSGA2deap,7,16,13,0.37586855424800025,0.7386163724250918,1.1444806168459538,,
DTLZ2,NSGA2deap,7,16,14,0.0034102549250000025,2.0278509217781044,0.0,,
DTLZ2,NSGA2deap,7,16,15,0.07896201689200005,1.5253913462601738,1.672108929770402,,
DTLZ2,NSGA2deap,7,16,16,,0.0,0.0,,
DTLZ2,NSGA2deap,7,16,17,0.08393124549700005,1.3257682193537101,0.07088212662343056,,
DTLZ2,NSGA2deap,7,16,18,0.8388447628660006,0.4379660311993863,1.0856597484072548,,
DTLZ2,NSGA2deap,7,16,19,,0.0,0.0,,
DTLZ2,NSGA2deap,7,16,20,0.2574450160810002,0.7864029888160263,1.6425167944376746,,
DTLZ2,NSGA2deap,7,16,21,0.5104664443450004,0.7817648654718099,1.5282716275741097,,
DTLZ2,NSGA2deap,7,16,22,0.0035076907800000025,2.0413982545210825,0.0,,
DTLZ2,NSGA2deap,7,16,23,0.45442134054900035,0.7166392854158985,1.6816211603441398,,
DTLZ2,NSGA2deap,7,16,24,0.00037025624900000027,2.400695171947795,0.0,,
DTLZ2,NSGA2deap,7,16,25,0.0011692302600000007,2.2459294671759222,0.0,,
DTLZ2,NSGA2deap,7,16,26,0.16735582454800013,1.3502376858589253,1.3367332115255322,,
DTLZ2,NSGA2deap,7,16,27,0.10484097998000008,1.4001607858587874,0.9903805473474369,,
DTLZ2,NSGA2deap,7,16,28,0.5576253981650005,0.6248280970848392,0.0,,
DTLZ2,NSGA2deap,7,16,29,,0.0,0.0,,
DTLZ2,NSGA2deap,7,16,30,0.0006625638140000006,2.3449718047253247,0.0,,
DTLZ2,NSGA3,5,14,1,1.5685145323515366,0.049169730159495266,0.10974386137057493,,
DTLZ2,NSGA3,5,14,2,1.5685139572298996,0.04917643668346208,0.10981536857585095,,
DTLZ2,NSGA3,5,14,3,1.5685151753212008,0.0491784492019191,0.1098201998576768,,
DTLZ2,NSGA3,5,14,4,1.5685161038871507,0.04917068860817678,0.10972270999766637,,
DTLZ2,NSGA3,5,14,5,1.5685141924441603,0.04918397628758275,0.10974827922278572,,
DTLZ2,NSGA3,5,14,6,1.5685105015434155,0.04917234015485993,0.10971058045525714,,
DTLZ2,NSGA3,5,14,7,1.5684709011570772,0.0492588299826263,0.10976820927731737,,
DTLZ2,NSGA3,5,14,8,1.568512278745632,0.04918191014547383,0.10973346473855364,,
DTLZ2,NSGA3,5,14,9,1.5685158063286124,0.04920182515879101,0.10971543984446394,,
DTLZ2,NSGA3,5,14,10,1.568513812013136,0.049168980043758144,0.10978231980435746,,
DTLZ2,NSGA3,5,14,11,1.5685014690003896,0.04917773109505854,0.10964241057469352,,
DTLZ2,NSGA3,5,14,12,1.5685149167319294,0.04916906878964283,0.10971967224910395,,
DTLZ2,NSGA3,5,14,13,1.5685132900935508,0.04917730582952428,0.10982471524728273,,
DTLZ2,NSGA3,5,14,14,1.5685135678241104,0.04916948308498884,0.10979581128989899,,
DTLZ2,NSGA3,5,14,15,1.5685064077337811,0.049197045002623424,0.10979861699101988,,
DTLZ2,NSGA3,5,14,16,1.5685138597003525,0.04918497605807292,0.10982209570908426,,
DTLZ2,NSGA3,5,14,17,1.5685134738618793,0.049178339569165855,0.10977518789353907,,
DTLZ2,NSGA3,5,14,18,1.5685115391720623,0.04918393573006383,0.10970991491208142,,
DTLZ2,NSGA3,5,14,19,1.5685131682926592,0.04916899145374774,0.10975140989101899,,
DTLZ2,NSGA3,5,14,20,1.5685145110942456,0.04917846099540617,0.1096771357777042,,
DTLZ2,NSGA3,5,14,21,1.5685136843111422,0.04917089414760526,0.10978279812113051,,
DTLZ2,NSGA3,5,14,22,1.568513601871767,0.049183847431643224,0.10972125486348434,,
DTLZ2,NSGA3,5,14,23,1.5685079958909092,0.049190435495736484,0.10984668784807027,,
DTLZ2,NSGA3,5,14,24,1.5685147801225967,0.049171167928183934,0.10976341467786463,,
DTLZ2,NSGA3,5,14,25,1.5685100870768292,0.049185096932782266,0.10981329217503784,,
DTLZ2,NSGA3,5,14,26,1.568514225887815,0.049183463056418096,0.10977308199196333,,
DTLZ2,NSGA3,5,14,27,1.568513593459027,0.04917508947374587,0.10974092216379915,,
DTLZ2,NSGA3,5,14,28,1.5685116004137485,0.04920271767556117,0.10977346385959345,,
DTLZ2,NSGA3,5,14,29,1.5685141359607269,0.049175788131454526,0.10983002615138995,,
DTLZ2,NSGA3,5,14,30,1.5685140152533315,0.04917936802821087,0.10978627761361048,,
DTLZ2,MEAMT-ENXUTO,5,14,1,1.507219667839453,0.11392999364821597,0.09508459212601524,,
DTLZ2,MEAMT-ENXUTO,5,14,2,1.405951892784846,0.14719436679677889,0.14794816154993298,,
DTLZ2,MEAMT-ENXUTO,5,14,3,1.4769839658424733,0.11895605937166635,0.111288874895038,,
DTLZ2,MEAMT-ENXUTO,5,14,4,1.4794529160170418,0.12618723753117436,0.05446816911156691,,
DTLZ2,MEAMT-ENXUTO,5,14,5,1.4773109019758013,0.12744099195352662,0.0561643246374689,,
DTLZ2,MEAMT-ENXUTO,5,14,6,1.428294182079399,0.13999140104315005,0.07195110018521403,,
DTLZ2,MEAMT-ENXUTO,5,14,7,1.456121389034208,0.13630928524977495,0.07115143706328413,,
DTLZ2,MEAMT-ENXUTO,5,14,8,1.4554953910386792,0.11806507442598184,0.08672413093619623,,
DTLZ2,MEAMT-ENXUTO,5,14,9,1.5174271003623696,0.09304906161463529,0.12738532048523088,,
DTLZ2,MEAMT-ENXUTO,5,14,10,1.5104747451068594,0.0880232692013555,0.10484077253129159,,
DTLZ2,MEAMT-ENXUTO,5,14,11,1.4626871651679456,0.11703764342776658,0.06098225144908339,,
DTLZ2,MEAMT-ENXUTO,5,14,12,1.4706198558251045,0.12478674740425627,0.06341235959879325,,
DTLZ2,MEAMT-ENXUTO,5,14,13,1.4864043580454742,0.1285245635816206,0.05519580661648752,,
DTLZ2,MEAMT-ENXUTO,5,14,14,1.4676783019640613,0.13472611109014596,0.05146144758115593,,
DTLZ2,MEAMT-ENXUTO,5,14,15,1.5204389306695019,0.10116438702527736,0.1333420318155498,,
DTLZ2,MEAMT-ENXUTO,5,14,16,1.4785210625225635,0.11443689879693196,0.09984455795685812,,
DTLZ2,MEAMT-ENXUTO,5,14,17,1.287351552148205,0.1548272171286559,0.0528254993245508,,
DTLZ2,MEAMT-ENXUTO,5,14,18,1.5007816123398647,0.11453932165817499,0.09601748425126423,,
DTLZ2,MEAMT-ENXUTO,5,14,19,1.5058122039843616,0.11309318347769969,0.07194884991705472,,
DTLZ2,MEAMT-ENXUTO,5,14,20,1.4988560237535855,0.12327548397634,0.08632377986458732,,
DTLZ2,MEAMT-ENXUTO,5,14,21,1.4953261411230023,0.11961630542570237,0.07088111931591087,,
DTLZ2,MEAMT-ENXUTO,5,14,22,1.4793950380151026,0.12739697039182782,0.05695606583875408,,
DTLZ2,MEAMT-ENXUTO,5,14,23,1.5247610161278466,0.09225996415254314,0.10064367939478996,,
DTLZ2,MEAMT-ENXUTO,5,14,24,1.4668264725949198,0.12210742418501745,0.1303209633181377,,
DTLZ2,MEAMT-ENXUTO,5,14,25,1.476562350489754,0.14332853324890732,0.04531065202019451,,
DTLZ2,MEAMT-ENXUTO,5,14,26,1.5197959902752287,0.08534815562578338,0.11272554271054498,,
DTLZ2,MEAMT-ENXUTO,5,14,27,1.4940634670985151,0.12264431084277669,0.06485788822361613,,
DTLZ2,MEAMT-ENXUTO,5,14,28,1.30700223500392,0.1548327473986518,0.04874887915370794,,
DTLZ2,MEAMT-ENXUTO,5,14,29,1.5140908770822221,0.12767885443852472,0.07973939649763234,,
DTLZ2,MEAMT-ENXUTO,5,14,30,1.4905052115557662,0.12745951525474322,0.07726090786201113,,
DTLZ2,NSGA2deap,5,14,1,1.4740747177973972,0.16351347198544178,0.21154624737899327,,
DTLZ2,NSGA2deap,5,14,2,1.4901563377812168,0.14614651554059352,0.19582740908910293,,
DTLZ2,NSGA2deap,5,14,3,1.5103050414394632,0.1253365881980887,0.18449164811777818,,
DTLZ2,NSGA2deap,5,14,4,1.4591345907586895,0.16390466111730081,0.22911037403364679,,
DTLZ2,NSGA2deap,5,14,5,1.4625340373321136,0.1627574669818464,0.2100605999652412,,
DTLZ2,NSGA2deap,5,14,6,1.472655921235378,0.1533543879383388,0.2121532685146132,,
DTLZ2,NSGA2deap,5,14,7,1.466347956063302,0.16785692233432298,0.21864729499082494,,
DTLZ2,NSGA2deap,5,14,8,1.491543174550931,0.1480611438737645,0.20046929217934814,,
DTLZ2,NSGA2deap,5,14,9,1.495919983278469,0.13746680720698626,0.20389611665680651,,
DTLZ2,NSGA2deap,5,14,10,1.4587170123791735,0.16623467585728918,0.23167654330806028,,
DTLZ2,NSGA2deap,5,14,11,1.4821467274451925,0.14176018294300546,0.2226646564450358,,
DTLZ2,NSGA2deap,5,14,12,1.4866072113792026,0.14750626625803942,0.2110599673285598,,
DTLZ2,NSGA2deap,5,14,13,1.4581287285492723,0.15817777671695096,0.2141631572280636,,
DTLZ2,NSGA2deap,5,14,14,1.468482666815814,0.140871680395116,0.22051092804435599,,
DTLZ2,NSGA2deap,5,14,15,1.491949984589989,0.1420965848046915,0.219721185704278,,
DTLZ2,NSGA2deap,5,14,16,1.5078605975136292,0.11845656152700476,0.19594188914186703,,
DTLZ2,NSGA2deap,5,14,17,1.4877914627572206,0.13826608052844802,0.1957788555882557,,
DTLZ2,NSGA2deap,5,14,18,1.4556023176459285,0.15918115633209176,0.2300552405689607,,
DTLZ2,NSGA2deap,5,14,19,1.5014829969274524,0.1254526444732648,0.19813280446308643,,
DTLZ2,NSGA2deap,5,14,20,1.4884810318402497,0.12891625233821646,0.20566757018383522,,
DTLZ2,NSGA2deap,5,14,21,1.5119459643768949,0.12096958920529913,0.19964853603481436,,
DTLZ2,NSGA2deap,5,14,22,1.4949553643081193,0.13905811979337887,0.20132009121216635,,
DTLZ2,NSGA2deap,5,14,23,1.4706771334238475,0.17589734172608554,0.19310552663644565,,
DTLZ2,NSGA2deap,5,14,24,1.4702746976393077,0.17117794491932106,0.1967955085516462,,
DTLZ2,NSGA2deap,5,14,25,1.4528951524963745,0.17177613918779752,0.21617029164587864,,
DTLZ2,NSGA2deap,5,14,26,1.4809804979566963,0.1314094968485288,0.20415608811244906,,
DTLZ2,NSGA2deap,5,14,27,1.459215722613394,0.1499056001883608,0.19904332166455202,,
DTLZ2,NSGA2deap,5,14,28,1.4996044686127548,0.1327729172605711,0.20190209275395798,,
DTLZ2,NSGA2deap,5,14,29,1.4761302545715593,0.1434222055020806,0.2173693289089031,,
DTLZ2,NSGA2deap,5,14,30,1.4320763066675302,0.17695906141742931,0.23458238289003966,,
DTLZ2,MOEAD,5,14,1,1.5685146477272447,0.049176417536704854,0.10977846512857668,,
DTLZ2,MOEAD,5,14,2,1.5685134194985155,0.04917322625739623,0.10978468275057929,,
DTLZ2,MOEAD,5,14,3,1.5685145638119578,0.049174326252963245,0.10982664509704994,,
DTLZ2,MOEAD,5,14,4,1.5685140636110155,0.04918180947005857,0.10977257027904182,,
DTLZ2,MOEAD,5,14,5,1.5685136400755368,0.04917962714562367,0.10980015703701715,,
DTLZ2,MOEAD,5,14,6,1.5685124325912922,0.04917999131471008,0.10981026367364694,,
DTLZ2,MOEAD,5,14,7,1.5685131822511242,0.04917852599955502,0.1097614142846585,,
DTLZ2,MOEAD,5,14,8,1.5685140712198367,0.049175469155770625,0.1097675323389325,,
DTLZ2,MOEAD,5,14,9,1.5685133933647952,0.04917361114879246,0.1097613312268311,,
DTLZ2,MOEAD,5,14,10,1.568514260578425,0.049179171587961736,0.1097920845724964,,
DTLZ2,MOEAD,5,14,11,1.5685147474,0.04917755452567011,0.1097814970719718,,
DTLZ2,MOEAD,5,14,12,1.5685140425890594,0.049173289044459674,0.1097682887152958,,
DTLZ2,MOEAD,5,14,13,1.5685138013616289,0.04917467534043643,0.10980715804330861,,
DTLZ2,MOEAD,5,14,14,1.5685149030430483,0.04917670561440447,0.1097875103799701,,
DTLZ2,MOEAD,5,14,15,1.5685136442016603,0.04917727641149972,0.10978422676003927,,
DTLZ2,MOEAD,5,14,16,1.5685139382866042,0.04917731572868092,0.10974859774979978,,
DTLZ2,MOEAD,5,14,17,1.5685146513539872,0.049177082358454895,0.10975124026548977,,
DTLZ2,MOEAD,5,14,18,1.5685127257676794,0.04917432604508349,0.10977923252898086,,
DTLZ2,MOEAD,5,14,19,1.5685138454695653,0.04917573008445779,0.1097317760966725,,
DTLZ2,MOEAD,5,14,20,1.5685141801453117,0.04917358957973105,0.1097613029737629,,
DTLZ2,MOEAD,5,14,21,1.568514413437898,0.04917682233073712,0.10975872860692196,,
DTLZ2,MOEAD,5,14,22,1.5685132018420749,0.04917726336954971,0.10976591792402553,,
DTLZ2,MOEAD,5,14,23,1.5685140437310605,0.04917361613045849,0.1097953127388459,,
DTLZ2,MOEAD,5,14,24,1.5685145268417457,0.04917831604277176,0.10977600392086441,,
DTLZ2,MOEAD,5,14,25,1.568513102415265,0.049175227579138246,0.10978032024036558,,
DTLZ2,MOEAD,5,14,26,1.568512562610016,0.04917783475630116,0.10978298804374585,,
DTLZ2,MOEAD,5,14,27,1.5685129768153647,0.04917743775200669,0.10980731889244685,,
DTLZ2,MOEAD,5,14,28,1.568513526426853,0.04917887227283643,0.10976668731712752,,
DTLZ2,MOEAD,5,14,29,1.5685150097817044,0.04917559091545718,0.10977820112999474,,
DTLZ2,MOEAD,5,14,30,1.5685143639088044,0.049177303655908985,0.10976289007632523,,
DTLZ2,MEAMT,5,14,1,1.4851225070752778,0.13607372706806237,0.02777800200411897,,
DTLZ2,MEAMT,5,14,2,1.4851225070752778,0.13607372706806237,0.02777800200411897,,
DTLZ2,MEAMT,5,14,3,1.4851225070752778,0.13607372706806237,0.02777800200411897,,
DTLZ2,MEAMT,5,14,4,1.4851225070752778,0.13607372706806237,0.02777800200411897,,
DTLZ2,MEAMT,5,14,5,1.4851225070752778,0.13607372706806237,0.02777800200411897,,
DTLZ2,MEAMT,5,14,6,1.4851225070752778,0.13607372706806237,0.02777800200411897,,
DTLZ2,MEAMT,5,14,7,1.4851225070752778,0.13607372706806237,0.02777800200411897,,
DTLZ2,MEAMT,5,14,8,1.4851225070752778,0.13607372706806237,0.02777800200411897,,
DTLZ2,MEAMT,5,14,9,1.4851225070752778,0.13607372706806237,0.02777800200411897,,
DTLZ2,MEAMT,5,14,10,1.4851225070752778,0.13607372706806237,0.02777800200411897,,
DTLZ2,MEAMT,5,14,11,1.4851225070752778,0.13607372706806237,0.02777800200411897,,
DTLZ2,MEAMT,5,14,12,1.4851225070752778,0.13607372706806237,0.02777800200411897,,
DTLZ2,MEAMT,5,14,13,1.4851225070752778,0.13607372706806237,0.02777800200411897,,
DTLZ2,MEAMT,5,14,14,1.4851225070752778,0.13607372706806237,0.02777800200411897,,
DTLZ2,MEAMT,5,14,15,1.4851225070752778,0.13607372706806237,0.02777800200411897,,
DTLZ2,MEAMT,5,14,16,1.4851225070752778,0.13607372706806237,0.02777800200411897,,
DTLZ2,MEAMT,5,14,17,1.4851225070752778,0.13607372706806237,0.02777800200411897,,
DTLZ2,MEAMT,5,14,18,1.4851225070752778,0.13607372706806237,0.02777800200411897,,
DTLZ2,MEAMT,5,14,19,1.4851225070752778,0.13607372706806237,0.02777800200411897,,
DTLZ2,MEAMT,5,14,20,1.4851225070752778,0.13607372706806237,0.02777800200411897,,
DTLZ2,MEAMT,5,14,21,1.4851225070752778,0.13607372706806237,0.02777800200411897,,
DTLZ2,MEAMT,5,14,22,1.4851225070752778,0.13607372706806237,0.02777800200411897,,
DTLZ2,MEAMT,5,14,23,1.4851225070752778,0.13607372706806237,0.02777800200411897,,
DTLZ2,MEAMT,5,14,24,1.4851225070752778,0.13607372706806237,0.02777800200411897,,
DTLZ2,MEAMT,5,14,25,1.4851225070752778,0.13607372706806237,0.02777800200411897,,
DTLZ2,MEAMT,5,14,26,1.4851225070752778,0.13607372706806237,0.02777800200411897,,
DTLZ2,MEAMT,5,14,27,1.4851225070752778,0.13607372706806237,0.02777800200411897,,
DTLZ2,MEAMT,5,14,28,1.4851225070752778,0.13607372706806237,0.02777800200411897,,
DTLZ2,MEAMT,5,14,29,1.4851225070752778,0.13607372706806237,0.02777800200411897,,
DTLZ2,MEAMT,5,14,30,1.4851225070752778,0.13607372706806237,0.02777800200411897,,
MochilaMultiobjetivo,NSGA2deap,5,50,1,1.0659296955916566,0.045809854317371175,0.08177021312211136,0.2733333333333333,0.7266666666666667
MochilaMultiobjetivo,NSGA2deap,5,50,2,1.045386647108184,0.049875982320940586,0.07522823477356434,0.25,0.75
MochilaMultiobjetivo,NSGA2deap,5,50,3,1.0363119104559808,0.04981295322917722,0.07037783392297768,0.26666666666666666,0.7333333333333334
MochilaMultiobjetivo,NSGA2deap,5,50,4,1.0622521397215219,0.04212845717956803,0.07629530574646773,0.31333333333333335,0.6866666666666666
MochilaMultiobjetivo,NSGA2deap,5,50,5,1.059706159291719,0.045099459624727715,0.07530946027244437,0.2966666666666667,0.7033333333333334
MochilaMultiobjetivo,NSGA2deap,5,50,6,1.0300972674786313,0.04771587777885295,0.0720408755816897,0.23,0.77
MochilaMultiobjetivo,NSGA2deap,5,50,7,1.0661205187092815,0.04413455001987173,0.07658699570668256,0.31333333333333335,0.6866666666666666
MochilaMultiobjetivo,NSGA2deap,5,50,8,1.0410515833661338,0.04876074032742072,0.08257556851532878,0.28,0.72
MochilaMultiobjetivo,NSGA2deap,5,50,9,1.053884424528891,0.04660837810850627,0.07566335360137386,0.3233333333333333,0.6766666666666667
MochilaMultiobjetivo,NSGA2deap,5,50,10,1.056536737692718,0.04598485040722656,0.07631004773812876,0.23333333333333334,0.7666666666666666
MochilaMultiobjetivo,NSGA2deap,5,50,11,1.086627022983661,0.034958794372502856,0.0725978533293731,0.32,0.6799999999999999
MochilaMultiobjetivo,NSGA2deap,5,50,12,1.0728434371649378,0.04662414624880311,0.07507193477640507,0.33,0.6699999999999999
MochilaMultiobjetivo,NSGA2deap,5,50,13,1.0460918056812234,0.0507204690001241,0.07332944328018647,0.23333333333333334,0.7666666666666666
MochilaMultiobjetivo,NSGA2deap,5,50,14,1.0823450658774654,0.03950838325266409,0.06915355986214348,0.42333333333333334,0.5766666666666667
MochilaMultiobjetivo,NSGA2deap,5,50,15,1.0954941643130556,0.03589731057398592,0.07615951469576632,0.37666666666666665,0.6233333333333333
MochilaMultiobjetivo,NSGA2deap,5,50,16,1.0672079551260092,0.042670563252901014,0.07401775173233684,0.3566666666666667,0.6433333333333333
MochilaMultiobjetivo,NSGA2deap,5,50,17,1.0659036545194496,0.04228644352430971,0.07086253986036127,0.33,0.6699999999999999
MochilaMultiobjetivo,NSGA2deap,5,50,18,1.0487016349688925,0.05035355849205455,0.0741549919852921,0.22,0.78
MochilaMultiobjetivo,NSGA2deap,5,50,19,1.0859406795157096,0.03435102286822149,0.075042724897097,0.3566666666666667,0.6433333333333333
MochilaMultiobjetivo,NSGA2deap,5,50,20,1.06085407237342,0.045700105442576806,0.07406620522667759,0.2733333333333333,0.7266666666666667
MochilaMultiobjetivo,NSGA2deap,5,50,21,1.059642153757243,0.04618909953130469,0.08264214891231861,0.25333333333333335,0.7466666666666666
MochilaMultiobjetivo,NSGA2deap,5,50,22,1.0687422478421478,0.04535706183063517,0.07866547865820994,0.25,0.75
MochilaMultiobjetivo,NSGA2deap,5,50,23,1.0605859498456194,0.04452295485948212,0.07518314427429303,0.38,0.62
MochilaMultiobjetivo,NSGA2deap,5,50,24,1.0748167000902902,0.039361271325317054,0.07236051070828009,0.31,0.69
MochilaMultiobjetivo,NSGA2deap,5,50,25,1.0497215293291133,0.04942776357317188,0.07103355851134739,0.23666666666666666,0.7633333333333333
MochilaMultiobjetivo,NSGA2deap,5,50,26,1.0637947009650366,0.040653208811046206,0.07429730030958553,0.30333333333333334,0.6966666666666667
MochilaMultiobjetivo,NSGA2deap,5,50,27,1.0603118154873485,0.045637819267180045,0.06844925753147418,0.30333333333333334,0.6966666666666667
MochilaMultiobjetivo,NSGA2deap,5,50,28,1.0759981675291923,0.04486158466964528,0.07393735233279188,0.21666666666666667,0.7833333333333333
MochilaMultiobjetivo,NSGA2deap,5,50,29,1.0413497712076605,0.04873950161911107,0.07292996786676484,0.25333333333333335,0.7466666666666666
MochilaMultiobjetivo,NSGA2deap,5,50,30,1.0504317679686876,0.048107131357574856,0.07844858217628616,0.29,0.71
MochilaMultiobjetivo,NSGA3,5,50,1,1.108573726805675,0.02982076006561454,0.05633227691367531,0.9935897435897436,0.0064102564102563875
MochilaMultiobjetivo,NSGA3,5,50,2,1.108573726805675,0.02982076006561454,0.05633227691367531,0.9935897435897436,0.0064102564102563875
MochilaMultiobjetivo,NSGA3,5,50,3,1.108573726805675,0.02982076006561454,0.05633227691367531,0.9935897435897436,0.0064102564102563875
MochilaMultiobjetivo,NSGA3,5,50,4,1.108573726805675,0.02982076006561454,0.05633227691367531,0.9935897435897436,0.0064102564102563875
MochilaMultiobjetivo,NSGA3,5,50,5,1.108573726805675,0.02982076006561454,0.05633227691367531,0.9935897435897436,0.0064102564102563875
MochilaMultiobjetivo,NSGA3,5,50,6,1.108573726805675,0.02982076006561454,0.05633227691367531,0.9935897435897436,0.0064102564102563875
MochilaMultiobjetivo,NSGA3,5,50,7,1.108573726805675,0.02982076006561454,0.05633227691367531,0.9935897435897436,0.0064102564102563875
MochilaMultiobjetivo,NSGA3,5,50,8,1.108573726805675,0.02982076006561454,0.05633227691367531,0.9935897435897436,0.0064102564102563875
MochilaMultiobjetivo,NSGA3,5,50,9,1.108573726805675,0.02982076006561454,0.05633227691367531,0.9935897435897436,0.0064102564102563875
MochilaMultiobjetivo,NSGA3,5,50,10,1.108573726805675,0.02982076006561454,0.05633227691367531,0.9935897435897436,0.0064102564102563875
MochilaMultiobjetivo,NSGA3,5,50,11,1.108573726805675,0.02982076006561454,0.05633227691367531,0.9935897435897436,0.0064102564102563875
MochilaMultiobjetivo,NSGA3,5,50,12,1.108573726805675,0.02982076006561454,0.05633227691367531,0.9935897435897436,0.0064102564102563875
MochilaMultiobjetivo,NSGA3,5,50,13,1.108573726805675,0.02982076006561454,0.05633227691367531,0.9935897435897436,0.0064102564102563875
MochilaMultiobjetivo,NSGA3,5,50,14,1.108573726805675,0.02982076006561454,0.05633227691367531,0.9935897435897436,0.0064102564102563875
MochilaMultiobjetivo,NSGA3,5,50,15,1.108573726805675,0.02982076006561454,0.05633227691367531,0.9935897435897436,0.0064102564102563875
MochilaMultiobjetivo,NSGA3,5,50,16,1.108573726805675,0.02982076006561454,0.05633227691367531,0.9935897435897436,0.0064102564102563875
MochilaMultiobjetivo,NSGA3,5,50,17,1.108573726805675,0.02982076006561454,0.05633227691367531,0.9935897435897436,0.0064102564102563875
MochilaMultiobjetivo,NSGA3,5,50,18,1.108573726805675,0.02982076006561454,0.05633227691367531,0.9935897435897436,0.0064102564102563875
MochilaMultiobjetivo,NSGA3,5,50,19,1.108573726805675,0.02982076006561454,0.05633227691367531,0.9935897435897436,0.0064102564102563875
MochilaMultiobjetivo,NSGA3,5,50,20,1.108573726805675,0.02982076006561454,0.05633227691367531,0.9935897435897436,0.0064102564102563875
MochilaMultiobjetivo,NSGA3,5,50,21,1.108573726805675,0.02982076006561454,0.05633227691367531,0.9935897435897436,0.0064102564102563875
MochilaMultiobjetivo,NSGA3,5,50,22,1.108573726805675,0.02982076006561454,0.05633227691367531,0.9935897435897436,0.0064102564102563875
MochilaMultiobjetivo,NSGA3,5,50,23,1.108573726805675,0.02982076006561454,0.05633227691367531,0.9935897435897436,0.0064102564102563875
MochilaMultiobjetivo,NSGA3,5,50,24,1.108573726805675,0.02982076006561454,0.05633227691367531,0.9935897435897436,0.0064102564102563875
MochilaMultiobjetivo,NSGA3,5,50,25,1.108573726805675,0.02982076006561454,0.05633227691367531,0.9935897435897436,0.0064102564102563875
MochilaMultiobjetivo,NSGA3,5,50,26,1.108573726805675,0.02982076006561454,0.05633227691367531,0.9935897435897436,0.0064102564102563875
MochilaMultiobjetivo,NSGA3,5,50,27,1.108573726805675,0.02982076006561454,0.05633227691367531,0.9935897435897436,0.0064102564102563875
MochilaMultiobjetivo,NSGA3,5,50,28,1.108573726805675,0.02982076006561454,0.05633227691367531,0.9935897435897436,0.0064102564102563875
MochilaMultiobjetivo,NSGA3,5,50,29,1.108573726805675,0.02982076006561454,0.05633227691367531,0.9935897435897436,0.0064102564102563875
MochilaMultiobjetivo,NSGA3,5,50,30,1.108573726805675,0.02982076006561454,0.05633227691367531,0.9935897435897436,0.0064102564102563875
MochilaMultiobjetivo,MEAMT-ENXUTO,5,50,1,1.0705131214415635,0.053275587315217324,0.0696485756137927,0.925,0.07499999999999996
MochilaMultiobjetivo,MEAMT-ENXUTO,5,50,2,1.0705131214415635,0.053275587315217324,0.0696485756137927,0.925,0.07499999999999996
MochilaMultiobjetivo,MEAMT-ENXUTO,5,50,3,1.0705131214415635,0.053275587315217324,0.0696485756137927,0.925,0.07499999999999996
MochilaMultiobjetivo,MEAMT-ENXUTO,5,50,4,1.0705131214415635,0.053275587315217324,0.0696485756137927,0.925,0.07499999999999996
MochilaMultiobjetivo,MEAMT-ENXUTO,5,50,5,1.0705131214415635,0.053275587315217324,0.0696485756137927,0.925,0.07499999999999996
MochilaMultiobjetivo,MEAMT-ENXUTO,5,50,6,1.0705131214415635,0.053275587315217324,0.0696485756137927,0.925,0.07499999999999996
MochilaMultiobjetivo,MEAMT-ENXUTO,5,50,7,1.0705131214415635,0.053275587315217324,0.0696485756137927,0.925,0.07499999999999996
MochilaMultiobjetivo,MEAMT-ENXUTO,5,50,8,1.0705131214415635,0.053275587315217324,0.0696485756137927,0.925,0.07499999999999996
MochilaMultiobjetivo,MEAMT-ENXUTO,5,50,9,1.0705131214415635,0.053275587315217324,0.0696485756137927,0.925,0.07499999999999996
MochilaMultiobjetivo,MEAMT-ENXUTO,5,50,10,1.0705131214415635,0.053275587315217324,0.0696485756137927,0.925,0.07499999999999996
MochilaMultiobjetivo,MEAMT-ENXUTO,5,50,11,1.0705131214415635,0.053275587315217324,0.0696485756137927,0.925,0.07499999999999996
MochilaMultiobjetivo,MEAMT-ENXUTO,5,50,12,1.0705131214415635,0.053275587315217324,0.0696485756137927,0.925,0.07499999999999996
MochilaMultiobjetivo,MEAMT-ENXUTO,5,50,13,1.0705131214415635,0.053275587315217324,0.0696485756137927,0.925,0.07499999999999996
MochilaMultiobjetivo,MEAMT-ENXUTO,5,50,14,1.0705131214415635,0.053275587315217324,0.0696485756137927,0.925,0.07499999999999996
MochilaMultiobjetivo,MEAMT-ENXUTO,5,50,15,1.0705131214415635,0.053275587315217324,0.0696485756137927,0.925,0.07499999999999996
MochilaMultiobjetivo,MEAMT-ENXUTO,5,50,16,1.0705131214415635,0.053275587315217324,0.0696485756137927,0.925,0.07499999999999996
MochilaMultiobjetivo,MEAMT-ENXUTO,5,50,17,1.0705131214415635,0.053275587315217324,0.0696485756137927,0.925,0.07499999999999996
MochilaMultiobjetivo,MEAMT-ENXUTO,5,50,18,1.0705131214415635,0.053275587315217324,0.0696485756137927,0.925,0.07499999999999996
MochilaMultiobjetivo,MEAMT-ENXUTO,5,50,19,1.0705131214415635,0.053275587315217324,0.0696485756137927,0.925,0.07499999999999996
MochilaMultiobjetivo,MEAMT-ENXUTO,5,50,20,1.0705131214415635,0.053275587315217324,0.0696485756137927,0.925,0.07499999999999996
MochilaMultiobjetivo,MEAMT-ENXUTO,5,50,21,1.0705131214415635,0.053275587315217324,0.0696485756137927,0.925,0.07499999999999996
MochilaMultiobjetivo,MEAMT-ENXUTO,5,50,22,1.0705131214415635,0.053275587315217324,0.0696485756137927,0.925,0.07499999999999996
MochilaMultiobjetivo,MEAMT-ENXUTO,5,50,23,1.0705131214415635,0.053275587315217324,0.0696485756137927,0.925,0.07499999999999996
MochilaMultiobjetivo,MEAMT-ENXUTO,5,50,24,1.0705131214415635,0.053275587315217324,0.0696485756137927,0.925,0.07499999999999996
MochilaMultiobjetivo,MEAMT-ENXUTO,5,50,25,1.0705131214415635,0.053275587315217324,0.0696485756137927,0.925,0.07499999999999996
MochilaMultiobjetivo,MEAMT-ENXUTO,5,50,26,1.0705131214415635,0.053275587315217324,0.0696485756137927,0.925,0.07499999999999996
MochilaMultiobjetivo,MEAMT-ENXUTO,5,50,27,1.0705131214415635,0.053275587315217324,0.0696485756137927,0.925,0.07499999999999996
MochilaMultiobjetivo,MEAMT-ENXUTO,5,50,28,1.0705131214415635,0.053275587315217324,0.0696485756137927,0.925,0.07499999999999996
MochilaMultiobjetivo,MEAMT-ENXUTO,5,50,29,1.0705131214415635,0.053275587315217324,0.0696485756137927,0.925,0.07499999999999996
MochilaMultiobjetivo,MEAMT-ENXUTO,5,50,30,1.0705131214415635,0.053275587315217324,0.0696485756137927,0.925,0.07499999999999996
MochilaMultiobjetivo,MOEAD,5,50,1,0.7496537953578106,0.10866514713464055,0.009837259115152137,0.06375838926174497,0.9362416107382551
MochilaMultiobjetivo,MOEAD,5,50,2,0.7496537953578106,0.10866514713464055,0.009837259115152137,0.06375838926174497,0.9362416107382551
MochilaMultiobjetivo,MOEAD,5,50,3,0.7496537953578106,0.10866514713464055,0.009837259115152137,0.06375838926174497,0.9362416107382551
MochilaMultiobjetivo,MOEAD,5,50,4,0.7496537953578106,0.10866514713464055,0.009837259115152137,0.06375838926174497,0.9362416107382551
MochilaMultiobjetivo,MOEAD,5,50,5,0.7496537953578106,0.10866514713464055,0.009837259115152137,0.06375838926174497,0.9362416107382551
MochilaMultiobjetivo,MOEAD,5,50,6,0.7496537953578106,0.10866514713464055,0.009837259115152137,0.06375838926174497,0.9362416107382551
MochilaMultiobjetivo,MOEAD,5,50,7,0.7496537953578106,0.10866514713464055,0.009837259115152137,0.06375838926174497,0.9362416107382551
MochilaMultiobjetivo,MOEAD,5,50,8,0.7496537953578106,0.10866514713464055,0.009837259115152137,0.06375838926174497,0.9362416107382551
MochilaMultiobjetivo,MOEAD,5,50,9,0.7496537953578106,0.10866514713464055,0.009837259115152137,0.06375838926174497,0.9362416107382551
MochilaMultiobjetivo,MOEAD,5,50,10,0.7496537953578106,0.10866514713464055,0.009837259115152137,0.06375838926174497,0.9362416107382551
MochilaMultiobjetivo,MOEAD,5,50,11,0.7496537953578106,0.10866514713464055,0.009837259115152137,0.06375838926174497,0.9362416107382551
MochilaMultiobjetivo,MOEAD,5,50,12,0.7496537953578106,0.10866514713464055,0.009837259115152137,0.06375838926174497,0.9362416107382551
MochilaMultiobjetivo,MOEAD,5,50,13,0.7496537953578106,0.10866514713464055,0.009837259115152137,0.06375838926174497,0.9362416107382551
MochilaMultiobjetivo,MOEAD,5,50,14,0.7496537953578106,0.10866514713464055,0.009837259115152137,0.06375838926174497,0.9362416107382551
MochilaMultiobjetivo,MOEAD,5,50,15,0.7496537953578106,0.10866514713464055,0.009837259115152137,0.06375838926174497,0.9362416107382551
MochilaMultiobjetivo,MOEAD,5,50,16,0.7496537953578106,0.10866514713464055,0.009837259115152137,0.06375838926174497,0.9362416107382551
MochilaMultiobjetivo,MOEAD,5,50,17,0.7496537953578106,0.10866514713464055,0.009837259115152137,0.06375838926174497,0.9362416107382551
MochilaMultiobjetivo,MOEAD,5,50,18,0.7496537953578106,0.10866514713464055,0.009837259115152137,0.06375838926174497,0.9362416107382551
MochilaMultiobjetivo,MOEAD,5,50,19,0.7496537953578106,0.10866514713464055,0.009837259115152137,0.06375838926174497,0.9362416107382551
MochilaMultiobjetivo,MOEAD,5,50,20,0.7496537953578106,0.10866514713464055,0.009837259115152137,0.06375838926174497,0.9362416107382551
MochilaMultiobjetivo,MOEAD,5,50,21,0.7496537953578106,0.10866514713464055,0.009837259115152137,0.06375838926174497,0.9362416107382551
MochilaMultiobjetivo,MOEAD,5,50,22,0.7496537953578106,0.10866514713464055,0.009837259115152137,0.06375838926174497,0.9362416107382551
MochilaMultiobjetivo,MOEAD,5,50,23,0.7496537953578106,0.10866514713464055,0.009837259115152137,0.06375838926174497,0.9362416107382551
MochilaMultiobjetivo,MOEAD,5,50,24,0.7496537953578106,0.10866514713464055,0.009837259115152137,0.06375838926174497,0.9362416107382551
MochilaMultiobjetivo,MOEAD,5,50,25,0.7496537953578106,0.10866514713464055,0.009837259115152137,0.06375838926174497,0.9362416107382551
MochilaMultiobjetivo,MOEAD,5,50,26,0.7496537953578106,0.10866514713464055,0.009837259115152137,0.06375838926174497,0.9362416107382551
MochilaMultiobjetivo,MOEAD,5,50,27,0.7496537953578106,0.10866514713464055,0.009837259115152137,0.06375838926174497,0.9362416107382551
MochilaMultiobjetivo,MOEAD,5,50,28,0.7496537953578106,0.10866514713464055,0.009837259115152137,0.06375838926174497,0.9362416107382551
MochilaMultiobjetivo,MOEAD,5,50,29,0.7496537953578106,0.10866514713464055,0.009837259115152137,0.06375838926174497,0.9362416107382551
MochilaMultiobjetivo,MOEAD,5,50,30,0.7496537953578106,0.10866514713464055,0.009837259115152137,0.06375838926174497,0.9362416107382551
MochilaMultiobjetivo,MEAMT,5,50,1,1.1463076579600107,0.02790144140971552,0.050236143723293665,0.9263067694944301,0.07369323050556986
MochilaMultiobjetivo,MEAMT,5,50,2,1.1463076579600107,0.02790144140971552,0.050236143723293665,0.9263067694944301,0.07369323050556986
MochilaMultiobjetivo,MEAMT,5,50,3,1.1463076579600107,0.02790144140971552,0.050236143723293665,0.9263067694944301,0.07369323050556986
MochilaMultiobjetivo,MEAMT,5,50,4,1.1463076579600107,0.02790144140971552,0.050236143723293665,0.9263067694944301,0.07369323050556986
MochilaMultiobjetivo,MEAMT,5,50,5,1.1463076579600107,0.02790144140971552,0.050236143723293665,0.9263067694944301,0.07369323050556986
MochilaMultiobjetivo,MEAMT,5,50,6,1.1463076579600107,0.02790144140971552,0.050236143723293665,0.9263067694944301,0.07369323050556986
MochilaMultiobjetivo,MEAMT,5,50,7,1.1463076579600107,0.02790144140971552,0.050236143723293665,0.9263067694944301,0.07369323050556986
MochilaMultiobjetivo,MEAMT,5,50,8,1.1463076579600107,0.02790144140971552,0.050236143723293665,0.9263067694944301,0.07369323050556986
MochilaMultiobjetivo,MEAMT,5,50,9,1.1463076579600107,0.02790144140971552,0.050236143723293665,0.9263067694944301,0.07369323050556986
MochilaMultiobjetivo,MEAMT,5,50,10,1.1463076579600107,0.02790144140971552,0.050236143723293665,0.9263067694944301,0.07369323050556986
MochilaMultiobjetivo,MEAMT,5,50,11,1.1463076579600107,0.02790144140971552,0.050236143723293665,0.9263067694944301,0.07369323050556986
MochilaMultiobjetivo,MEAMT,5,50,12,1.1463076579600107,0.02790144140971552,0.050236143723293665,0.9263067694944301,0.07369323050556986
MochilaMultiobjetivo,MEAMT,5,50,13,1.1463076579600107,0.02790144140971552,0.050236143723293665,0.9263067694944301,0.07369323050556986
MochilaMultiobjetivo,MEAMT,5,50,14,1.1463076579600107,0.02790144140971552,0.050236143723293665,0.9263067694944301,0.07369323050556986
MochilaMultiobjetivo,MEAMT,5,50,15,1.1463076579600107,0.02790144140971552,0.050236143723293665,0.9263067694944301,0.07369323050556986
MochilaMultiobjetivo,MEAMT,5,50,16,1.1463076579600107,0.02790144140971552,0.050236143723293665,0.9263067694944301,0.07369323050556986
MochilaMultiobjetivo,MEAMT,5,50,17,1.1463076579600107,0.02790144140971552,0.050236143723293665,0.9263067694944301,0.07369323050556986
MochilaMultiobjetivo,MEAMT,5,50,18,1.1463076579600107,0.02790144140971552,0.050236143723293665,0.9263067694944301,0.07369323050556986
MochilaMultiobjetivo,MEAMT,5,50,19,1.1463076579600107,0.02790144140971552,0.050236143723293665,0.9263067694944301,0.07369323050556986
MochilaMultiobjetivo,MEAMT,5,50,20,1.1463076579600107,0.02790144140971552,0.050236143723293665,0.9263067694944301,0.07369323050556986
MochilaMultiobjetivo,MEAMT,5,50,21,1.1463076579600107,0.02790144140971552,0.050236143723293665,0.9263067694944301,0.07369323050556986
MochilaMultiobjetivo,MEAMT,5,50,22,1.1463076579600107,0.02790144140971552,0.050236143723293665,0.9263067694944301,0.07369323050556986
MochilaMultiobjetivo,MEAMT,5,50,23,1.1463076579600107,0.02790144140971552,0.050236143723293665,0.9263067694944301,0.07369323050556986
MochilaMultiobjetivo,MEAMT,5,50,24,1.1463076579600107,0.02790144140971552,0.050236143723293665,0.9263067694944301,0.07369323050556986
MochilaMultiobjetivo,MEAMT,5,50,25,1.1463076579600107,0.02790144140971552,0.050236143723293665,0.9263067694944301,0.07369323050556986
MochilaMultiobjetivo,MEAMT,5,50,26,1.1463076579600107,0.02790144140971552,0.050236143723293665,0.9263067694944301,0.07369323050556986
MochilaMultiobjetivo,MEAMT,5,50,27,1.1463076579600107,0.02790144140971552,0.050236143723293665,0.9263067694944301,0.07369323050556986
MochilaMultiobjetivo,MEAMT,5,50,28,1.1463076579600107,0.02790144140971552,0.050236143723293665,0.9263067694944301,0.07369323050556986
MochilaMultiobjetivo,MEAMT,5,50,29,1.1463076579600107,0.02790144140971552,0.050236143723293665,0.9263067694944301,0.07369323050556986
MochilaMultiobjetivo,MEAMT,5,50,30,1.1463076579600107,0.02790144140971552,0.050236143723293665,0.9263067694944301,0.07369323050556986
DPF1,MEAMT-ENXUTO,5,24,1,0.9604092897892648,0.028011192756666806,0.005709501911002052,,
DPF1,MEAMT-ENXUTO,5,24,2,0.9015904081122126,0.07314887019556875,0.01711274746715481,,
DPF1,MEAMT-ENXUTO,5,24,3,0.9649764073661626,0.012607550904768932,0.01634909882765324,,
DPF1,MEAMT-ENXUTO,5,24,4,0.8700262143612083,0.11439213079856632,0.007007675275246662,,
DPF1,MEAMT-ENXUTO,5,24,5,0.8666334614923307,0.11393218065949327,0.00788362649880653,,
DPF1,MEAMT-ENXUTO,5,24,6,0.9669520986768301,0.010963166386184855,0.006281659986367868,,
DPF1,MEAMT-ENXUTO,5,24,7,0.9516832340262575,0.021383169060177495,0.007105304945348332,,
DPF1,MEAMT-ENXUTO,5,24,8,0.9696119681210877,0.010242998322281188,0.008516548807162736,,
DPF1,MEAMT-ENXUTO,5,24,9,0.9613963620919799,0.01772479459720321,0.004930141866615814,,
DPF1,MEAMT-ENXUTO,5,24,10,0.9099238473009524,0.06390260022948882,0.005095359673730927,,
DPF1,MEAMT-ENXUTO,5,24,11,0.9267578155291221,0.05275557115684604,0.014070394160047538,,
DPF1,MEAMT-ENXUTO,5,24,12,0.9324965104810076,0.0478796760890171,0.018709165514177627,,
DPF1,MEAMT-ENXUTO,5,24,13,0.9614845215006395,0.016343138412289956,0.005769802579422412,,
DPF1,MEAMT-ENXUTO,5,24,14,0.9631411750174019,0.01431171608056771,0.030328651070517795,,
DPF1,MEAMT-ENXUTO,5,24,15,0.9466892408218173,0.03900734532289973,0.009879987860185688,,
DPF1,MEAMT-ENXUTO,5,24,16,0.9467927714904231,0.035222175018104346,0.006855098681937577,,
DPF1,MEAMT-ENXUTO,5,24,17,0.9610042916493788,0.017042528761217948,0.010248854976873284,,
DPF1,MEAMT-ENXUTO,5,24,18,0.9581808057539136,0.01774019564534261,0.0073413649814968365,,
DPF1,MEAMT-ENXUTO,5,24,19,0.9511257633908854,0.03261013240007433,0.048235553863721005,,
DPF1,MEAMT-ENXUTO,5,24,20,0.9327439440157158,0.05623363639964853,0.0027134135237322776,,
DPF1,MEAMT-ENXUTO,5,24,21,0.8698453947172664,0.12115699022126297,0.0034962109030201084,,
DPF1,MEAMT-ENXUTO,5,24,22,0.9305745921475006,0.047618332369817815,0.020797554066597255,,
DPF1,MEAMT-ENXUTO,5,24,23,0.9669028716383073,0.011965476717641218,0.005967017956183828,,
DPF1,MEAMT-ENXUTO,5,24,24,0.9423798134593,0.03508497339892837,0.016994341357840545,,
DPF1,MEAMT-ENXUTO,5,24,25,0.9496142264819167,0.030133289477945642,0.014034689610209584,,
DPF1,MEAMT-ENXUTO,5,24,26,0.8869642743219325,0.08712728455153294,0.004677366476044461,,
DPF1,MEAMT-ENXUTO,5,24,27,0.9585738074128249,0.017031201563373007,0.025413316165898033,,
DPF1,MEAMT-ENXUTO,5,24,28,0.9631143665166406,0.0138458457448356,0.022712661240135473,,
DPF1,MEAMT-ENXUTO,5,24,29,0.9206578788151063,0.058274907156829404,0.011664096101452642,,
DPF1,MEAMT-ENXUTO,5,24,30,0.8854293721399443,0.08914852491436523,0.007917819980751766,,
DPF1,NSGA2deap,5,24,1,0.9758668213133446,0.00391920110459036,0.0020859197293496383,,
DPF1,NSGA2deap,5,24,2,0.9736626412198309,0.005425755398048352,0.002001600285010938,,
DPF1,NSGA2deap,5,24,3,0.975140520298132,0.004352571032563715,0.002160148462106427,,
DPF1,NSGA2deap,5,24,4,0.9741902123529516,0.005062159450861554,0.001970437188478299,,
DPF1,NSGA2deap,5,24,5,0.9771141365651445,0.0030785995088705677,0.0023181487780399653,,
DPF1,NSGA2deap,5,24,6,0.9789271018219822,0.0020165798278047047,0.002209436993483074,,
DPF1,NSGA2deap,5,24,7,0.977735784403939,0.002747480490586345,0.0019779485392694075,,
DPF1,NSGA2deap,5,24,8,0.9700851305565688,0.008103093512802185,0.002132777091262729,,
DPF1,NSGA2deap,5,24,9,0.9709563323375945,0.007038244404494533,0.002254904964188775,,
DPF1,NSGA2deap,5,24,10,0.9737399264142608,0.005321915450146152,0.0021055770447172516,,
DPF1,NSGA2deap,5,24,11,0.9739300526635265,0.005166072803660472,0.0019843483585036304,,
DPF1,NSGA2deap,5,24,12,0.9753420292358936,0.004239383533560852,0.0022330147208874493,,
DPF1,NSGA2deap,5,24,13,0.975016952191641,0.004372911786064582,0.0020929501550299907,,
DPF1,NSGA2deap,5,24,14,0.9726563502503338,0.006060169662705865,0.0020601777075832843,,
DPF1,NSGA2deap,5,24,15,0.9776657950633357,0.0027964811435916385,0.0018081595724613866,,
DPF1,NSGA2deap,5,24,16,0.9761329742962946,0.003714628372839238,0.002105083700289263,,
DPF1,NSGA2deap,5,24,17,0.9693616279745536,0.00857324483021263,0.0020366716071040587,,
DPF1,NSGA2deap,5,24,18,0.9743645735341321,0.00486402259658272,0.002091406638118617,,
DPF1,NSGA2deap,5,24,19,0.9748972504597595,0.004367802703878159,0.0023145356520983163,,
DPF1,NSGA2deap,5,24,20,0.9727590089744417,0.006057723598258114,0.0022107129749938436,,
DPF1,NSGA2deap,5,24,21,0.9718491247695107,0.006686952147893424,0.002197105664786318,,
DPF1,NSGA2deap,5,24,22,0.972206748659032,0.0063797788116704834,0.0021373707393901784,,
DPF1,NSGA2deap,5,24,23,0.9752425563310747,0.004350161218723184,0.0019969866050898954,,
DPF1,NSGA2deap,5,24,24,0.9770983353752286,0.0031220210793280736,0.002110966778328546,,
DPF1,NSGA2deap,5,24,25,0.9720406242933222,0.00640939529231389,0.0020689184358839343,,
DPF1,NSGA2deap,5,24,26,0.977301610942724,0.002988296343064747,0.0020408531018111698,,
DPF1,NSGA2deap,5,24,27,0.9701640102799038,0.007833236736827853,0.0018999854971710848,,
DPF1,NSGA2deap,5,24,28,0.9749507365774891,0.0045556913028542805,0.0020748136755575778,,
DPF1,NSGA2deap,5,24,29,0.9757039495850404,0.004028884093849507,0.0018898096706175117,,
DPF1,NSGA2deap,5,24,30,0.9712325534250774,0.007064481432407101,0.002103062752277988,,
DPF1,MEAMT,5,24,1,0.933694366589406,0.04465728076179859,0.02818261379900351,,
DPF1,MEAMT,5,24,2,0.933694366589406,0.04465728076179859,0.02818261379900351,,
DPF1,MEAMT,5,24,3,0.933694366589406,0.04465728076179859,0.02818261379900351,,
DPF1,MEAMT,5,24,4,0.933694366589406,0.04465728076179859,0.02818261379900351,,
DPF1,MEAMT,5,24,5,0.933694366589406,0.04465728076179859,0.02818261379900351,,
DPF1,MEAMT,5,24,6,0.933694366589406,0.04465728076179859,0.02818261379900351,,
DPF1,MEAMT,5,24,7,0.933694366589406,0.04465728076179859,0.02818261379900351,,
DPF1,MEAMT,5,24,8,0.933694366589406,0.04465728076179859,0.02818261379900351,,
DPF1,MEAMT,5,24,9,0.933694366589406,0.04465728076179859,0.02818261379900351,,
DPF1,MEAMT,5,24,10,0.933694366589406,0.04465728076179859,0.02818261379900351,,
DPF1,MEAMT,5,24,11,0.933694366589406,0.04465728076179859,0.02818261379900351,,
DPF1,MEAMT,5,24,12,0.933694366589406,0.04465728076179859,0.02818261379900351,,
DPF1,MEAMT,5,24,13,0.933694366589406,0.04465728076179859,0.02818261379900351,,
DPF1,MEAMT,5,24,14,0.933694366589406,0.04465728076179859,0.02818261379900351,,
DPF1,MEAMT,5,24,15,0.933694366589406,0.04465728076179859,0.02818261379900351,,
DPF1,MEAMT,5,24,16,0.933694366589406,0.04465728076179859,0.02818261379900351,,
DPF1,MEAMT,5,24,17,0.933694366589406,0.04465728076179859,0.02818261379900351,,
DPF1,MEAMT,5,24,18,0.933694366589406,0.04465728076179859,0.02818261379900351,,
DPF1,MEAMT,5,24,19,0.933694366589406,0.04465728076179859,0.02818261379900351,,
DPF1,MEAMT,5,24,20,0.933694366589406,0.04465728076179859,0.02818261379900351,,
DPF1,MEAMT,5,24,21,0.933694366589406,0.04465728076179859,0.02818261379900351,,
DPF1,MEAMT,5,24,22,0.933694366589406,0.04465728076179859,0.02818261379900351,,
DPF1,MEAMT,5,24,23,0.933694366589406,0.04465728076179859,0.02818261379900351,,
DPF1,MEAMT,5,24,24,0.933694366589406,0.04465728076179859,0.02818261379900351,,
DPF1,MEAMT,5,24,25,0.933694366589406,0.04465728076179859,0.02818261379900351,,
DPF1,MEAMT,5,24,26,0.933694366589406,0.04465728076179859,0.02818261379900351,,
DPF1,MEAMT,5,24,27,0.933694366589406,0.04465728076179859,0.02818261379900351,,
DPF1,MEAMT,5,24,28,0.933694366589406,0.04465728076179859,0.02818261379900351,,
DPF1,MEAMT,5,24,29,0.933694366589406,0.04465728076179859,0.02818261379900351,,
DPF1,MEAMT,5,24,30,0.933694366589406,0.04465728076179859,0.02818261379900351,,
DPF1,NSGA3,5,24,1,,0.0,0.0,,
DPF1,NSGA3,5,24,2,,0.0,0.0,,
DPF1,NSGA3,5,24,3,,0.0,0.0,,
DPF1,NSGA3,5,24,4,,0.0,0.0,,
DPF1,NSGA3,5,24,5,,0.0,0.0,,
DPF1,NSGA3,5,24,6,,0.0,0.0,,
DPF1,NSGA3,5,24,7,,0.0,0.0,,
DPF1,NSGA3,5,24,8,,0.0,0.0,,
DPF1,NSGA3,5,24,9,,0.0,0.0,,
DPF1,NSGA3,5,24,10,,0.0,0.0,,
DPF1,NSGA3,5,24,11,,0.0,0.0,,
DPF1,NSGA3,5,24,12,,0.0,0.0,,
DPF1,NSGA3,5,24,13,,0.0,0.0,,
DPF1,NSGA3,5,24,14,,0.0,0.0,,
DPF1,NSGA3,5,24,15,0.006770212111096023,1.7627449195945062,0.09643191430792789,,
DPF1,NSGA3,5,24,16,,0.0,0.0,,
DPF1,NSGA3,5,24,17,,0.0,0.0,,
DPF1,NSGA3,5,24,18,,0.0,0.0,,
DPF1,NSGA3,5,24,19,,0.0,0.0,,
DPF1,NSGA3,5,24,20,,0.0,0.0,,
DPF1,NSGA3,5,24,21,,0.0,0.0,,
DPF1,NSGA3,5,24,22,,0.0,0.0,,
DPF1,NSGA3,5,24,23,,0.0,0.0,,
DPF1,NSGA3,5,24,24,,0.0,0.0,,
DPF1,NSGA3,5,24,25,,0.0,0.0,,
DPF1,NSGA3,5,24,26,,0.0,0.0,,
DPF1,NSGA3,5,24,27,,0.0,0.0,,
DPF1,NSGA3,5,24,28,,0.0,0.0,,
DPF1,NSGA3,5,24,29,,0.0,0.0,,
DPF1,NSGA3,5,24,30,,0.0,0.0,,
DPF1,MOEAD,5,24,1,,0.0,0.0,,
DPF1,MOEAD,5,24,2,,0.0,0.0,,
DPF1,MOEAD,5,24,3,,0.0,0.0,,
DPF1,MOEAD,5,24,4,,0.0,0.0,,
DPF1,MOEAD,5,24,5,,0.0,0.0,,
DPF1,MOEAD,5,24,6,,0.0,0.0,,
DPF1,MOEAD,5,24,7,,0.0,0.0,,
DPF1,MOEAD,5,24,8,,0.0,0.0,,
DPF1,MOEAD,5,24,9,,0.0,0.0,,
DPF1,MOEAD,5,24,10,,0.0,0.0,,
DPF1,MOEAD,5,24,11,,0.0,0.0,,
DPF1,MOEAD,5,24,12,,0.0,0.0,,
DPF1,MOEAD,5,24,13,,0.0,0.0,,
DPF1,MOEAD,5,24,14,,0.0,0.0,,
DPF1,MOEAD,5,24,15,,0.0,0.0,,
DPF1,MOEAD,5,24,16,,0.0,0.0,,
DPF1,MOEAD,5,24,17,,0.0,0.0,,
DPF1,MOEAD,5,24,18,,0.0,0.0,,
DPF1,MOEAD,5,24,19,,0.0,0.0,,
DPF1,MOEAD,5,24,20,,0.0,0.0,,
DPF1,MOEAD,5,24,21,,0.0,0.0,,
DPF1,MOEAD,5,24,22,,0.0,0.0,,
DPF1,MOEAD,5,24,23,,0.0,0.0,,
DPF1,MOEAD,5,24,24,,0.0,0.0,,
DPF1,MOEAD,5,24,25,,0.0,0.0,,
DPF1,MOEAD,5,24,26,,0.0,0.0,,
DPF1,MOEAD,5,24,27,,0.0,0.0,,
DPF1,MOEAD,5,24,28,,0.0,0.0,,
DPF1,MOEAD,5,24,29,,0.0,0.0,,
DPF1,MOEAD,5,24,30,,0.0,0.0,,
DPF5,MOEAD,5,24,1,1.610510000000001,0.0,2.820987691185194e-18,,
DPF5,MOEAD,5,24,2,1.6105100000000008,0.0,7.551844236428695e-19,,
DPF5,MOEAD,5,24,3,1.6105100000000008,0.0,9.821076093111702e-19,,
DPF5,MOEAD,5,24,4,1.6105100000000008,0.0,1.4165064548369962e-18,,
DPF5,MOEAD,5,24,5,1.6105100000000008,0.0,8.853592783527496e-19,,
DPF5,MOEAD,5,24,6,1.6105100000000008,0.0,1.0097270799307157e-18,,
DPF5,MOEAD,5,24,7,1.6105100000000008,0.0,1.3290573169989722e-18,,
DPF5,MOEAD,5,24,8,1.6105100000000008,0.0,1.6926332557998857e-18,,
DPF5,MOEAD,5,24,9,1.6105100000000008,0.0,2.3643459155632235e-18,,
DPF5,MOEAD,5,24,10,1.6105100000000008,0.0,9.14605062719714e-19,,
DPF5,MOEAD,5,24,11,1.6105100000000008,0.0,9.107353104931537e-19,,
DPF5,MOEAD,5,24,12,1.6105100000000008,0.0,1.0374705614582008e-18,,
DPF5,MOEAD,5,24,13,1.6105100000000008,0.0,5.459390752308682e-19,,
DPF5,MOEAD,5,24,14,1.6105100000000008,0.0,1.2643477419172297e-18,,
DPF5,MOEAD,5,24,15,1.6105100000000008,0.0,4.717185698610261e-19,,
DPF5,MOEAD,5,24,16,1.6105100000000008,0.0,7.536236713927029e-19,,
DPF5,MOEAD,5,24,17,1.6105100000000008,0.0,6.900353101667292e-19,,
DPF5,MOEAD,5,24,18,1.6105100000000008,0.0,1.163988729617741e-18,,
DPF5,MOEAD,5,24,19,1.6105100000000008,0.0,1.1164306722994934e-18,,
DPF5,MOEAD,5,24,20,1.6105100000000008,0.0,2.275394493229124e-18,,
DPF5,MOEAD,5,24,21,1.6105100000000008,0.0,1.7465283843750877e-18,,
DPF5,MOEAD,5,24,22,1.6105100000000008,0.0,2.3888662307967262e-18,,
DPF5,MOEAD,5,24,23,1.6105100000000008,0.0,1.2547496522235735e-18,,
DPF5,MOEAD,5,24,24,1.6105100000000008,0.0,1.9003965372486265e-18,,
DPF5,MOEAD,5,24,25,1.6105100000000008,0.0,1.0962253482098013e-18,,
DPF5,MOEAD,5,24,26,1.6105100000000008,0.0,5.200399874906163e-19,,
DPF5,MOEAD,5,24,27,1.6105100000000008,0.0,8.5585224409625465e-19,,
DPF5,MOEAD,5,24,28,1.6105100000000008,0.0,1.3257096111970031e-18,,
DPF5,MOEAD,5,24,29,1.6105100000000008,0.0,4.926963654579233e-18,,
DPF5,MOEAD,5,24,30,1.6105100000000008,0.0,5.032992391371597e-19,,
DPF5,NSGA3,5,24,1,1.6085445413454948,3.1971655844815274e-05,0.34769442758156166,,
DPF5,NSGA3,5,24,2,1.6100204679763976,3.373042514704972e-06,0.1709421986054092,,
DPF5,NSGA3,5,24,3,1.6103754257808198,0.0,0.3153125884531632,,
DPF5,NSGA3,5,24,4,1.6098686060395837,4.048615384256382e-07,0.03224933949796908,,
DPF5,NSGA3,5,24,5,1.6099272692004292,0.0,0.031739648810948214,,
DPF5,NSGA3,5,24,6,1.6102109799480644,0.0,0.11192939770462706,,
DPF5,NSGA3,5,24,7,1.6098018937014302,7.64111158856787e-06,0.3022599891970312,,
DPF5,NSGA3,5,24,8,1.609386129470083,1.333813108759183e-05,0.02583960478191448,,
DPF5,NSGA3,5,24,9,1.6067815845630165,7.032837907043517e-05,0.11916041148333675,,
DPF5,NSGA3,5,24,10,1.6081938142298071,6.16834708732674e-05,0.14575636986755058,,
DPF5,NSGA3,5,24,11,1.6098878336834161,0.0,0.1149384908600525,,
DPF5,NSGA3,5,24,12,1.5899985547602498,0.002208553047132678,0.2972631957466772,,
DPF5,NSGA3,5,24,13,1.6086445829023037,6.5858495243689965e-06,0.02583403838733118,,
DPF5,NSGA3,5,24,14,1.6101328605908662,3.5621789609023504e-06,0.260055406892924,,
DPF5,NSGA3,5,24,15,1.6105028366185241,0.0,0.4988187040876104,,
DPF5,NSGA3,5,24,16,1.5932735010517618,0.0010048091421428005,0.20230337134894863,,
DPF5,NSGA3,5,24,17,1.6084512671123221,2.202469775614763e-05,0.03350710010381406,,
DPF5,NSGA3,5,24,18,1.6100734747460095,1.7251043923090163e-06,0.20829926571652024,,
DPF5,NSGA3,5,24,19,1.609093278978095,2.8585567956745666e-06,0.03051805957891825,,
DPF5,NSGA3,5,24,20,1.6095518803669506,5.633814750045233e-06,0.04434377738162859,,
DPF5,NSGA3,5,24,21,1.6088074542333146,0.0,0.046403249184756905,,
DPF5,NSGA3,5,24,22,1.6103272519404044,0.0,0.045931225799459054,,
DPF5,NSGA3,5,24,23,1.6088049277263679,4.4582449896282034e-05,0.21510334473572662,,
DPF5,NSGA3,5,24,24,1.6079448498803046,4.361823048978985e-05,0.3403119996393495,,
DPF5,NSGA3,5,24,25,1.6100643002809818,0.0,0.2261252393405687,,
DPF5,NSGA3,5,24,26,1.6105063187557338,0.0,0.32219653149733324,,
DPF5,NSGA3,5,24,27,1.606583825919638,0.00014432966618625612,0.040509152248253535,,
DPF5,NSGA3,5,24,28,1.6093495138701344,2.069169835485393e-05,0.06533499117164752,,
DPF5,NSGA3,5,24,29,1.6082537155796222,2.591622137051845e-05,0.03423571299954697,,
DPF5,NSGA3,5,24,30,1.6092783002325683,1.9070684440551526e-05,0.031082642213722932,,
DPF5,MEAMT,5,24,1,1.6105100000000008,0.0,0.012895731218784514,,
DPF5,MEAMT,5,24,2,1.6105100000000008,0.0,0.012895731218784514,,
DPF5,MEAMT,5,24,3,1.6105100000000008,0.0,0.012895731218784514,,
DPF5,MEAMT,5,24,4,1.6105100000000008,0.0,0.012895731218784514,,
DPF5,MEAMT,5,24,5,1.6105100000000008,0.0,0.012895731218784514,,
DPF5,MEAMT,5,24,6,1.6105100000000008,0.0,0.012895731218784514,,
DPF5,MEAMT,5,24,7,1.6105100000000008,0.0,0.012895731218784514,,
DPF5,MEAMT,5,24,8,1.6105100000000008,0.0,0.012895731218784514,,
DPF5,MEAMT,5,24,9,1.6105100000000008,0.0,0.012895731218784514,,
DPF5,MEAMT,5,24,10,1.6105100000000008,0.0,0.012895731218784514,,
DPF5,MEAMT,5,24,11,1.6105100000000008,0.0,0.012895731218784514,,
DPF5,MEAMT,5,24,12,1.6105100000000008,0.0,0.012895731218784514,,
DPF5,MEAMT,5,24,13,1.6105100000000008,0.0,0.012895731218784514,,
DPF5,MEAMT,5,24,14,1.6105100000000008,0.0,0.012895731218784514,,
DPF5,MEAMT,5,24,15,1.6105100000000008,0.0,0.012895731218784514,,
DPF5,MEAMT,5,24,16,1.6105100000000008,0.0,0.012895731218784514,,
DPF5,MEAMT,5,24,17,1.6105100000000008,0.0,0.012895731218784514,,
DPF5,MEAMT,5,24,18,1.6105100000000008,0.0,0.012895731218784514,,
DPF5,MEAMT,5,24,19,1.6105100000000008,0.0,0.012895731218784514,,
DPF5,MEAMT,5,24,20,1.6105100000000008,0.0,0.012895731218784514,,
DPF5,MEAMT,5,24,21,1.6105100000000008,0.0,0.012895731218784514,,
DPF5,MEAMT,5,24,22,1.6105100000000008,0.0,0.012895731218784514,,
DPF5,MEAMT,5,24,23,1.6105100000000008,0.0,0.012895731218784514,,
DPF5,MEAMT,5,24,24,1.6105100000000008,0.0,0.012895731218784514,,
DPF5,MEAMT,5,24,25,1.6105100000000008,0.0,0.012895731218784514,,
DPF5,MEAMT,5,24,26,1.6105100000000008,0.0,0.012895731218784514,,
DPF5,MEAMT,5,24,27,1.6105100000000008,0.0,0.012895731218784514,,
DPF5,MEAMT,5,24,28,1.6105100000000008,0.0,0.012895731218784514,,
DPF5,MEAMT,5,24,29,1.6105100000000008,0.0,0.012895731218784514,,
DPF5,MEAMT,5,24,30,1.6105100000000008,0.0,0.012895731218784514,,
DPF5,MEAMT-ENXUTO,5,24,1,1.0855987426135425,0.11890428690413173,0.024014981616614386,,
DPF5,MEAMT-ENXUTO,5,24,2,1.6104882359199502,0.0,0.029190874997955283,,
DPF5,MEAMT-ENXUTO,5,24,3,1.6092499433545693,2.1483856759435614e-05,0.03478118107107827,,
DPF5,MEAMT-ENXUTO,5,24,4,1.6103658293989038,0.0,0.03510265030497112,,
DPF5,MEAMT-ENXUTO,5,24,5,1.6105099696727765,0.0,0.04042265642621388,,
DPF5,MEAMT-ENXUTO,5,24,6,1.6104004957725322,0.0,0.03147661451127291,,
DPF5,MEAMT-ENXUTO,5,24,7,1.607988839837638,2.676861839687098e-05,0.025371347049040892,,
DPF5,MEAMT-ENXUTO,5,24,8,0.931416870219431,0.16500510229418094,0.023121725880871986,,
DPF5,MEAMT-ENXUTO,5,24,9,1.610509999419528,0.0,0.041229184097307726,,
DPF5,MEAMT-ENXUTO,5,24,10,0.9671456950985087,0.16158323416124487,0.02274789176537172,,
DPF5,MEAMT-ENXUTO,5,24,11,1.6105099967520564,0.0,0.030714849026013943,,
DPF5,MEAMT-ENXUTO,5,24,12,0.9199070339725182,0.17676677508005037,0.015322039857996485,,
DPF5,MEAMT-ENXUTO,5,24,13,1.6097348118212085,1.1040884627304565e-05,0.033944656160132765,,
DPF5,MEAMT-ENXUTO,5,24,14,1.6100076438259694,2.706658403149928e-06,0.021726068887067455,,
DPF5,MEAMT-ENXUTO,5,24,15,1.606481546411438,7.693380557348338e-05,0.06590709718658092,,
DPF5,MEAMT-ENXUTO,5,24,16,1.602278007054669,0.0002108297197987751,0.030706268984209334,,
DPF5,MEAMT-ENXUTO,5,24,17,1.6105099103149576,0.0,0.022797775278182265,,
DPF5,MEAMT-ENXUTO,5,24,18,1.610509924422478,0.0,0.022775785213824434,,
DPF5,MEAMT-ENXUTO,5,24,19,0.9160346526901371,0.18335981665223566,0.034952699143625185,,
DPF5,MEAMT-ENXUTO,5,24,20,1.6105099992612373,0.0,0.031122987236386734,,
DPF5,MEAMT-ENXUTO,5,24,21,1.0201525074862825,0.143718827256817,0.01388552005136782,,
DPF5,MEAMT-ENXUTO,5,24,22,1.6096222331294476,7.725402341846527e-06,0.018556936600813458,,
DPF5,MEAMT-ENXUTO,5,24,23,1.6078983138055036,2.3010798337620273e-05,0.018311393113450737,,
DPF5,MEAMT-ENXUTO,5,24,24,0.9562592739019953,0.16484142057853807,0.029484184993201698,,
DPF5,MEAMT-ENXUTO,5,24,25,1.0381740683666014,0.143182067140803,0.03573003406156712,,
DPF5,MEAMT-ENXUTO,5,24,26,1.6105099999488373,0.0,0.034231758920308046,,
DPF5,MEAMT-ENXUTO,5,24,27,1.6105099859384273,0.0,0.00985064931485494,,
DPF5,MEAMT-ENXUTO,5,24,28,0.9834176818747284,0.15465754842702206,0.0218573296487473,,
DPF5,MEAMT-ENXUTO,5,24,29,1.6105099963518135,0.0,0.014872519662335599,,
DPF5,MEAMT-ENXUTO,5,24,30,1.610506367370049,0.0,0.06363575587736987,,
DPF5,NSGA2deap,5,24,1,1.6105100000000014,0.0,0.018362416647981945,,
DPF5,NSGA2deap,5,24,2,1.610509999999993,0.0,0.02137400833753766,,
DPF5,NSGA2deap,5,24,3,1.610509998779895,0.0,0.01644186545599096,,
DPF5,NSGA2deap,5,24,4,1.6105099999994121,0.0,0.01806256501394545,,
DPF5,NSGA2deap,5,24,5,1.6105100000000012,0.0,0.016900793360407604,,
DPF5,NSGA2deap,5,24,6,1.6105099881599962,0.0,0.01706196093293917,,
DPF5,NSGA2deap,5,24,7,1.610509999534396,0.0,0.016315148291367747,,
DPF5,NSGA2deap,5,24,8,1.6056277462265727,0.0005498610744572528,0.059126575905523636,,
DPF5,NSGA2deap,5,24,9,1.61051,0.0,0.018189250035460305,,
DPF5,NSGA2deap,5,24,10,1.6050203203905338,0.0032156390248768824,0.06212179312049667,,
DPF5,NSGA2deap,5,24,11,1.6105099994594945,0.0,0.017396524270481887,,
DPF5,NSGA2deap,5,24,12,1.6105098545435133,0.0,0.01917589553446716,,
DPF5,NSGA2deap,5,24,13,1.6105099998642296,0.0,0.018641035768794906,,
DPF5,NSGA2deap,5,24,14,1.6087626954302858,0.007020308664460912,0.06251045474318818,,
DPF5,NSGA2deap,5,24,15,1.6105099994050511,0.0,0.018285225394571177,,
DPF5,NSGA2deap,5,24,16,1.6105100000000003,0.0,0.01666398147408648,,
DPF5,NSGA2deap,5,24,17,1.6105100000000003,0.0,0.019740780343464385,,
DPF5,NSGA2deap,5,24,18,1.610510000000001,0.0,0.01755498725717097,,
DPF5,NSGA2deap,5,24,19,1.61051,0.0,0.018566747855632493,,
DPF5,NSGA2deap,5,24,20,1.6105100000000014,0.0,0.01835741740363856,,
DPF5,NSGA2deap,5,24,21,1.6105096974500617,0.0,0.023783765244016306,,
DPF5,NSGA2deap,5,24,22,1.6105100000000012,0.0,0.01590309480063437,,
DPF5,NSGA2deap,5,24,23,1.6105099284278008,0.0,0.02058235165681141,,
DPF5,NSGA2deap,5,24,24,1.6105100000000008,0.0,0.016805655385246254,,
DPF5,NSGA2deap,5,24,25,1.6105099998885364,0.0,0.01923118566033303,,
DPF5,NSGA2deap,5,24,26,1.610510000000001,0.0,0.015731652741602316,,
DPF5,NSGA2deap,5,24,27,1.606000758307757,0.011533383775059957,0.0634924178593921,,
DPF5,NSGA2deap,5,24,28,1.610509999999993,0.0,0.017488770451498516,,
DPF5,NSGA2deap,5,24,29,1.6105099609410605,0.0,0.01857057051124265,,
DPF5,NSGA2deap,5,24,30,1.6105099999999606,0.0,0.02009019789642119,,
DPF4,NSGA2deap,3,22,1,1.2129443807104385,0.0007854628913754688,0.003437596070041982,,
DPF4,NSGA2deap,3,22,2,1.2124161995398954,0.0010472144362140205,0.003414971240918051,,
DPF4,NSGA2deap,3,22,3,1.2123836582304761,0.001038647226874442,0.0033080975111117175,,
DPF4,NSGA2deap,3,22,4,1.2125179333453728,0.0009654567133965951,0.003271708476904925,,
DPF4,NSGA2deap,3,22,5,1.212428630587064,0.0010168032876032675,0.0032980683392458145,,
DPF4,NSGA2deap,3,22,6,1.2125760199411695,0.0009593477222641517,0.0035800699784195177,,
DPF4,NSGA2deap,3,22,7,1.2128091338130251,0.0008384410337182808,0.0033687752549365953,,
DPF4,NSGA2deap,3,22,8,1.2119504866423152,0.0012326275794635275,0.0034072170105037534,,
DPF4,NSGA2deap,3,22,9,1.2119990294679894,0.0011956259009786186,0.0034863708198529563,,
DPF4,NSGA2deap,3,22,10,1.2126648934815245,0.0009046939266275591,0.003469533811905077,,
DPF4,NSGA2deap,3,22,11,1.2128905587271002,0.0008099664739851835,0.003343667232910303,,
DPF4,NSGA2deap,3,22,12,1.2123084762876655,0.001101972428344015,0.003502367761419107,,
DPF4,NSGA2deap,3,22,13,1.2124307705964035,0.0010346168811240842,0.0035278489764439544,,
DPF4,NSGA2deap,3,22,14,1.211975315474119,0.0012160715486369165,0.003541302032723195,,
DPF4,NSGA2deap,3,22,15,1.2120732674001249,0.0011614074068230693,0.0035281653231289925,,
DPF4,NSGA2deap,3,22,16,1.2128947332090565,0.0008246059486128109,0.0033476629191905626,,
DPF4,NSGA2deap,3,22,17,1.2127071182741935,0.0009076130334113503,0.003367484238517747,,
DPF4,NSGA2deap,3,22,18,1.2124571762239431,0.0010097441739448146,0.003414830077263563,,
DPF4,NSGA2deap,3,22,19,1.212189390771072,0.0011137579793827036,0.0032981804708575617,,
DPF4,NSGA2deap,3,22,20,1.2120945923333926,0.001182108266683357,0.003561651835629328,,
DPF4,NSGA2deap,3,22,21,1.2123671592710936,0.0010442640755372293,0.003242026332927182,,
DPF4,NSGA2deap,3,22,22,1.2122795635806267,0.0010954115438764755,0.003406565707684203,,
DPF4,NSGA2deap,3,22,23,1.2128886600167226,0.0008280140219399926,0.003591598600567822,,
DPF4,NSGA2deap,3,22,24,1.2126852184892138,0.00089284913774637,0.003273681702732178,,
DPF4,NSGA2deap,3,22,25,1.2123605198635357,0.001055703510157115,0.003306771575301511,,
DPF4,NSGA2deap,3,22,26,1.2122519922012547,0.0011328270344957375,0.0035155681379110864,,
DPF4,NSGA2deap,3,22,27,1.212727222925027,0.0009004665773876799,0.0033233453756153926,,
DPF4,NSGA2deap,3,22,28,1.2125462660495425,0.0009522445889678637,0.0032713360455094284,,
DPF4,NSGA2deap,3,22,29,1.2126454034300194,0.0009460164708340252,0.0036888365633794933,,
DPF4,NSGA2deap,3,22,30,1.213216335193227,0.0006621141273642904,0.003376825771939,,
DPF4,MEAMT-ENXUTO,3,22,1,1.1102847067938826,0.05584780999633593,0.005750062761042493,,
DPF4,MEAMT-ENXUTO,3,22,2,1.170767719027053,0.021534584126136215,0.00963382260458058,,
DPF4,MEAMT-ENXUTO,3,22,3,1.1603806534492433,0.026090488113673704,0.008632231740455657,,
DPF4,MEAMT-ENXUTO,3,22,4,1.1676397654039818,0.023666646811989087,0.02008093408901068,,
DPF4,MEAMT-ENXUTO,3,22,5,1.1722267113492524,0.021130132603505995,0.004595253753090836,,
DPF4,MEAMT-ENXUTO,3,22,6,1.1807770125070096,0.016096801171963007,0.004207701692915789,,
DPF4,MEAMT-ENXUTO,3,22,7,1.1751694137366926,0.01969952281612629,0.0054220721988246815,,
DPF4,MEAMT-ENXUTO,3,22,8,1.1672550109056368,0.024095421712395038,0.006190059158106847,,
DPF4,MEAMT-ENXUTO,3,22,9,0.3328685433315222,0.5439198807858528,0.01205026057827767,,
DPF4,MEAMT-ENXUTO,3,22,10,1.118865404114615,0.05124964377295703,0.009238384921442593,,
DPF4,MEAMT-ENXUTO,3,22,11,1.0947235201853889,0.06592278618493645,0.006417308984112064,,
DPF4,MEAMT-ENXUTO,3,22,12,1.10967229547287,0.05618977966994842,0.005918576561732739,,
DPF4,MEAMT-ENXUTO,3,22,13,1.1345294940137525,0.03926452305056995,0.01664947103024442,,
DPF4,MEAMT-ENXUTO,3,22,14,1.096403596056859,0.06413803266592591,0.007415557375258869,,
DPF4,MEAMT-ENXUTO,3,22,15,1.1683185546512365,0.02266609328410772,0.004230888599341511,,
DPF4,MEAMT-ENXUTO,3,22,16,1.1563023858030441,0.03028102190475298,0.00620784767529607,,
DPF4,MEAMT-ENXUTO,3,22,17,1.1660485930300952,0.02371463654122036,0.007113989533786407,,
DPF4,MEAMT-ENXUTO,3,22,18,1.1373343699805119,0.04146251800389396,0.005983031244769538,,
DPF4,MEAMT-ENXUTO,3,22,19,0.2424339442000698,0.5946001381108839,0.016996160717789054,,
DPF4,MEAMT-ENXUTO,3,22,20,1.1359003274409238,0.03935029294224862,0.005479735565983167,,
DPF4,MEAMT-ENXUTO,3,22,21,1.1811280051600146,0.01626974282209437,0.005013681867107862,,
DPF4,MEAMT-ENXUTO,3,22,22,1.1754367079246026,0.019559924858236207,0.006304311211382906,,
DPF4,MEAMT-ENXUTO,3,22,23,1.0334051329935707,0.10125914118000348,0.007087083372745828,,
DPF4,MEAMT-ENXUTO,3,22,24,1.1672559235241164,0.022379797758897653,0.019854735421529584,,
DPF4,MEAMT-ENXUTO,3,22,25,1.1640811552026518,0.025193302119191453,0.0064183009452791345,,
DPF4,MEAMT-ENXUTO,3,22,26,1.1244172420490048,0.04833165667494336,0.006481783691550888,,
DPF4,MEAMT-ENXUTO,3,22,27,1.1336749541173168,0.0419345138088254,0.01074021209759042,,
DPF4,MEAMT-ENXUTO,3,22,28,1.1489714532175272,0.03418827143391348,0.004949443631906149,,
DPF4,MEAMT-ENXUTO,3,22,29,1.136471698634336,0.04082007342140288,0.009521332700708192,,
DPF4,MEAMT-ENXUTO,3,22,30,1.1554327343910016,0.03002481372873182,0.0048306378390381615,,
DPF4,MEAMT,3,22,1,1.2013105530908255,0.006193771662831734,0.01984186823636456,,
DPF4,MEAMT,3,22,2,1.2013105530908255,0.006193771662831734,0.01984186823636456,,
DPF4,MEAMT,3,22,3,1.2013105530908255,0.006193771662831734,0.01984186823636456,,
DPF4,MEAMT,3,22,4,1.2013105530908255,0.006193771662831734,0.01984186823636456,,
DPF4,MEAMT,3,22,5,1.2013105530908255,0.006193771662831734,0.01984186823636456,,
DPF4,MEAMT,3,22,6,1.2013105530908255,0.006193771662831734,0.01984186823636456,,
DPF4,MEAMT,3,22,7,1.2013105530908255,0.006193771662831734,0.01984186823636456,,
DPF4,MEAMT,3,22,8,1.2013105530908255,0.006193771662831734,0.01984186823636456,,
DPF4,MEAMT,3,22,9,1.2013105530908255,0.006193771662831734,0.01984186823636456,,
DPF4,MEAMT,3,22,10,1.2013105530908255,0.006193771662831734,0.01984186823636456,,
DPF4,MEAMT,3,22,11,1.2013105530908255,0.006193771662831734,0.01984186823636456,,
DPF4,MEAMT,3,22,12,1.2013105530908255,0.006193771662831734,0.01984186823636456,,
DPF4,MEAMT,3,22,13,1.2013105530908255,0.006193771662831734,0.01984186823636456,,
DPF4,MEAMT,3,22,14,1.2013105530908255,0.006193771662831734,0.01984186823636456,,
DPF4,MEAMT,3,22,15,1.2013105530908255,0.006193771662831734,0.01984186823636456,,
DPF4,MEAMT,3,22,16,1.2013105530908255,0.006193771662831734,0.01984186823636456,,
DPF4,MEAMT,3,22,17,1.2013105530908255,0.006193771662831734,0.01984186823636456,,
DPF4,MEAMT,3,22,18,1.2013105530908255,0.006193771662831734,0.01984186823636456,,
DPF4,MEAMT,3,22,19,1.2013105530908255,0.006193771662831734,0.01984186823636456,,
DPF4,MEAMT,3,22,20,1.2013105530908255,0.006193771662831734,0.01984186823636456,,
DPF4,MEAMT,3,22,21,1.2013105530908255,0.006193771662831734,0.01984186823636456,,
DPF4,MEAMT,3,22,22,1.2013105530908255,0.006193771662831734,0.01984186823636456,,
DPF4,MEAMT,3,22,23,1.2013105530908255,0.006193771662831734,0.01984186823636456,,
DPF4,MEAMT,3,22,24,1.2013105530908255,0.006193771662831734,0.01984186823636456,,
DPF4,MEAMT,3,22,25,1.2013105530908255,0.006193771662831734,0.01984186823636456,,
DPF4,MEAMT,3,22,26,1.2013105530908255,0.006193771662831734,0.01984186823636456,,
DPF4,MEAMT,3,22,27,1.2013105530908255,0.006193771662831734,0.01984186823636456,,
DPF4,MEAMT,3,22,28,1.2013105530908255,0.006193771662831734,0.01984186823636456,,
DPF4,MEAMT,3,22,29,1.2013105530908255,0.006193771662831734,0.01984186823636456,,
DPF4,MEAMT,3,22,30,1.2013105530908255,0.006193771662831734,0.01984186823636456,,
DPF4,NSGA3,3,22,1,0.4263086166360461,0.4895731600995632,0.1176113139291008,,
DPF4,NSGA3,3,22,2,,0.0,0.0,,
DPF4,NSGA3,3,22,3,0.04786555358134464,1.0322692300273393,0.04652653336874467,,
DPF4,NSGA3,3,22,4,,0.0,0.0,,
DPF4,NSGA3,3,22,5,,0.0,0.0,,
DPF4,NSGA3,3,22,6,,0.0,0.0,,
DPF4,NSGA3,3,22,7,,0.0,0.0,,
DPF4,NSGA3,3,22,8,,0.0,0.0,,
DPF4,NSGA3,3,22,9,,0.0,0.0,,
DPF4,NSGA3,3,22,10,0.42950482205260404,0.48724821975992455,0.11701253509624479,,
DPF4,NSGA3,3,22,11,0.19511827762623107,0.9091138313985271,0.004390144921493187,,
DPF4,NSGA3,3,22,12,,0.0,0.0,,
DPF4,NSGA3,3,22,13,,0.0,0.0,,
DPF4,NSGA3,3,22,14,0.047789782918010754,1.0332049128192937,0.046825340320662726,,
DPF4,NSGA3,3,22,15,,0.0,0.0,,
DPF4,NSGA3,3,22,16,,0.0,0.0,,
DPF4,NSGA3,3,22,17,,0.0,0.0,,
DPF4,NSGA3,3,22,18,,0.0,0.0,,
DPF4,NSGA3,3,22,19,0.04766888334540006,1.0345893475046657,0.04991850628613766,,
DPF4,NSGA3,3,22,20,,0.0,0.0,,
DPF4,NSGA3,3,22,21,1.2005167107839823,0.006634911184905392,0.08704680951526562,,
DPF4,NSGA3,3,22,22,0.04672642294524726,1.0445558270602484,0.049376823473462485,,
DPF4,NSGA3,3,22,23,1.1963316785941203,0.00836886943463449,0.08834855867656186,,
DPF4,NSGA3,3,22,24,,0.0,0.0,,
DPF4,NSGA3,3,22,25,0.43290483506249194,0.48277331957151776,0.12406991312620833,,
DPF4,NSGA3,3,22,26,0.04792873836444746,1.0314901715467826,0.044811858390338494,,
DPF4,NSGA3,3,22,27,0.04786956313551779,1.0322538147191562,0.04603295286235163,,
DPF4,NSGA3,3,22,28,0.046147498235968455,1.051309289064782,0.048455880058197155,,
DPF4,NSGA3,3,22,29,,0.0,0.0,,
DPF4,NSGA3,3,22,30,0.42950466625449846,0.4873787427783139,0.11735344737952055,,
DPF4,MOEAD,3,22,1,,0.0,0.0,,
DPF4,MOEAD,3,22,2,,0.0,0.0,,
DPF4,MOEAD,3,22,3,,0.0,0.0,,
DPF4,MOEAD,3,22,4,,0.0,0.0,,
DPF4,MOEAD,3,22,5,,0.0,0.0,,
DPF4,MOEAD,3,22,6,,0.0,0.0,,
DPF4,MOEAD,3,22,7,,0.0,0.0,,
DPF4,MOEAD,3,22,8,,0.0,0.0,,
DPF4,MOEAD,3,22,9,,0.0,0.0,,
DPF4,MOEAD,3,22,10,,0.0,0.0,,
DPF4,MOEAD,3,22,11,,0.0,0.0,,
DPF4,MOEAD,3,22,12,,0.0,0.0,,
DPF4,MOEAD,3,22,13,,0.0,0.0,,
DPF4,MOEAD,3,22,14,,0.0,0.0,,
DPF4,MOEAD,3,22,15,,0.0,0.0,,
DPF4,MOEAD,3,22,16,,0.0,0.0,,
DPF4,MOEAD,3,22,17,,0.0,0.0,,
DPF4,MOEAD,3,22,18,,0.0,0.0,,
DPF4,MOEAD,3,22,19,,0.0,0.0,,
DPF4,MOEAD,3,22,20,,0.0,0.0,,
DPF4,MOEAD,3,22,21,,0.0,0.0,,
DPF4,MOEAD,3,22,22,,0.0,0.0,,
DPF4,MOEAD,3,22,23,,0.0,0.0,,
DPF4,MOEAD,3,22,24,,0.0,0.0,,
DPF4,MOEAD,3,22,25,,0.0,0.0,,
DPF4,MOEAD,3,22,26,,0.0,0.0,,
DPF4,MOEAD,3,22,27,,0.0,0.0,,
DPF4,MOEAD,3,22,28,,0.0,0.0,,
DPF4,MOEAD,3,22,29,,0.0,0.0,,
DPF4,MOEAD,3,22,30,,0.0,0.0,,
